0,0.0,0.0,0.0,0.0,0.0,0.0,0.0,0.0,0.0,0.0,0.0,0.0,0.0,0.0,0.0,0.0,0.0,0.0,0.0,0.0,0.0,0.0,0.0,0.0,0.0,0.0,0.0,0.0,0.0,0.0,0.0,0.0,0.0,0.0,0.0,0.0,0.0,0.0,0.0,0.0,0.0,0.0,0.0,0.0,0.18055555555555555,-0.125,0.3055555555555556,-0.2824074074074074,0.3287037037037037,-0.4537037037037037,0.22685185185185186,-0.5231481481481481,0.25925925925925924,-0.4027777777777778,0.1388888888888889,-0.5879629629629629,0.08333333333333333,-0.5370370370370371,0.08796296296296297,-0.4583333333333333,0.1111111111111111,-0.4166666666666667,0.041666666666666664,-0.7083333333333334,0.013888888888888888,-0.8796296296296297,0.0,-1.0,-0.032407407407407406,-0.39814814814814814,-0.0787037037037037,-0.5833333333333334,-0.07407407407407407,-0.5046296296296297,-0.06018518518518518,-0.42592592592592593,-0.16203703703703703,-0.3425925925925926,-0.1712962962962963,-0.5138888888888888,-0.16203703703703703,-0.4444444444444444,-0.14814814814814814,-0.375
0,0.0,0.0,0.0,0.0,0.0,0.0,0.0,0.0,0.0,0.0,0.0,0.0,0.0,0.0,0.0,0.0,0.0,0.0,0.0,0.0,0.0,0.0,0.0,0.0,0.0,0.0,0.0,0.0,0.0,0.0,0.0,0.0,0.0,0.0,0.0,0.0,0.0,0.0,0.0,0.0,0.0,0.0,0.0,0.0,0.17674418604651163,-0.13488372093023257,0.31627906976744186,-0.27906976744186046,0.34418604651162793,-0.4511627906976744,0.2372093023255814,-0.5255813953488372,0.24651162790697675,-0.4,0.13488372093023257,-0.5906976744186047,0.08837209302325581,-0.5395348837209303,0.08372093023255814,-0.4558139534883721,0.10232558139534884,-0.4232558139534884,0.037209302325581395,-0.7162790697674418,0.004651162790697674,-0.8883720930232558,-0.009302325581395349,-1.0,-0.04186046511627907,-0.4,-0.06976744186046512,-0.5906976744186047,-0.06976744186046512,-0.5023255813953489,-0.05581395348837209,-0.4186046511627907,-0.17209302325581396,-0.3488372093023256,-0.17209302325581396,-0.5209302325581395,-0.16279069767441862,-0.44651162790697674,-0.15348837209302327,-0.3767441860465116
0,0.0,0.0,0.0,0.0,0.0,0.0,0.0,0.0,0.0,0.0,0.0,0.0,0.0,0.0,0.0,0.0,0.0,0.0,0.0,0.0,0.0,0.0,0.0,0.0,0.0,0.0,0.0,0.0,0.0,0.0,0.0,0.0,0.0,0.0,0.0,0.0,0.0,0.0,0.0,0.0,0.0,0.0,0.0,0.0,0.16744186046511628,-0.13023255813953488,0.30697674418604654,-0.2744186046511628,0.34418604651162793,-0.44651162790697674,0.24186046511627907,-0.5209302325581395,0.2372093023255814,-0.4,0.13023255813953488,-0.5906976744186047,0.08372093023255814,-0.5395348837209303,0.07906976744186046,-0.4558139534883721,0.09302325581395349,-0.413953488372093,0.03255813953488372,-0.7116279069767442,0.0,-0.8837209302325582,-0.009302325581395349,-1.0,-0.046511627906976744,-0.3953488372093023,-0.07441860465116279,-0.586046511627907,-0.07441860465116279,-0.5069767441860465,-0.06046511627906977,-0.4232558139534884,-0.17209302325581396,-0.3488372093023256,-0.17209302325581396,-0.5162790697674419,-0.16279069767441862,-0.4418604651162791,-0.15348837209302327,-0.37209302325581395
0,0.0,0.0,0.0,0.0,0.0,0.0,0.0,0.0,0.0,0.0,0.0,0.0,0.0,0.0,0.0,0.0,0.0,0.0,0.0,0.0,0.0,0.0,0.0,0.0,0.0,0.0,0.0,0.0,0.0,0.0,0.0,0.0,0.0,0.0,0.0,0.0,0.0,0.0,0.0,0.0,0.0,0.0,0.0,0.0,0.17370892018779344,-0.1267605633802817,0.30985915492957744,-0.27230046948356806,0.3427230046948357,-0.4460093896713615,0.23943661971830985,-0.5211267605633803,0.23943661971830985,-0.40375586854460094,0.1267605633802817,-0.5915492957746479,0.07981220657276995,-0.5446009389671361,0.08450704225352113,-0.45539906103286387,0.09859154929577464,-0.41784037558685444,0.028169014084507043,-0.7136150234741784,0.0,-0.8826291079812206,-0.009389671361502348,-1.0,-0.04225352112676056,-0.39906103286384975,-0.07511737089201878,-0.5868544600938967,-0.07511737089201878,-0.5023474178403756,-0.06103286384976526,-0.41784037558685444,-0.17370892018779344,-0.3474178403755869,-0.17370892018779344,-0.5211267605633803,-0.1643192488262911,-0.4460093896713615,-0.15492957746478872,-0.37089201877934275
0,0.0,0.0,0.0,0.0,0.0,0.0,0.0,0.0,0.0,0.0,0.0,0.0,0.0,0.0,0.0,0.0,0.0,0.0,0.0,0.0,0.0,0.0,0.0,0.0,0.0,0.0,0.0,0.0,0.0,0.0,0.0,0.0,0.0,0.0,0.0,0.0,0.0,0.0,0.0,0.0,0.0,0.0,0.0,0.0,0.16901408450704225,-0.1267605633802817,0.30985915492957744,-0.27230046948356806,0.3427230046948357,-0.4460093896713615,0.23943661971830985,-0.5211267605633803,0.23943661971830985,-0.40375586854460094,0.1267605633802817,-0.5915492957746479,0.08450704225352113,-0.539906103286385,0.08450704225352113,-0.45539906103286387,0.09859154929577464,-0.41784037558685444,0.028169014084507043,-0.7136150234741784,0.0,-0.8826291079812206,-0.009389671361502348,-1.0,-0.04225352112676056,-0.39906103286384975,-0.07511737089201878,-0.5868544600938967,-0.07511737089201878,-0.5023474178403756,-0.06103286384976526,-0.41784037558685444,-0.17370892018779344,-0.3474178403755869,-0.17370892018779344,-0.5211267605633803,-0.1643192488262911,-0.4460093896713615,-0.15492957746478872,-0.37089201877934275
0,0.0,0.0,0.0,0.0,0.0,0.0,0.0,0.0,0.0,0.0,0.0,0.0,0.0,0.0,0.0,0.0,0.0,0.0,0.0,0.0,0.0,0.0,0.0,0.0,0.0,0.0,0.0,0.0,0.0,0.0,0.0,0.0,0.0,0.0,0.0,0.0,0.0,0.0,0.0,0.0,0.0,0.0,0.0,0.0,0.1784037558685446,-0.1267605633802817,0.3145539906103286,-0.27230046948356806,0.3474178403755869,-0.4460093896713615,0.24413145539906103,-0.5211267605633803,0.24882629107981222,-0.40375586854460094,0.13615023474178403,-0.5915492957746479,0.0892018779342723,-0.539906103286385,0.0892018779342723,-0.45539906103286387,0.10328638497652583,-0.41784037558685444,0.03755868544600939,-0.7136150234741784,0.004694835680751174,-0.8873239436619719,-0.004694835680751174,-1.0,-0.03755868544600939,-0.39906103286384975,-0.07042253521126761,-0.5868544600938967,-0.07042253521126761,-0.5023474178403756,-0.056338028169014086,-0.41784037558685444,-0.16901408450704225,-0.3474178403755869,-0.16901408450704225,-0.5258215962441315,-0.1596244131455399,-0.4460093896713615,-0.15023474178403756,-0.37089201877934275
0,0.0,0.0,0.0,0.0,0.0,0.0,0.0,0.0,0.0,0.0,0.0,0.0,0.0,0.0,0.0,0.0,0.0,0.0,0.0,0.0,0.0,0.0,0.0,0.0,0.0,0.0,0.0,0.0,0.0,0.0,0.0,0.0,0.0,0.0,0.0,0.0,0.0,0.0,0.0,0.0,0.0,0.0,0.0,0.0,0.1784037558685446,-0.11267605633802817,0.3286384976525822,-0.25821596244131456,0.3568075117370892,-0.431924882629108,0.26291079812206575,-0.5117370892018779,0.22065727699530516,-0.39436619718309857,0.13615023474178403,-0.5915492957746479,0.10328638497652583,-0.539906103286385,0.10328638497652583,-0.45539906103286387,0.07042253521126761,-0.4084507042253521,0.03286384976525822,-0.704225352112676,0.014084507042253521,-0.8779342723004695,0.009389671361502348,-1.0,-0.06572769953051644,-0.38967136150234744,-0.06103286384976526,-0.5727699530516432,-0.056338028169014086,-0.5023474178403756,-0.046948356807511735,-0.4225352112676056,-0.18779342723004694,-0.3474178403755869,-0.1596244131455399,-0.5164319248826291,-0.15023474178403756,-0.4460093896713615,-0.14084507042253522,-0.3755868544600939
0,0.0,0.0,0.0,0.0,0.0,0.0,0.0,0.0,0.0,0.0,0.0,0.0,0.0,0.0,0.0,0.0,0.0,0.0,0.0,0.0,0.0,0.0,0.0,0.0,0.0,0.0,0.0,0.0,0.0,0.0,0.0,0.0,0.0,0.0,0.0,0.0,0.0,0.0,0.0,0.0,0.0,0.0,0.0,0.0,0.18095238095238095,-0.10952380952380952,0.32857142857142857,-0.24761904761904763,0.36666666666666664,-0.41904761904761906,0.2904761904761905,-0.5095238095238095,0.20476190476190476,-0.40476190476190477,0.14761904761904762,-0.5952380952380952,0.11904761904761904,-0.5428571428571428,0.11904761904761904,-0.4523809523809524,0.06190476190476191,-0.4142857142857143,0.0380952380952381,-0.7,0.023809523809523808,-0.8809523809523809,0.014285714285714285,-1.0,-0.0761904761904762,-0.3952380952380952,-0.06190476190476191,-0.5714285714285714,-0.05238095238095238,-0.5047619047619047,-0.047619047619047616,-0.42857142857142855,-0.19523809523809524,-0.3476190476190476,-0.15714285714285714,-0.5142857142857142,-0.14285714285714285,-0.4523809523809524,-0.1380952380952381,-0.3761904761904762
0,0.0,0.0,0.0,0.0,0.0,0.0,0.0,0.0,0.0,0.0,0.0,0.0,0.0,0.0,0.0,0.0,0.0,0.0,0.0,0.0,0.0,0.0,0.0,0.0,0.0,0.0,0.0,0.0,0.0,0.0,0.0,0.0,0.0,0.0,0.0,0.0,0.0,0.0,0.0,0.0,0.0,0.0,0.0,0.0,0.18660287081339713,-0.10526315789473684,0.3397129186602871,-0.2535885167464115,0.36363636363636365,-0.4354066985645933,0.2679425837320574,-0.5215311004784688,0.215311004784689,-0.4019138755980861,0.15789473684210525,-0.5980861244019139,0.12440191387559808,-0.5454545454545454,0.11961722488038277,-0.45454545454545453,0.06698564593301436,-0.42105263157894735,0.04784688995215311,-0.7033492822966507,0.028708133971291867,-0.8803827751196173,0.019138755980861243,-1.0,-0.06698564593301436,-0.4019138755980861,-0.05741626794258373,-0.5789473684210527,-0.04784688995215311,-0.5119617224880383,-0.0430622009569378,-0.430622009569378,-0.18660287081339713,-0.36363636363636365,-0.15789473684210525,-0.5167464114832536,-0.13875598086124402,-0.45454545454545453,-0.1339712918660287,-0.3827751196172249
0,0.0,0.0,0.0,0.0,0.0,0.0,0.0,0.0,0.0,0.0,0.0,0.0,0.0,0.0,0.0,0.0,0.0,0.0,0.0,0.0,0.0,0.0,0.0,0.0,0.0,0.0,0.0,0.0,0.0,0.0,0.0,0.0,0.0,0.0,0.0,0.0,0.0,0.0,0.0,0.0,0.0,0.0,0.0,0.0,0.18181818181818182,-0.10047846889952153,0.3349282296650718,-0.24880382775119617,0.3588516746411483,-0.4258373205741627,0.2679425837320574,-0.5167464114832536,0.215311004784689,-0.4019138755980861,0.14832535885167464,-0.5933014354066986,0.11483253588516747,-0.5406698564593302,0.11483253588516747,-0.45454545454545453,0.06698564593301436,-0.41626794258373206,0.03827751196172249,-0.7033492822966507,0.023923444976076555,-0.8803827751196173,0.014354066985645933,-1.0,-0.07177033492822966,-0.39712918660287083,-0.06698564593301436,-0.569377990430622,-0.05741626794258373,-0.5023923444976076,-0.05263157894736842,-0.4258373205741627,-0.19138755980861244,-0.35406698564593303,-0.16267942583732056,-0.507177033492823,-0.14832535885167464,-0.4449760765550239,-0.14354066985645933,-0.37320574162679426
0,0.0,0.0,0.0,0.0,0.0,0.0,0.0,0.0,0.0,0.0,0.0,0.0,0.0,0.0,0.0,0.0,0.0,0.0,0.0,0.0,0.0,0.0,0.0,0.0,0.0,0.0,0.0,0.0,0.0,0.0,0.0,0.0,0.0,0.0,0.0,0.0,0.0,0.0,0.0,0.0,0.0,0.0,0.0,0.0,0.18269230769230768,-0.10096153846153846,0.33653846153846156,-0.24519230769230768,0.36538461538461536,-0.4230769230769231,0.27884615384615385,-0.5096153846153846,0.21634615384615385,-0.40384615384615385,0.14903846153846154,-0.5961538461538461,0.11538461538461539,-0.5432692307692307,0.11538461538461539,-0.4519230769230769,0.0673076923076923,-0.4182692307692308,0.038461538461538464,-0.7067307692307693,0.019230769230769232,-0.8846153846153846,0.009615384615384616,-1.0,-0.07211538461538461,-0.40384615384615385,-0.0625,-0.5721153846153846,-0.057692307692307696,-0.5,-0.052884615384615384,-0.4230769230769231,-0.19230769230769232,-0.3605769230769231,-0.16346153846153846,-0.5096153846153846,-0.14903846153846154,-0.4423076923076923,-0.14423076923076922,-0.375
0,0.0,0.0,0.0,0.0,0.0,0.0,0.0,0.0,0.0,0.0,0.0,0.0,0.0,0.0,0.0,0.0,0.0,0.0,0.0,0.0,0.0,0.0,0.0,0.0,0.0,0.0,0.0,0.0,0.0,0.0,0.0,0.0,0.0,0.0,0.0,0.0,0.0,0.0,0.0,0.0,0.0,0.0,0.0,0.0,0.21153846153846154,-0.057692307692307696,0.39903846153846156,-0.1778846153846154,0.4375,-0.36538461538461536,0.3269230769230769,-0.46153846153846156,0.20192307692307693,-0.35096153846153844,0.21634615384615385,-0.6105769230769231,0.20673076923076922,-0.5336538461538461,0.18269230769230768,-0.42788461538461536,0.04326923076923077,-0.3894230769230769,0.0625,-0.7019230769230769,0.08173076923076923,-0.875,0.08173076923076923,-1.0,-0.08653846153846154,-0.3942307692307692,0.019230769230769232,-0.5865384615384616,0.04326923076923077,-0.5336538461538461,0.028846153846153848,-0.4567307692307692,-0.1778846153846154,-0.3798076923076923,-0.0625,-0.5336538461538461,-0.03365384615384615,-0.49038461538461536,-0.04326923076923077,-0.4230769230769231
0,0.0,0.0,0.0,0.0,0.0,0.0,0.0,0.0,0.0,0.0,0.0,0.0,0.0,0.0,0.0,0.0,0.0,0.0,0.0,0.0,0.0,0.0,0.0,0.0,0.0,0.0,0.0,0.0,0.0,0.0,0.0,0.0,0.0,0.0,0.0,0.0,0.0,0.0,0.0,0.0,0.0,0.0,0.0,0.0,0.21739130434782608,-0.057971014492753624,0.40096618357487923,-0.18357487922705315,0.4396135265700483,-0.37681159420289856,0.32367149758454106,-0.46859903381642515,0.2028985507246377,-0.357487922705314,0.23671497584541062,-0.6038647342995169,0.22705314009661837,-0.5265700483091788,0.2028985507246377,-0.41545893719806765,0.043478260869565216,-0.3961352657004831,0.07729468599033816,-0.6956521739130435,0.0821256038647343,-0.8695652173913043,0.07729468599033816,-1.0,-0.0821256038647343,-0.4057971014492754,0.024154589371980676,-0.5748792270531401,0.04830917874396135,-0.5217391304347826,0.033816425120772944,-0.4444444444444444,-0.178743961352657,-0.3961352657004831,-0.06280193236714976,-0.5265700483091788,-0.03864734299516908,-0.4830917874396135,-0.043478260869565216,-0.4106280193236715
0,0.0,0.0,0.0,0.0,0.0,0.0,0.0,0.0,0.0,0.0,0.0,0.0,0.0,0.0,0.0,0.0,0.0,0.0,0.0,0.0,0.0,0.0,0.0,0.0,0.0,0.0,0.0,0.0,0.0,0.0,0.0,0.0,0.0,0.0,0.0,0.0,0.0,0.0,0.0,0.0,0.0,0.0,0.0,0.0,0.22439024390243903,-0.05365853658536585,0.4097560975609756,-0.18048780487804877,0.44390243902439025,-0.375609756097561,0.32195121951219513,-0.4682926829268293,0.2048780487804878,-0.35609756097560974,0.23902439024390243,-0.6097560975609756,0.23414634146341465,-0.526829268292683,0.2146341463414634,-0.4146341463414634,0.04878048780487805,-0.3951219512195122,0.07317073170731707,-0.697560975609756,0.08292682926829269,-0.8731707317073171,0.07317073170731707,-1.0,-0.08292682926829269,-0.40487804878048783,0.024390243902439025,-0.5804878048780487,0.04390243902439024,-0.5219512195121951,0.02926829268292683,-0.44390243902439025,-0.18048780487804877,-0.3902439024390244,-0.06341463414634146,-0.526829268292683,-0.03902439024390244,-0.47804878048780486,-0.04878048780487805,-0.4097560975609756
0,0.0,0.0,0.0,0.0,0.0,0.0,0.0,0.0,0.0,0.0,0.0,0.0,0.0,0.0,0.0,0.0,0.0,0.0,0.0,0.0,0.0,0.0,0.0,0.0,0.0,0.0,0.0,0.0,0.0,0.0,0.0,0.0,0.0,0.0,0.0,0.0,0.0,0.0,0.0,0.0,0.0,0.0,0.0,0.0,0.22330097087378642,-0.05825242718446602,0.4029126213592233,-0.18446601941747573,0.4368932038834951,-0.3737864077669903,0.32524271844660196,-0.470873786407767,0.20388349514563106,-0.3592233009708738,0.23300970873786409,-0.6116504854368932,0.23300970873786409,-0.529126213592233,0.21359223300970873,-0.4174757281553398,0.043689320388349516,-0.3932038834951456,0.07281553398058252,-0.6941747572815534,0.0825242718446602,-0.8689320388349514,0.07766990291262135,-1.0,-0.08737864077669903,-0.4029126213592233,0.019417475728155338,-0.5825242718446602,0.043689320388349516,-0.5242718446601942,0.024271844660194174,-0.45145631067961167,-0.1796116504854369,-0.3883495145631068,-0.06796116504854369,-0.5339805825242718,-0.043689320388349516,-0.4854368932038835,-0.05339805825242718,-0.4174757281553398
0,0.0,0.0,0.0,0.0,0.0,0.0,0.0,0.0,0.0,0.0,0.0,0.0,0.0,0.0,0.0,0.0,0.0,0.0,0.0,0.0,0.0,0.0,0.0,0.0,0.0,0.0,0.0,0.0,0.0,0.0,0.0,0.0,0.0,0.0,0.0,0.0,0.0,0.0,0.0,0.0,0.0,0.0,0.0,0.0,0.22439024390243903,-0.05853658536585366,0.40487804878048783,-0.18048780487804877,0.43902439024390244,-0.36585365853658536,0.32682926829268294,-0.4634146341463415,0.2048780487804878,-0.35609756097560974,0.23414634146341465,-0.6097560975609756,0.23414634146341465,-0.526829268292683,0.2097560975609756,-0.4146341463414634,0.04390243902439024,-0.3951219512195122,0.07317073170731707,-0.6926829268292682,0.08292682926829269,-0.8682926829268293,0.07317073170731707,-1.0,-0.08780487804878048,-0.4,0.01951219512195122,-0.5804878048780487,0.04390243902439024,-0.5219512195121951,0.02926829268292683,-0.44878048780487806,-0.18048780487804877,-0.3902439024390244,-0.06829268292682927,-0.5317073170731708,-0.03902439024390244,-0.48292682926829267,-0.04878048780487805,-0.4146341463414634
0,0.0,0.0,0.0,0.0,0.0,0.0,0.0,0.0,0.0,0.0,0.0,0.0,0.0,0.0,0.0,0.0,0.0,0.0,0.0,0.0,0.0,0.0,0.0,0.0,0.0,0.0,0.0,0.0,0.0,0.0,0.0,0.0,0.0,0.0,0.0,0.0,0.0,0.0,0.0,0.0,0.0,0.0,0.0,0.0,0.22439024390243903,-0.05853658536585366,0.4,-0.18048780487804877,0.43902439024390244,-0.36097560975609755,0.33170731707317075,-0.4585365853658537,0.2048780487804878,-0.36097560975609755,0.23414634146341465,-0.6097560975609756,0.22926829268292684,-0.526829268292683,0.2048780487804878,-0.4146341463414634,0.04390243902439024,-0.3951219512195122,0.07317073170731707,-0.697560975609756,0.08292682926829269,-0.8731707317073171,0.07317073170731707,-1.0,-0.08780487804878048,-0.40487804878048783,0.024390243902439025,-0.5804878048780487,0.04390243902439024,-0.5219512195121951,0.02926829268292683,-0.44878048780487806,-0.18048780487804877,-0.3902439024390244,-0.06829268292682927,-0.5317073170731708,-0.03902439024390244,-0.48292682926829267,-0.04878048780487805,-0.4146341463414634
0,0.0,0.0,0.0,0.0,0.0,0.0,0.0,0.0,0.0,0.0,0.0,0.0,0.0,0.0,0.0,0.0,0.0,0.0,0.0,0.0,0.0,0.0,0.0,0.0,0.0,0.0,0.0,0.0,0.0,0.0,0.0,0.0,0.0,0.0,0.0,0.0,0.0,0.0,0.0,0.0,0.0,0.0,0.0,0.0,0.21395348837209302,-0.07906976744186046,0.3813953488372093,-0.20930232558139536,0.40930232558139534,-0.3953488372093023,0.30697674418604654,-0.49767441860465117,0.1813953488372093,-0.37209302325581395,0.22325581395348837,-0.5953488372093023,0.2372093023255814,-0.5162790697674419,0.22790697674418606,-0.413953488372093,0.027906976744186046,-0.40930232558139534,0.06511627906976744,-0.7023255813953488,0.07441860465116279,-0.8697674418604651,0.06046511627906977,-1.0,-0.09302325581395349,-0.413953488372093,0.009302325581395349,-0.586046511627907,0.037209302325581395,-0.5302325581395348,0.018604651162790697,-0.4558139534883721,-0.1813953488372093,-0.3953488372093023,-0.06511627906976744,-0.5255813953488372,-0.037209302325581395,-0.4790697674418605,-0.04186046511627907,-0.4046511627906977
0,0.0,0.0,0.0,0.0,0.0,0.0,0.0,0.0,0.0,0.0,0.0,0.0,0.0,0.0,0.0,0.0,0.0,0.0,0.0,0.0,0.0,0.0,0.0,0.0,0.0,0.0,0.0,0.0,0.0,0.0,0.0,0.0,0.0,0.0,0.0,0.0,0.0,0.0,0.0,0.0,0.0,0.0,0.0,0.0,0.20952380952380953,-0.07142857142857142,0.37142857142857144,-0.19047619047619047,0.4095238095238095,-0.37142857142857144,0.30952380952380953,-0.47619047619047616,0.16666666666666666,-0.3761904761904762,0.21428571428571427,-0.6142857142857143,0.22857142857142856,-0.5285714285714286,0.20952380952380953,-0.41904761904761906,0.014285714285714285,-0.4095238095238095,0.05714285714285714,-0.7047619047619048,0.07142857142857142,-0.8714285714285714,0.06190476190476191,-1.0,-0.10952380952380952,-0.4095238095238095,0.004761904761904762,-0.5761904761904761,0.03333333333333333,-0.5238095238095238,0.014285714285714285,-0.44285714285714284,-0.19523809523809524,-0.3904761904761905,-0.0761904761904762,-0.5238095238095238,-0.047619047619047616,-0.47619047619047616,-0.05238095238095238,-0.40476190476190477
0,0.0,0.0,0.0,0.0,0.0,0.0,0.0,0.0,0.0,0.0,0.0,0.0,0.0,0.0,0.0,0.0,0.0,0.0,0.0,0.0,0.0,0.0,0.0,0.0,0.0,0.0,0.0,0.0,0.0,0.0,0.0,0.0,0.0,0.0,0.0,0.0,0.0,0.0,0.0,0.0,0.0,0.0,0.0,0.0,0.21256038647342995,-0.06763285024154589,0.37681159420289856,-0.18840579710144928,0.41545893719806765,-0.3671497584541063,0.3140096618357488,-0.47342995169082125,0.15942028985507245,-0.3719806763285024,0.21256038647342995,-0.6231884057971014,0.22705314009661837,-0.5410628019323671,0.2028985507246377,-0.42995169082125606,0.00966183574879227,-0.4057971014492754,0.06280193236714976,-0.7101449275362319,0.07729468599033816,-0.8792270531400966,0.06763285024154589,-1.0,-0.1111111111111111,-0.4057971014492754,0.00966183574879227,-0.5845410628019324,0.03864734299516908,-0.5314009661835749,0.01932367149758454,-0.4492753623188406,-0.19806763285024154,-0.391304347826087,-0.06763285024154589,-0.5265700483091788,-0.03864734299516908,-0.4782608695652174,-0.043478260869565216,-0.40096618357487923
0,0.0,0.0,0.0,0.0,0.0,0.0,0.0,0.0,0.0,0.0,0.0,0.0,0.0,0.0,0.0,0.0,0.0,0.0,0.0,0.0,0.0,0.0,0.0,0.0,0.0,0.0,0.0,0.0,0.0,0.0,0.0,0.0,0.0,0.0,0.0,0.0,0.0,0.0,0.0,0.0,0.0,0.0,0.0,0.0,0.21844660194174756,-0.06310679611650485,0.38349514563106796,-0.18446601941747573,0.41262135922330095,-0.3640776699029126,0.32038834951456313,-0.48058252427184467,0.16019417475728157,-0.36893203883495146,0.21359223300970873,-0.616504854368932,0.22330097087378642,-0.5339805825242718,0.20388349514563106,-0.4174757281553398,0.009708737864077669,-0.4029126213592233,0.06310679611650485,-0.7087378640776699,0.07766990291262135,-0.8786407766990292,0.06796116504854369,-1.0,-0.11165048543689321,-0.4077669902912621,0.014563106796116505,-0.587378640776699,0.043689320388349516,-0.529126213592233,0.024271844660194174,-0.45145631067961167,-0.19902912621359223,-0.3932038834951456,-0.06310679611650485,-0.529126213592233,-0.02912621359223301,-0.48058252427184467,-0.038834951456310676,-0.4077669902912621
0,0.0,0.0,0.0,0.0,0.0,0.0,0.0,0.0,0.0,0.0,0.0,0.0,0.0,0.0,0.0,0.0,0.0,0.0,0.0,0.0,0.0,0.0,0.0,0.0,0.0,0.0,0.0,0.0,0.0,0.0,0.0,0.0,0.0,0.0,0.0,0.0,0.0,0.0,0.0,0.0,0.0,0.0,0.0,0.0,0.21739130434782608,-0.06763285024154589,0.3864734299516908,-0.18840579710144928,0.41545893719806765,-0.3671497584541063,0.32367149758454106,-0.4782608695652174,0.1642512077294686,-0.37681159420289856,0.21739130434782608,-0.6183574879227053,0.2222222222222222,-0.5314009661835749,0.19806763285024154,-0.42028985507246375,0.00966183574879227,-0.4106280193236715,0.06280193236714976,-0.7101449275362319,0.07729468599033816,-0.8792270531400966,0.06763285024154589,-1.0,-0.1111111111111111,-0.41545893719806765,0.014492753623188406,-0.5893719806763285,0.03864734299516908,-0.5362318840579711,0.024154589371980676,-0.45410628019323673,-0.1932367149758454,-0.40096618357487923,-0.06280193236714976,-0.5314009661835749,-0.033816425120772944,-0.4830917874396135,-0.033816425120772944,-0.41545893719806765
0,0.0,0.0,0.0,0.0,0.0,0.0,0.0,0.0,0.0,0.0,0.0,0.0,0.0,0.0,0.0,0.0,0.0,0.0,0.0,0.0,0.0,0.0,0.0,0.0,0.0,0.0,0.0,0.0,0.0,0.0,0.0,0.0,0.0,0.0,0.0,0.0,0.0,0.0,0.0,0.0,0.0,0.0,0.0,0.0,0.1320754716981132,-0.14622641509433962,0.19811320754716982,-0.3160377358490566,0.12735849056603774,-0.4716981132075472,0.014150943396226415,-0.5235849056603774,0.25471698113207547,-0.4386792452830189,0.0660377358490566,-0.5943396226415094,0.009433962264150943,-0.5235849056603774,0.018867924528301886,-0.4528301886792453,0.16037735849056603,-0.4481132075471698,0.014150943396226415,-0.7311320754716981,-0.03773584905660377,-0.8773584905660378,-0.05660377358490566,-1.0,0.05660377358490566,-0.419811320754717,-0.14622641509433962,-0.5849056603773585,-0.15566037735849056,-0.4716981132075472,-0.10849056603773585,-0.39622641509433965,-0.05660377358490566,-0.3632075471698113,-0.20754716981132076,-0.49056603773584906,-0.20754716981132076,-0.39622641509433965,-0.16037735849056603,-0.33490566037735847
0,0.0,0.0,0.0,0.0,0.0,0.0,0.0,0.0,0.0,0.0,0.0,0.0,0.0,0.0,0.0,0.0,0.0,0.0,0.0,0.0,0.0,0.0,0.0,0.0,0.0,0.0,0.0,0.0,0.0,0.0,0.0,0.0,0.0,0.0,0.0,0.0,0.0,0.0,0.0,0.0,0.0,0.0,0.0,0.0,0.14018691588785046,-0.14018691588785046,0.19626168224299065,-0.29906542056074764,0.1308411214953271,-0.46261682242990654,0.02336448598130841,-0.5327102803738317,0.26635514018691586,-0.4392523364485981,0.08411214953271028,-0.6074766355140186,0.014018691588785047,-0.5373831775700935,0.014018691588785047,-0.4672897196261682,0.18691588785046728,-0.4485981308411215,0.03271028037383177,-0.7383177570093458,-0.02336448598130841,-0.8785046728971962,-0.04672897196261682,-1.0,0.08878504672897196,-0.4205607476635514,-0.12149532710280374,-0.5700934579439252,-0.14018691588785046,-0.46261682242990654,-0.09345794392523364,-0.397196261682243,-0.028037383177570093,-0.37850467289719625,-0.17757009345794392,-0.4766355140186916,-0.1822429906542056,-0.3925233644859813,-0.14018691588785046,-0.3364485981308411
0,0.0,0.0,0.0,0.0,0.0,0.0,0.0,0.0,0.0,0.0,0.0,0.0,0.0,0.0,0.0,0.0,0.0,0.0,0.0,0.0,0.0,0.0,0.0,0.0,0.0,0.0,0.0,0.0,0.0,0.0,0.0,0.0,0.0,0.0,0.0,0.0,0.0,0.0,0.0,0.0,0.0,0.0,0.0,0.0,0.14351851851851852,-0.1527777777777778,0.19907407407407407,-0.3101851851851852,0.14351851851851852,-0.4675925925925926,0.046296296296296294,-0.5462962962962963,0.2638888888888889,-0.4444444444444444,0.08333333333333333,-0.6157407407407407,0.009259259259259259,-0.5462962962962963,0.009259259259259259,-0.47685185185185186,0.19444444444444445,-0.4537037037037037,0.037037037037037035,-0.7407407407407407,-0.027777777777777776,-0.8796296296296297,-0.05092592592592592,-1.0,0.09259259259259259,-0.42592592592592593,-0.12037037037037036,-0.5740740740740741,-0.1388888888888889,-0.46296296296296297,-0.09259259259259259,-0.39351851851851855,-0.023148148148148147,-0.38425925925925924,-0.1712962962962963,-0.48148148148148145,-0.18055555555555555,-0.39351851851851855,-0.1388888888888889,-0.33796296296296297
0,0.0,0.0,0.0,0.0,0.0,0.0,0.0,0.0,0.0,0.0,0.0,0.0,0.0,0.0,0.0,0.0,0.0,0.0,0.0,0.0,0.0,0.0,0.0,0.0,0.0,0.0,0.0,0.0,0.0,0.0,0.0,0.0,0.0,0.0,0.0,0.0,0.0,0.0,0.0,0.0,0.0,0.0,0.0,0.0,0.14883720930232558,-0.15348837209302327,0.20465116279069767,-0.30697674418604654,0.15348837209302327,-0.46511627906976744,0.05116279069767442,-0.5395348837209303,0.26046511627906976,-0.44651162790697674,0.07906976744186046,-0.6186046511627907,0.009302325581395349,-0.5488372093023256,0.009302325581395349,-0.4790697674418605,0.18604651162790697,-0.4558139534883721,0.03255813953488372,-0.7441860465116279,-0.027906976744186046,-0.8837209302325582,-0.05116279069767442,-1.0,0.08372093023255814,-0.42790697674418604,-0.12558139534883722,-0.5767441860465117,-0.14418604651162792,-0.46511627906976744,-0.09767441860465116,-0.39069767441860465,-0.027906976744186046,-0.3767441860465116,-0.17674418604651163,-0.48372093023255813,-0.1813953488372093,-0.3953488372093023,-0.13953488372093023,-0.33488372093023255
0,0.0,0.0,0.0,0.0,0.0,0.0,0.0,0.0,0.0,0.0,0.0,0.0,0.0,0.0,0.0,0.0,0.0,0.0,0.0,0.0,0.0,0.0,0.0,0.0,0.0,0.0,0.0,0.0,0.0,0.0,0.0,0.0,0.0,0.0,0.0,0.0,0.0,0.0,0.0,0.0,0.0,0.0,0.0,0.0,0.14953271028037382,-0.14953271028037382,0.205607476635514,-0.3037383177570093,0.1542056074766355,-0.46261682242990654,0.0514018691588785,-0.5373831775700935,0.2616822429906542,-0.4439252336448598,0.07476635514018691,-0.6121495327102804,0.009345794392523364,-0.5420560747663551,0.009345794392523364,-0.4766355140186916,0.1822429906542056,-0.4532710280373832,0.028037383177570093,-0.7429906542056075,-0.03271028037383177,-0.883177570093458,-0.0514018691588785,-1.0,0.08411214953271028,-0.4252336448598131,-0.1261682242990654,-0.5794392523364486,-0.14485981308411214,-0.4672897196261682,-0.09813084112149532,-0.3925233644859813,-0.028037383177570093,-0.37850467289719625,-0.17757009345794392,-0.48130841121495327,-0.1822429906542056,-0.3925233644859813,-0.14018691588785046,-0.3317757009345794
0,0.0,0.0,0.0,0.0,0.0,0.0,0.0,0.0,0.0,0.0,0.0,0.0,0.0,0.0,0.0,0.0,0.0,0.0,0.0,0.0,0.0,0.0,0.0,0.0,0.0,0.0,0.0,0.0,0.0,0.0,0.0,0.0,0.0,0.0,0.0,0.0,0.0,0.0,0.0,0.0,0.0,0.0,0.0,0.0,0.15023474178403756,-0.15023474178403756,0.20657276995305165,-0.3004694835680751,0.15492957746478872,-0.460093896713615,0.051643192488262914,-0.5305164319248826,0.26291079812206575,-0.4413145539906103,0.07511737089201878,-0.6103286384976526,0.004694835680751174,-0.539906103286385,0.004694835680751174,-0.47417840375586856,0.18309859154929578,-0.4507042253521127,0.03286384976525822,-0.7417840375586855,-0.028169014084507043,-0.8826291079812206,-0.046948356807511735,-1.0,0.08450704225352113,-0.4225352112676056,-0.1267605633802817,-0.5774647887323944,-0.14553990610328638,-0.4647887323943662,-0.09389671361502347,-0.39436619718309857,-0.028169014084507043,-0.3755868544600939,-0.1784037558685446,-0.4788732394366197,-0.18309859154929578,-0.38967136150234744,-0.13615023474178403,-0.3333333333333333
0,0.0,0.0,0.0,0.0,0.0,0.0,0.0,0.0,0.0,0.0,0.0,0.0,0.0,0.0,0.0,0.0,0.0,0.0,0.0,0.0,0.0,0.0,0.0,0.0,0.0,0.0,0.0,0.0,0.0,0.0,0.0,0.0,0.0,0.0,0.0,0.0,0.0,0.0,0.0,0.0,0.0,0.0,0.0,0.0,0.14150943396226415,-0.15566037735849056,0.19811320754716982,-0.3113207547169811,0.14150943396226415,-0.4716981132075472,0.04245283018867924,-0.5518867924528302,0.25471698113207547,-0.4481132075471698,0.0660377358490566,-0.6179245283018868,-0.0047169811320754715,-0.5518867924528302,-0.0047169811320754715,-0.4811320754716981,0.17452830188679244,-0.4528301886792453,0.018867924528301886,-0.7452830188679245,-0.03773584905660377,-0.8773584905660378,-0.06132075471698113,-1.0,0.08018867924528301,-0.42452830188679247,-0.13679245283018868,-0.5801886792452831,-0.15566037735849056,-0.46226415094339623,-0.09905660377358491,-0.3915094339622642,-0.0330188679245283,-0.38207547169811323,-0.18867924528301888,-0.4811320754716981,-0.19339622641509435,-0.3915094339622642,-0.1509433962264151,-0.330188679245283
0,0.0,0.0,0.0,0.0,0.0,0.0,0.0,0.0,0.0,0.0,0.0,0.0,0.0,0.0,0.0,0.0,0.0,0.0,0.0,0.0,0.0,0.0,0.0,0.0,0.0,0.0,0.0,0.0,0.0,0.0,0.0,0.0,0.0,0.0,0.0,0.0,0.0,0.0,0.0,0.0,0.0,0.0,0.0,0.0,0.14622641509433962,-0.1509433962264151,0.2028301886792453,-0.3018867924528302,0.14622641509433962,-0.46226415094339623,0.04716981132075472,-0.5330188679245284,0.25943396226415094,-0.4386792452830189,0.07075471698113207,-0.6084905660377359,0.0047169811320754715,-0.5377358490566038,0.009433962264150943,-0.4716981132075472,0.1792452830188679,-0.4481132075471698,0.02830188679245283,-0.7405660377358491,-0.02830188679245283,-0.8773584905660378,-0.04716981132075472,-1.0,0.08490566037735849,-0.419811320754717,-0.1320754716981132,-0.5707547169811321,-0.14622641509433962,-0.46226415094339623,-0.09433962264150944,-0.3915094339622642,-0.02830188679245283,-0.37264150943396224,-0.1792452830188679,-0.47641509433962265,-0.18396226415094338,-0.3867924528301887,-0.14150943396226415,-0.330188679245283
0,0.0,0.0,0.0,0.0,0.0,0.0,0.0,0.0,0.0,0.0,0.0,0.0,0.0,0.0,0.0,0.0,0.0,0.0,0.0,0.0,0.0,0.0,0.0,0.0,0.0,0.0,0.0,0.0,0.0,0.0,0.0,0.0,0.0,0.0,0.0,0.0,0.0,0.0,0.0,0.0,0.0,0.0,0.0,0.0,0.14485981308411214,-0.1542056074766355,0.20093457943925233,-0.308411214953271,0.14485981308411214,-0.4672897196261682,0.04672897196261682,-0.5420560747663551,0.2570093457943925,-0.4485981308411215,0.07009345794392523,-0.616822429906542,0.0,-0.5467289719626168,0.004672897196261682,-0.4766355140186916,0.1822429906542056,-0.45794392523364486,0.028037383177570093,-0.7429906542056075,-0.028037383177570093,-0.8785046728971962,-0.04672897196261682,-1.0,0.08878504672897196,-0.42990654205607476,-0.13551401869158877,-0.5747663551401869,-0.14953271028037382,-0.46261682242990654,-0.09813084112149532,-0.397196261682243,-0.02336448598130841,-0.38317757009345793,-0.1822429906542056,-0.48130841121495327,-0.18691588785046728,-0.3925233644859813,-0.14485981308411214,-0.3364485981308411
0,0.0,0.0,0.0,0.0,0.0,0.0,0.0,0.0,0.0,0.0,0.0,0.0,0.0,0.0,0.0,0.0,0.0,0.0,0.0,0.0,0.0,0.0,0.0,0.0,0.0,0.0,0.0,0.0,0.0,0.0,0.0,0.0,0.0,0.0,0.0,0.0,0.0,0.0,0.0,0.0,0.0,0.0,0.0,0.0,0.14018691588785046,-0.1542056074766355,0.19626168224299065,-0.308411214953271,0.14018691588785046,-0.4672897196261682,0.037383177570093455,-0.5420560747663551,0.2523364485981308,-0.4485981308411215,0.06542056074766354,-0.616822429906542,0.0,-0.5467289719626168,0.004672897196261682,-0.4766355140186916,0.17757009345794392,-0.45794392523364486,0.018691588785046728,-0.7429906542056075,-0.037383177570093455,-0.8785046728971962,-0.056074766355140186,-1.0,0.0794392523364486,-0.42990654205607476,-0.14018691588785046,-0.5747663551401869,-0.14953271028037382,-0.46261682242990654,-0.09813084112149532,-0.397196261682243,-0.03271028037383177,-0.38317757009345793,-0.18691588785046728,-0.48130841121495327,-0.18691588785046728,-0.3925233644859813,-0.14485981308411214,-0.3364485981308411
0,0.0,0.0,0.0,0.0,0.0,0.0,0.0,0.0,0.0,0.0,0.0,0.0,0.0,0.0,0.0,0.0,0.0,0.0,0.0,0.0,0.0,0.0,0.0,0.0,0.0,0.0,0.0,0.0,0.0,0.0,0.0,0.0,0.0,0.0,0.0,0.0,0.0,0.0,0.0,0.0,0.0,0.0,0.0,0.0,0.1509433962264151,-0.15566037735849056,0.20754716981132076,-0.3113207547169811,0.1509433962264151,-0.4716981132075472,0.04716981132075472,-0.5518867924528302,0.25943396226415094,-0.4528301886792453,0.0660377358490566,-0.6226415094339622,-0.0047169811320754715,-0.5566037735849056,-0.0047169811320754715,-0.49056603773584906,0.1792452830188679,-0.46226415094339623,0.02358490566037736,-0.75,-0.03773584905660377,-0.8820754716981132,-0.05188679245283019,-1.0,0.08490566037735849,-0.4386792452830189,-0.1320754716981132,-0.589622641509434,-0.1509433962264151,-0.47641509433962265,-0.09905660377358491,-0.4056603773584906,-0.02830188679245283,-0.3915094339622642,-0.1792452830188679,-0.49528301886792453,-0.18867924528301888,-0.4056603773584906,-0.14622641509433962,-0.3443396226415094
0,0.0,0.0,0.0,0.0,0.0,0.0,0.0,0.0,0.0,0.0,0.0,0.0,0.0,0.0,0.0,0.0,0.0,0.0,0.0,0.0,0.0,0.0,0.0,0.0,0.0,0.0,0.0,0.0,0.0,0.0,0.0,0.0,0.0,0.0,0.0,0.0,0.0,0.0,0.0,0.0,0.0,0.0,0.0,0.0,0.14814814814814814,-0.1527777777777778,0.19907407407407407,-0.3055555555555556,0.1388888888888889,-0.46296296296296297,0.037037037037037035,-0.5370370370370371,0.25462962962962965,-0.4444444444444444,0.06944444444444445,-0.6064814814814815,0.004629629629629629,-0.5370370370370371,0.004629629629629629,-0.4722222222222222,0.18055555555555555,-0.4537037037037037,0.023148148148148147,-0.7407407407407407,-0.032407407407407406,-0.8796296296296297,-0.05555555555555555,-1.0,0.08333333333333333,-0.4305555555555556,-0.12962962962962962,-0.5787037037037037,-0.14814814814814814,-0.4675925925925926,-0.09722222222222222,-0.39814814814814814,-0.027777777777777776,-0.37962962962962965,-0.17592592592592593,-0.4861111111111111,-0.18055555555555555,-0.39351851851851855,-0.1388888888888889,-0.3333333333333333
0,0.0,0.0,0.0,0.0,0.0,0.0,0.0,0.0,0.0,0.0,0.0,0.0,0.0,0.0,0.0,0.0,0.0,0.0,0.0,0.0,0.0,0.0,0.0,0.0,0.0,0.0,0.0,0.0,0.0,0.0,0.0,0.0,0.0,0.0,0.0,0.0,0.0,0.0,0.0,0.0,0.0,0.0,0.0,0.0,-0.1446280991735537,-0.1446280991735537,-0.1859504132231405,-0.35537190082644626,-0.1322314049586777,-0.5289256198347108,-0.05371900826446281,-0.6198347107438017,-0.10330578512396695,-0.5247933884297521,-0.09917355371900827,-0.6900826446280992,-0.1115702479338843,-0.731404958677686,-0.11570247933884298,-0.756198347107438,0.012396694214876033,-0.512396694214876,0.045454545454545456,-0.743801652892562,0.05371900826446281,-0.8801652892561983,0.07851239669421488,-1.0,0.12396694214876033,-0.45867768595041325,0.1859504132231405,-0.5578512396694215,0.10330578512396695,-0.4256198347107438,0.04132231404958678,-0.32644628099173556,0.23553719008264462,-0.3760330578512397,0.2768595041322314,-0.47520661157024796,0.21074380165289255,-0.3760330578512397,0.1446280991735537,-0.2892561983471074
0,0.0,0.0,0.0,0.0,0.0,0.0,0.0,0.0,0.0,0.0,0.0,0.0,0.0,0.0,0.0,0.0,0.0,0.0,0.0,0.0,0.0,0.0,0.0,0.0,0.0,0.0,0.0,0.0,0.0,0.0,0.0,0.0,0.0,0.0,0.0,0.0,0.0,0.0,0.0,0.0,0.0,0.0,0.0,0.0,-0.1694915254237288,-0.1271186440677966,-0.2330508474576271,-0.3389830508474576,-0.18220338983050846,-0.5296610169491526,-0.08050847457627118,-0.6186440677966102,-0.17796610169491525,-0.5084745762711864,-0.2330508474576271,-0.7203389830508474,-0.25,-0.8559322033898306,-0.23728813559322035,-0.9703389830508474,-0.05084745762711865,-0.5127118644067796,-0.046610169491525424,-0.7330508474576272,-0.029661016949152543,-0.8813559322033898,0.0,-1.0,0.06779661016949153,-0.4745762711864407,0.11864406779661017,-0.576271186440678,0.05508474576271186,-0.4364406779661017,0.0,-0.3177966101694915,0.1864406779661017,-0.4067796610169492,0.21610169491525424,-0.4957627118644068,0.15677966101694915,-0.3940677966101695,0.09745762711864407,-0.2923728813559322
0,0.0,0.0,0.0,0.0,0.0,0.0,0.0,0.0,0.0,0.0,0.0,0.0,0.0,0.0,0.0,0.0,0.0,0.0,0.0,0.0,0.0,0.0,0.0,0.0,0.0,0.0,0.0,0.0,0.0,0.0,0.0,0.0,0.0,0.0,0.0,0.0,0.0,0.0,0.0,0.0,0.0,0.0,0.0,0.0,-0.16194331983805668,-0.11336032388663968,-0.23076923076923078,-0.30364372469635625,-0.19433198380566802,-0.4777327935222672,-0.09716599190283401,-0.5546558704453441,-0.12550607287449392,-0.46963562753036436,-0.08906882591093117,-0.6437246963562753,-0.05263157894736842,-0.7692307692307693,-0.004048582995951417,-0.8744939271255061,-0.02834008097165992,-0.46558704453441296,-0.032388663967611336,-0.7004048582995951,-0.04048582995951417,-0.8582995951417004,-0.032388663967611336,-1.0,0.06882591093117409,-0.4251012145748988,0.11336032388663968,-0.5344129554655871,0.044534412955465584,-0.4008097165991903,-0.012145748987854251,-0.291497975708502,0.17408906882591094,-0.3562753036437247,0.1902834008097166,-0.4493927125506073,0.13360323886639677,-0.3481781376518219,0.08097165991902834,-0.2631578947368421
0,0.0,0.0,0.0,0.0,0.0,0.0,0.0,0.0,0.0,0.0,0.0,0.0,0.0,0.0,0.0,0.0,0.0,0.0,0.0,0.0,0.0,0.0,0.0,0.0,0.0,0.0,0.0,0.0,0.0,0.0,0.0,0.0,0.0,0.0,0.0,0.0,0.0,0.0,0.0,0.0,0.0,0.0,0.0,0.0,-0.1532258064516129,-0.11693548387096774,-0.22580645161290322,-0.3064516129032258,-0.21774193548387097,-0.49193548387096775,-0.10887096774193548,-0.5685483870967742,-0.12096774193548387,-0.4717741935483871,-0.10483870967741936,-0.657258064516129,-0.08870967741935484,-0.7903225806451613,-0.06048387096774194,-0.8951612903225806,-0.024193548387096774,-0.46774193548387094,-0.020161290322580645,-0.7016129032258065,-0.020161290322580645,-0.8629032258064516,-0.008064516129032258,-1.0,0.07258064516129033,-0.4274193548387097,0.10887096774193548,-0.5483870967741935,0.04435483870967742,-0.41935483870967744,-0.008064516129032258,-0.3064516129032258,0.1693548387096774,-0.3588709677419355,0.1814516129032258,-0.45564516129032256,0.13306451612903225,-0.3548387096774194,0.08064516129032258,-0.2620967741935484
0,0.0,0.0,0.0,0.0,0.0,0.0,0.0,0.0,0.0,0.0,0.0,0.0,0.0,0.0,0.0,0.0,0.0,0.0,0.0,0.0,0.0,0.0,0.0,0.0,0.0,0.0,0.0,0.0,0.0,0.0,0.0,0.0,0.0,0.0,0.0,0.0,0.0,0.0,0.0,0.0,0.0,0.0,0.0,0.0,-0.16260162601626016,-0.13008130081300814,-0.24796747967479674,-0.3130081300813008,-0.23577235772357724,-0.491869918699187,-0.11788617886178862,-0.573170731707317,-0.13821138211382114,-0.45121951219512196,-0.11382113821138211,-0.5934959349593496,-0.1016260162601626,-0.5487804878048781,-0.08943089430894309,-0.491869918699187,-0.036585365853658534,-0.4634146341463415,-0.028455284552845527,-0.7113821138211383,-0.036585365853658534,-0.8658536585365854,-0.024390243902439025,-1.0,0.06504065040650407,-0.42276422764227645,0.1016260162601626,-0.5447154471544715,0.036585365853658534,-0.4065040650406504,-0.016260162601626018,-0.2926829268292683,0.17073170731707318,-0.35772357723577236,0.17886178861788618,-0.45934959349593496,0.13008130081300814,-0.35365853658536583,0.07723577235772358,-0.2601626016260163
0,0.0,0.0,0.0,0.0,0.0,0.0,0.0,0.0,0.0,0.0,0.0,0.0,0.0,0.0,0.0,0.0,0.0,0.0,0.0,0.0,0.0,0.0,0.0,0.0,0.0,0.0,0.0,0.0,0.0,0.0,0.0,0.0,0.0,0.0,0.0,0.0,0.0,0.0,0.0,0.0,0.0,0.0,0.0,0.0,-0.16260162601626016,-0.12601626016260162,-0.23983739837398374,-0.3089430894308943,-0.23170731707317074,-0.4878048780487805,-0.11382113821138211,-0.5650406504065041,-0.13008130081300814,-0.45528455284552843,-0.11382113821138211,-0.6016260162601627,-0.10569105691056911,-0.6585365853658537,-0.08943089430894309,-0.7032520325203252,-0.028455284552845527,-0.45934959349593496,-0.024390243902439025,-0.6951219512195121,-0.024390243902439025,-0.8577235772357723,-0.008130081300813009,-1.0,0.06910569105691057,-0.4186991869918699,0.10569105691056911,-0.540650406504065,0.036585365853658534,-0.4065040650406504,-0.012195121951219513,-0.2926829268292683,0.17479674796747968,-0.35365853658536583,0.17886178861788618,-0.45121951219512196,0.13008130081300814,-0.34959349593495936,0.07723577235772358,-0.2601626016260163
0,0.0,0.0,0.0,0.0,0.0,0.0,0.0,0.0,0.0,0.0,0.0,0.0,0.0,0.0,0.0,0.0,0.0,0.0,0.0,0.0,0.0,0.0,0.0,0.0,0.0,0.0,0.0,0.0,0.0,0.0,0.0,0.0,0.0,0.0,0.0,0.0,0.0,0.0,0.0,0.0,0.0,0.0,0.0,0.0,-0.19827586206896552,-0.09482758620689655,-0.3103448275862069,-0.2974137931034483,-0.28448275862068967,-0.4956896551724138,-0.16379310344827586,-0.5344827586206896,-0.17672413793103448,-0.47413793103448276,-0.1853448275862069,-0.5991379310344828,-0.17672413793103448,-0.5043103448275862,-0.16810344827586207,-0.41379310344827586,-0.0603448275862069,-0.49137931034482757,-0.06465517241379311,-0.7198275862068966,-0.08189655172413793,-0.8620689655172413,-0.08189655172413793,-1.0,0.05172413793103448,-0.4525862068965517,0.06896551724137931,-0.5862068965517241,0.008620689655172414,-0.4267241379310345,-0.03017241379310345,-0.30603448275862066,0.1724137931034483,-0.38362068965517243,0.15517241379310345,-0.5043103448275862,0.10344827586206896,-0.38362068965517243,0.0603448275862069,-0.2801724137931034
0,0.0,0.0,0.0,0.0,0.0,0.0,0.0,0.0,0.0,0.0,0.0,0.0,0.0,0.0,0.0,0.0,0.0,0.0,0.0,0.0,0.0,0.0,0.0,0.0,0.0,0.0,0.0,0.0,0.0,0.0,0.0,0.0,0.0,0.0,0.0,0.0,0.0,0.0,0.0,0.0,0.0,0.0,0.0,0.0,-0.20512820512820512,-0.09401709401709402,-0.3162393162393162,-0.29914529914529914,-0.28205128205128205,-0.49145299145299143,-0.1581196581196581,-0.5256410256410257,-0.18376068376068377,-0.45726495726495725,-0.19658119658119658,-0.594017094017094,-0.19230769230769232,-0.5,-0.18376068376068377,-0.41025641025641024,-0.06837606837606838,-0.47863247863247865,-0.07264957264957266,-0.7094017094017094,-0.09829059829059829,-0.8547008547008547,-0.09401709401709402,-1.0,0.04700854700854701,-0.4444444444444444,0.05982905982905983,-0.5726495726495726,0.0,-0.41452991452991456,-0.042735042735042736,-0.2948717948717949,0.17094017094017094,-0.38461538461538464,0.14957264957264957,-0.49145299145299143,0.10256410256410256,-0.3717948717948718,0.05982905982905983,-0.27350427350427353
0,0.0,0.0,0.0,0.0,0.0,0.0,0.0,0.0,0.0,0.0,0.0,0.0,0.0,0.0,0.0,0.0,0.0,0.0,0.0,0.0,0.0,0.0,0.0,0.0,0.0,0.0,0.0,0.0,0.0,0.0,0.0,0.0,0.0,0.0,0.0,0.0,0.0,0.0,0.0,0.0,0.0,0.0,0.0,0.0,-0.1939655172413793,-0.09482758620689655,-0.30603448275862066,-0.2974137931034483,-0.27155172413793105,-0.49137931034482757,-0.14224137931034483,-0.521551724137931,-0.17672413793103448,-0.45689655172413796,-0.1896551724137931,-0.5905172413793104,-0.17672413793103448,-0.5,-0.15948275862068967,-0.40948275862068967,-0.0603448275862069,-0.47844827586206895,-0.06465517241379311,-0.7155172413793104,-0.08620689655172414,-0.8577586206896551,-0.07758620689655173,-1.0,0.05603448275862069,-0.44396551724137934,0.06896551724137931,-0.5732758620689655,0.01293103448275862,-0.41379310344827586,-0.02586206896551724,-0.2974137931034483,0.1810344827586207,-0.3793103448275862,0.15948275862068967,-0.4956896551724138,0.11206896551724138,-0.375,0.07327586206896551,-0.27586206896551724
0,0.0,0.0,0.0,0.0,0.0,0.0,0.0,0.0,0.0,0.0,0.0,0.0,0.0,0.0,0.0,0.0,0.0,0.0,0.0,0.0,0.0,0.0,0.0,0.0,0.0,0.0,0.0,0.0,0.0,0.0,0.0,0.0,0.0,0.0,0.0,0.0,0.0,0.0,0.0,0.0,0.0,0.0,0.0,0.0,-0.11848341232227488,-0.1943127962085308,-0.08530805687203792,-0.3744075829383886,-0.05687203791469194,-0.5023696682464455,-0.018957345971563982,-0.5924170616113744,0.17061611374407584,-0.5165876777251185,0.0947867298578199,-0.7109004739336493,0.05687203791469194,-0.7819905213270142,0.052132701421800945,-0.8530805687203792,0.2132701421800948,-0.4976303317535545,0.10426540284360189,-0.7535545023696683,0.04265402843601896,-0.8815165876777251,0.004739336492890996,-1.0,0.22748815165876776,-0.45023696682464454,-0.018957345971563982,-0.5924170616113744,-0.07109004739336493,-0.43601895734597157,-0.052132701421800945,-0.3412322274881517,0.1943127962085308,-0.3744075829383886,-0.018957345971563982,-0.5071090047393365,-0.07582938388625593,-0.3933649289099526,-0.05687203791469194,-0.2890995260663507
0,0.0,0.0,0.0,0.0,0.0,0.0,0.0,0.0,0.0,0.0,0.0,0.0,0.0,0.0,0.0,0.0,0.0,0.0,0.0,0.0,0.0,0.0,0.0,0.0,0.0,0.0,0.0,0.0,0.0,0.0,0.0,0.0,0.0,0.0,0.0,0.0,0.0,0.0,0.0,0.0,0.0,0.0,0.0,0.0,-0.09852216748768473,-0.24630541871921183,-0.04926108374384237,-0.42857142857142855,-0.014778325123152709,-0.5665024630541872,-0.0049261083743842365,-0.6945812807881774,0.24630541871921183,-0.5320197044334976,0.11330049261083744,-0.7192118226600985,0.034482758620689655,-0.6699507389162561,0.034482758620689655,-0.6403940886699507,0.27586206896551724,-0.5221674876847291,0.12807881773399016,-0.7931034482758621,0.04433497536945813,-0.8916256157635468,0.024630541871921183,-1.0,0.270935960591133,-0.4876847290640394,0.009852216748768473,-0.6699507389162561,-0.04926108374384237,-0.5270935960591133,-0.009852216748768473,-0.4433497536945813,0.22167487684729065,-0.4482758620689655,-0.0049261083743842365,-0.5714285714285714,-0.04433497536945813,-0.4729064039408867,-0.0049261083743842365,-0.39901477832512317
0,0.0,0.0,0.0,0.0,0.0,0.0,0.0,0.0,0.0,0.0,0.0,0.0,0.0,0.0,0.0,0.0,0.0,0.0,0.0,0.0,0.0,0.0,0.0,0.0,0.0,0.0,0.0,0.0,0.0,0.0,0.0,0.0,0.0,0.0,0.0,0.0,0.0,0.0,0.0,0.0,0.0,0.0,0.0,0.0,-0.08056872037914692,-0.24644549763033174,-0.03317535545023697,-0.41232227488151657,0.004739336492890996,-0.5355450236966824,0.023696682464454975,-0.6540284360189573,0.2559241706161137,-0.5165876777251185,0.14691943127962084,-0.7345971563981043,0.08056872037914692,-0.8767772511848341,0.037914691943127965,-1.0,0.2890995260663507,-0.4881516587677725,0.07582938388625593,-0.6682464454976303,0.004739336492890996,-0.5734597156398105,0.02843601895734597,-0.5118483412322274,0.2796208530805687,-0.45023696682464454,0.009478672985781991,-0.6161137440758294,-0.04265402843601896,-0.46919431279620855,0.004739336492890996,-0.3791469194312796,0.22748815165876776,-0.4075829383886256,0.004739336492890996,-0.5402843601895735,-0.037914691943127965,-0.4312796208530806,0.0,-0.35071090047393366
0,0.0,0.0,0.0,0.0,0.0,0.0,0.0,0.0,0.0,0.0,0.0,0.0,0.0,0.0,0.0,0.0,0.0,0.0,0.0,0.0,0.0,0.0,0.0,0.0,0.0,0.0,0.0,0.0,0.0,0.0,0.0,0.0,0.0,0.0,0.0,0.0,0.0,0.0,0.0,0.0,0.0,0.0,0.0,0.0,-0.08450704225352113,-0.2347417840375587,-0.03755868544600939,-0.40375586854460094,0.009389671361502348,-0.5305164319248826,0.03755868544600939,-0.647887323943662,0.23943661971830985,-0.5070422535211268,0.13615023474178403,-0.7323943661971831,0.07981220657276995,-0.8732394366197183,0.04225352112676056,-1.0,0.28169014084507044,-0.4788732394366197,0.06103286384976526,-0.6572769953051644,-0.014084507042253521,-0.5492957746478874,0.009389671361502348,-0.4694835680751174,0.27230046948356806,-0.4413145539906103,0.009389671361502348,-0.6056338028169014,-0.046948356807511735,-0.4647887323943662,0.0,-0.3755868544600939,0.22535211267605634,-0.39906103286384975,0.009389671361502348,-0.5352112676056338,-0.03286384976525822,-0.431924882629108,0.004694835680751174,-0.352112676056338
0,0.0,0.0,0.0,0.0,0.0,0.0,0.0,0.0,0.0,0.0,0.0,0.0,0.0,0.0,0.0,0.0,0.0,0.0,0.0,0.0,0.0,0.0,0.0,0.0,0.0,0.0,0.0,0.0,0.0,0.0,0.0,0.0,0.0,0.0,0.0,0.0,0.0,0.0,0.0,0.0,0.0,0.0,0.0,0.0,-0.08450704225352113,-0.23943661971830985,-0.03286384976525822,-0.4084507042253521,0.014084507042253521,-0.5305164319248826,0.046948356807511735,-0.6431924882629108,0.23943661971830985,-0.5070422535211268,0.14084507042253522,-0.7276995305164319,0.08450704225352113,-0.8732394366197183,0.04225352112676056,-1.0,0.28169014084507044,-0.47417840375586856,0.051643192488262914,-0.6525821596244131,-0.023474178403755867,-0.5258215962441315,-0.004694835680751174,-0.43661971830985913,0.27230046948356806,-0.4413145539906103,0.009389671361502348,-0.6056338028169014,-0.046948356807511735,-0.4647887323943662,0.0,-0.37089201877934275,0.22065727699530516,-0.39906103286384975,0.009389671361502348,-0.5305164319248826,-0.03755868544600939,-0.4272300469483568,-0.004694835680751174,-0.3474178403755869
0,0.0,0.0,0.0,0.0,0.0,0.0,0.0,0.0,0.0,0.0,0.0,0.0,0.0,0.0,0.0,0.0,0.0,0.0,0.0,0.0,0.0,0.0,0.0,0.0,0.0,0.0,0.0,0.0,0.0,0.0,0.0,0.0,0.0,0.0,0.0,0.0,0.0,0.0,0.0,0.0,0.0,0.0,0.0,0.0,-0.0892018779342723,-0.2347417840375587,-0.04225352112676056,-0.40375586854460094,0.004694835680751174,-0.5305164319248826,0.028169014084507043,-0.6431924882629108,0.2347417840375587,-0.5117370892018779,0.13615023474178403,-0.7276995305164319,0.07981220657276995,-0.8732394366197183,0.04225352112676056,-1.0,0.27230046948356806,-0.4835680751173709,0.056338028169014086,-0.6572769953051644,-0.018779342723004695,-0.5492957746478874,0.004694835680751174,-0.4694835680751174,0.26291079812206575,-0.4460093896713615,0.004694835680751174,-0.6056338028169014,-0.051643192488262914,-0.4647887323943662,-0.004694835680751174,-0.3755868544600939,0.215962441314554,-0.40375586854460094,0.0,-0.5352112676056338,-0.04225352112676056,-0.4272300469483568,-0.009389671361502348,-0.352112676056338
0,0.0,0.0,0.0,0.0,0.0,0.0,0.0,0.0,0.0,0.0,0.0,0.0,0.0,0.0,0.0,0.0,0.0,0.0,0.0,0.0,0.0,0.0,0.0,0.0,0.0,0.0,0.0,0.0,0.0,0.0,0.0,0.0,0.0,0.0,0.0,0.0,0.0,0.0,0.0,0.0,0.0,0.0,0.0,0.0,-0.08411214953271028,-0.2383177570093458,-0.03271028037383177,-0.40654205607476634,0.014018691588785047,-0.5280373831775701,0.04205607476635514,-0.6401869158878505,0.2383177570093458,-0.5093457943925234,0.14485981308411214,-0.7289719626168224,0.08411214953271028,-0.8785046728971962,0.04672897196261682,-1.0,0.2757009345794392,-0.4766355140186916,0.04672897196261682,-0.6448598130841121,-0.028037383177570093,-0.514018691588785,-0.004672897196261682,-0.4205607476635514,0.26635514018691586,-0.4392523364485981,0.009345794392523364,-0.602803738317757,-0.04672897196261682,-0.46261682242990654,0.0,-0.37383177570093457,0.21495327102803738,-0.40186915887850466,0.009345794392523364,-0.5280373831775701,-0.037383177570093455,-0.4252336448598131,-0.004672897196261682,-0.35046728971962615
0,0.0,0.0,0.0,0.0,0.0,0.0,0.0,0.0,0.0,0.0,0.0,0.0,0.0,0.0,0.0,0.0,0.0,0.0,0.0,0.0,0.0,0.0,0.0,0.0,0.0,0.0,0.0,0.0,0.0,0.0,0.0,0.0,0.0,0.0,0.0,0.0,0.0,0.0,0.0,0.0,0.0,0.0,0.0,0.0,-0.0794392523364486,-0.2383177570093458,-0.028037383177570093,-0.40186915887850466,0.018691588785046728,-0.5280373831775701,0.04672897196261682,-0.6401869158878505,0.2383177570093458,-0.5093457943925234,0.14485981308411214,-0.7289719626168224,0.08878504672897196,-0.8785046728971962,0.0514018691588785,-1.0,0.2803738317757009,-0.4766355140186916,0.0514018691588785,-0.6495327102803738,-0.02336448598130841,-0.5186915887850467,0.0,-0.4252336448598131,0.27102803738317754,-0.4392523364485981,0.014018691588785047,-0.602803738317757,-0.04205607476635514,-0.46261682242990654,0.004672897196261682,-0.37383177570093457,0.22429906542056074,-0.40186915887850466,0.014018691588785047,-0.5280373831775701,-0.03271028037383177,-0.4252336448598131,0.0,-0.35046728971962615
0,0.0,0.0,0.0,0.0,0.0,0.0,0.0,0.0,0.0,0.0,0.0,0.0,0.0,0.0,0.0,0.0,0.0,0.0,0.0,0.0,0.0,0.0,0.0,0.0,0.0,0.0,0.0,0.0,0.0,0.0,0.0,0.0,0.0,0.0,0.0,0.0,0.0,0.0,0.0,0.0,0.0,0.0,0.0,0.0,-0.08056872037914692,-0.24170616113744076,-0.02843601895734597,-0.4075829383886256,0.0,-0.5402843601895735,0.023696682464454975,-0.6635071090047393,0.22748815165876776,-0.5308056872037915,0.12796208530805686,-0.7298578199052133,0.07582938388625593,-0.8672985781990521,0.04739336492890995,-0.990521327014218,0.26540284360189575,-0.5071090047393365,0.13744075829383887,-0.7488151658767772,0.06635071090047394,-0.8767772511848341,0.04739336492890995,-1.0,0.27014218009478674,-0.46919431279620855,0.023696682464454975,-0.6350710900473934,-0.037914691943127965,-0.4928909952606635,-0.004739336492890996,-0.4028436018957346,0.22748815165876776,-0.41706161137440756,0.018957345971563982,-0.5497630331753555,-0.023696682464454975,-0.44549763033175355,0.009478672985781991,-0.36492890995260663
0,0.0,0.0,0.0,0.0,0.0,0.0,0.0,0.0,0.0,0.0,0.0,0.0,0.0,0.0,0.0,0.0,0.0,0.0,0.0,0.0,0.0,0.0,0.0,0.0,0.0,0.0,0.0,0.0,0.0,0.0,0.0,0.0,0.0,0.0,0.0,0.0,0.0,0.0,0.0,0.0,0.0,0.0,0.0,0.0,-0.08837209302325581,-0.23255813953488372,-0.04186046511627907,-0.4046511627906977,0.0,-0.5302325581395348,0.023255813953488372,-0.6465116279069767,0.2186046511627907,-0.5116279069767442,0.11627906976744186,-0.7348837209302326,0.06046511627906977,-0.8790697674418605,0.023255813953488372,-1.0,0.26046511627906976,-0.48372093023255813,0.046511627906976744,-0.6604651162790698,-0.023255813953488372,-0.5488372093023256,0.0,-0.4744186046511628,0.2558139534883721,-0.44651162790697674,-0.009302325581395349,-0.6046511627906976,-0.06511627906976744,-0.46511627906976744,-0.013953488372093023,-0.3767441860465116,0.20465116279069767,-0.4046511627906977,-0.013953488372093023,-0.5348837209302325,-0.05581395348837209,-0.42790697674418604,-0.018604651162790697,-0.3488372093023256
0,0.0,0.0,0.0,0.0,0.0,0.0,0.0,0.0,0.0,0.0,0.0,0.0,0.0,0.0,0.0,0.0,0.0,0.0,0.0,0.0,0.0,0.0,0.0,0.0,0.0,0.0,0.0,0.0,0.0,0.0,0.0,0.0,0.0,0.0,0.0,0.0,0.0,0.0,0.0,0.0,0.0,0.0,0.0,0.0,-0.08962264150943396,-0.2358490566037736,-0.04245283018867924,-0.4056603773584906,0.0,-0.5377358490566038,0.02358490566037736,-0.6556603773584906,0.2169811320754717,-0.5188679245283019,0.11320754716981132,-0.7358490566037735,0.05188679245283019,-0.8773584905660378,0.02358490566037736,-1.0,0.25471698113207547,-0.49528301886792453,0.08018867924528301,-0.7122641509433962,0.014150943396226415,-0.7358490566037735,0.02830188679245283,-0.7830188679245284,0.25,-0.45754716981132076,-0.009433962264150943,-0.6273584905660378,-0.06132075471698113,-0.4811320754716981,-0.02358490566037736,-0.3915094339622642,0.2028301886792453,-0.41509433962264153,-0.014150943396226415,-0.5471698113207547,-0.05660377358490566,-0.4339622641509434,-0.018867924528301886,-0.35377358490566035
0,0.0,0.0,0.0,0.0,0.0,0.0,0.0,0.0,0.0,0.0,0.0,0.0,0.0,0.0,0.0,0.0,0.0,0.0,0.0,0.0,0.0,0.0,0.0,0.0,0.0,0.0,0.0,0.0,0.0,0.0,0.0,0.0,0.0,0.0,0.0,0.0,0.0,0.0,0.0,0.0,0.0,0.0,0.0,0.0,-0.09134615384615384,-0.2403846153846154,-0.04326923076923077,-0.40384615384615385,-0.009615384615384616,-0.5384615384615384,0.009615384615384616,-0.6682692307692307,0.21634615384615385,-0.5288461538461539,0.10576923076923077,-0.7451923076923077,0.04807692307692308,-0.8798076923076923,0.019230769230769232,-1.0,0.2548076923076923,-0.5048076923076923,0.10096153846153846,-0.75,0.028846153846153848,-0.8605769230769231,0.02403846153846154,-0.9663461538461539,0.25,-0.46634615384615385,0.0,-0.6394230769230769,-0.0625,-0.49038461538461536,-0.02403846153846154,-0.39903846153846156,0.20192307692307693,-0.4182692307692308,-0.014423076923076924,-0.5528846153846154,-0.057692307692307696,-0.4423076923076923,-0.02403846153846154,-0.3605769230769231
0,0.0,0.0,0.0,0.0,0.0,0.0,0.0,0.0,0.0,0.0,0.0,0.0,0.0,0.0,0.0,0.0,0.0,0.0,0.0,0.0,0.0,0.0,0.0,0.0,0.0,0.0,0.0,0.0,0.0,0.0,0.0,0.0,0.0,0.0,0.0,0.0,0.0,0.0,0.0,0.0,0.0,0.0,0.0,0.0,-0.08796296296296297,-0.2175925925925926,-0.11574074074074074,-0.375,-0.125,-0.5,-0.09722222222222222,-0.5694444444444444,0.10648148148148148,-0.5370370370370371,0.0787037037037037,-0.7222222222222222,0.05555555555555555,-0.8703703703703703,0.041666666666666664,-1.0,0.16666666666666666,-0.5324074074074074,0.08333333333333333,-0.7222222222222222,0.032407407407407406,-0.8240740740740741,0.018518518518518517,-0.9027777777777778,0.2222222222222222,-0.5046296296296297,0.06018518518518518,-0.6481481481481481,0.004629629629629629,-0.5185185185185185,0.009259259259259259,-0.39814814814814814,0.2638888888888889,-0.4583333333333333,0.09722222222222222,-0.5694444444444444,0.05092592592592592,-0.4722222222222222,0.06018518518518518,-0.37037037037037035
0,0.0,0.0,0.0,0.0,0.0,0.0,0.0,0.0,0.0,0.0,0.0,0.0,0.0,0.0,0.0,0.0,0.0,0.0,0.0,0.0,0.0,0.0,0.0,0.0,0.0,0.0,0.0,0.0,0.0,0.0,0.0,0.0,0.0,0.0,0.0,0.0,0.0,0.0,0.0,0.0,0.0,0.0,0.0,0.0,-0.1044776119402985,-0.1890547263681592,-0.13930348258706468,-0.35323383084577115,-0.15422885572139303,-0.472636815920398,-0.14427860696517414,-0.5074626865671642,0.14427860696517414,-0.5422885572139303,0.07960199004975124,-0.7512437810945274,0.024875621890547265,-0.8855721393034826,-0.01990049751243781,-1.0,0.20398009950248755,-0.5074626865671642,-0.014925373134328358,-0.6218905472636815,-0.07960199004975124,-0.472636815920398,-0.07462686567164178,-0.3582089552238806,0.23880597014925373,-0.4626865671641791,-0.004975124378109453,-0.5671641791044776,-0.04975124378109453,-0.4129353233830846,-0.03482587064676617,-0.29850746268656714,0.24378109452736318,-0.39800995024875624,0.03980099502487562,-0.4925373134328358,-0.004975124378109453,-0.39303482587064675,0.009950248756218905,-0.30845771144278605
0,0.0,0.0,0.0,0.0,0.0,0.0,0.0,0.0,0.0,0.0,0.0,0.0,0.0,0.0,0.0,0.0,0.0,0.0,0.0,0.0,0.0,0.0,0.0,0.0,0.0,0.0,0.0,0.0,0.0,0.0,0.0,0.0,0.0,0.0,0.0,0.0,0.0,0.0,0.0,0.0,0.0,0.0,0.0,0.0,-0.10101010101010101,-0.19696969696969696,-0.12626262626262627,-0.35353535353535354,-0.14646464646464646,-0.46464646464646464,-0.15656565656565657,-0.51010101010101,0.15151515151515152,-0.5404040404040404,0.07575757575757576,-0.7474747474747475,0.020202020202020204,-0.8838383838383839,-0.025252525252525252,-1.0,0.21212121212121213,-0.5151515151515151,-0.03535353535353535,-0.6262626262626263,-0.10101010101010101,-0.48484848484848486,-0.08585858585858586,-0.3787878787878788,0.23232323232323232,-0.47474747474747475,-0.03535353535353535,-0.5656565656565656,-0.08080808080808081,-0.42424242424242425,-0.05555555555555555,-0.3333333333333333,0.21212121212121213,-0.41919191919191917,0.0,-0.5,-0.045454545454545456,-0.40404040404040403,-0.020202020202020204,-0.3333333333333333
0,0.0,0.0,0.0,0.0,0.0,0.0,0.0,0.0,0.0,0.0,0.0,0.0,0.0,0.0,0.0,0.0,0.0,0.0,0.0,0.0,0.0,0.0,0.0,0.0,0.0,0.0,0.0,0.0,0.0,0.0,0.0,0.0,0.0,0.0,0.0,0.0,0.0,0.0,0.0,0.0,0.0,0.0,0.0,0.0,-0.10101010101010101,-0.19696969696969696,-0.12121212121212122,-0.35353535353535354,-0.1414141414141414,-0.46464646464646464,-0.16161616161616163,-0.5151515151515151,0.16161616161616163,-0.5252525252525253,0.07575757575757576,-0.7373737373737373,0.020202020202020204,-0.8787878787878788,-0.025252525252525252,-1.0,0.21717171717171718,-0.5,-0.025252525252525252,-0.6262626262626263,-0.10606060606060606,-0.48484848484848486,-0.10101010101010101,-0.3787878787878788,0.23232323232323232,-0.4595959595959596,-0.030303030303030304,-0.5757575757575758,-0.08585858585858586,-0.43434343434343436,-0.06060606060606061,-0.3383838383838384,0.21212121212121213,-0.4090909090909091,0.005050505050505051,-0.5050505050505051,-0.04040404040404041,-0.4090909090909091,-0.015151515151515152,-0.3333333333333333
0,0.0,0.0,0.0,0.0,0.0,0.0,0.0,0.0,0.0,0.0,0.0,0.0,0.0,0.0,0.0,0.0,0.0,0.0,0.0,0.0,0.0,0.0,0.0,0.0,0.0,0.0,0.0,0.0,0.0,0.0,0.0,0.0,0.0,0.0,0.0,0.0,0.0,0.0,0.0,0.0,0.0,0.0,0.0,0.0,-0.09644670050761421,-0.19796954314720813,-0.116751269035533,-0.3604060913705584,-0.13705583756345177,-0.4720812182741117,-0.14720812182741116,-0.5228426395939086,0.16751269035532995,-0.5279187817258884,0.08121827411167512,-0.7360406091370558,0.025380710659898477,-0.883248730964467,-0.02030456852791878,-1.0,0.2182741116751269,-0.5025380710659898,-0.025380710659898477,-0.6294416243654822,-0.09644670050761421,-0.4873096446700508,-0.08629441624365482,-0.38071065989847713,0.233502538071066,-0.467005076142132,-0.025380710659898477,-0.5786802030456852,-0.07614213197969544,-0.4416243654822335,-0.050761421319796954,-0.34517766497461927,0.2182741116751269,-0.41116751269035534,0.01015228426395939,-0.5076142131979695,-0.03553299492385787,-0.41116751269035534,-0.005076142131979695,-0.3401015228426396
0,0.0,0.0,0.0,0.0,0.0,0.0,0.0,0.0,0.0,0.0,0.0,0.0,0.0,0.0,0.0,0.0,0.0,0.0,0.0,0.0,0.0,0.0,0.0,0.0,0.0,0.0,0.0,0.0,0.0,0.0,0.0,0.0,0.0,0.0,0.0,0.0,0.0,0.0,0.0,0.0,0.0,0.0,0.0,0.0,-0.11330049261083744,-0.19704433497536947,-0.11822660098522167,-0.3399014778325123,-0.1330049261083744,-0.43842364532019706,-0.1625615763546798,-0.5073891625615764,0.1625615763546798,-0.5221674876847291,0.054187192118226604,-0.7339901477832512,-0.014778325123152709,-0.8768472906403941,-0.06896551724137931,-1.0,0.21182266009852216,-0.49261083743842365,-0.04926108374384237,-0.6108374384236454,-0.10837438423645321,-0.47783251231527096,-0.08374384236453201,-0.3842364532019704,0.21182266009852216,-0.458128078817734,-0.06896551724137931,-0.5665024630541872,-0.10837438423645321,-0.43349753694581283,-0.06896551724137931,-0.3497536945812808,0.1724137931034483,-0.4088669950738916,-0.04433497536945813,-0.5024630541871922,-0.08374384236453201,-0.4039408866995074,-0.04926108374384237,-0.3399014778325123
0,0.0,0.0,0.0,0.0,0.0,0.0,0.0,0.0,0.0,0.0,0.0,0.0,0.0,0.0,0.0,0.0,0.0,0.0,0.0,0.0,0.0,0.0,0.0,0.0,0.0,0.0,0.0,0.0,0.0,0.0,0.0,0.0,0.0,0.0,0.0,0.0,0.0,0.0,0.0,0.0,0.0,0.0,0.0,0.0,-0.11386138613861387,-0.20297029702970298,-0.12376237623762376,-0.35148514851485146,-0.13861386138613863,-0.46534653465346537,-0.15346534653465346,-0.5297029702970297,0.16336633663366337,-0.5247524752475248,0.04950495049504951,-0.7376237623762376,-0.019801980198019802,-0.8762376237623762,-0.07425742574257425,-1.0,0.21287128712871287,-0.5,-0.04950495049504951,-0.6138613861386139,-0.10396039603960396,-0.4752475247524752,-0.06930693069306931,-0.38613861386138615,0.21287128712871287,-0.4603960396039604,-0.07425742574257425,-0.5643564356435643,-0.11386138613861387,-0.4306930693069307,-0.06435643564356436,-0.35148514851485146,0.17326732673267325,-0.41089108910891087,-0.054455445544554455,-0.5099009900990099,-0.0891089108910891,-0.4158415841584158,-0.04950495049504951,-0.3465346534653465
0,0.0,0.0,0.0,0.0,0.0,0.0,0.0,0.0,0.0,0.0,0.0,0.0,0.0,0.0,0.0,0.0,0.0,0.0,0.0,0.0,0.0,0.0,0.0,0.0,0.0,0.0,0.0,0.0,0.0,0.0,0.0,0.0,0.0,0.0,0.0,0.0,0.0,0.0,0.0,0.0,0.0,0.0,0.0,0.0,-0.12376237623762376,-0.20297029702970298,-0.12376237623762376,-0.3564356435643564,-0.13366336633663367,-0.47029702970297027,-0.15346534653465346,-0.5445544554455446,0.15841584158415842,-0.5247524752475248,0.034653465346534656,-0.7376237623762376,-0.039603960396039604,-0.8811881188118812,-0.09405940594059406,-1.0,0.2079207920792079,-0.5,-0.04950495049504951,-0.6237623762376238,-0.10891089108910891,-0.4900990099009901,-0.07920792079207921,-0.400990099009901,0.20297029702970298,-0.46534653465346537,-0.0891089108910891,-0.5742574257425742,-0.12376237623762376,-0.43564356435643564,-0.07425742574257425,-0.3564356435643564,0.15841584158415842,-0.4158415841584158,-0.06930693069306931,-0.5148514851485149,-0.10396039603960396,-0.4158415841584158,-0.06435643564356436,-0.35148514851485146
0,0.0,0.0,0.0,0.0,0.0,0.0,0.0,0.0,0.0,0.0,0.0,0.0,0.0,0.0,0.0,0.0,0.0,0.0,0.0,0.0,0.0,0.0,0.0,0.0,0.0,0.0,0.0,0.0,0.0,0.0,0.0,0.0,0.0,0.0,0.0,0.0,0.0,0.0,0.0,0.0,0.0,0.0,0.0,0.0,-0.11822660098522167,-0.2019704433497537,-0.12807881773399016,-0.3497536945812808,-0.14285714285714285,-0.4630541871921182,-0.15763546798029557,-0.5270935960591133,0.1625615763546798,-0.5320197044334976,0.034482758620689655,-0.7389162561576355,-0.04433497536945813,-0.8768472906403941,-0.09852216748768473,-1.0,0.20689655172413793,-0.5024630541871922,-0.059113300492610835,-0.625615763546798,-0.11330049261083744,-0.4827586206896552,-0.06896551724137931,-0.3891625615763547,0.20689655172413793,-0.4630541871921182,-0.08374384236453201,-0.5763546798029556,-0.12315270935960591,-0.43842364532019706,-0.06896551724137931,-0.35960591133004927,0.1625615763546798,-0.4187192118226601,-0.06896551724137931,-0.5123152709359606,-0.10344827586206896,-0.4088669950738916,-0.059113300492610835,-0.3448275862068966
0,0.0,0.0,0.0,0.0,0.0,0.0,0.0,0.0,0.0,0.0,0.0,0.0,0.0,0.0,0.0,0.0,0.0,0.0,0.0,0.0,0.0,0.0,0.0,0.0,0.0,0.0,0.0,0.0,0.0,0.0,0.0,0.0,0.0,0.0,0.0,0.0,0.0,0.0,0.0,0.0,0.0,0.0,0.0,0.0,-0.12376237623762376,-0.2079207920792079,-0.13366336633663367,-0.3465346534653465,-0.14356435643564355,-0.4504950495049505,-0.17326732673267325,-0.5297029702970297,0.16336633663366337,-0.5346534653465347,0.0297029702970297,-0.7376237623762376,-0.04950495049504951,-0.8811881188118812,-0.10891089108910891,-1.0,0.2079207920792079,-0.504950495049505,-0.06435643564356436,-0.6287128712871287,-0.1188118811881188,-0.48514851485148514,-0.06930693069306931,-0.400990099009901,0.20297029702970298,-0.46534653465346537,-0.08415841584158416,-0.5792079207920792,-0.12871287128712872,-0.44554455445544555,-0.06930693069306931,-0.36633663366336633,0.15346534653465346,-0.4207920792079208,-0.07425742574257425,-0.5099009900990099,-0.10891089108910891,-0.4158415841584158,-0.06435643564356436,-0.35148514851485146
0,0.0,0.0,0.0,0.0,0.0,0.0,0.0,0.0,0.0,0.0,0.0,0.0,0.0,0.0,0.0,0.0,0.0,0.0,0.0,0.0,0.0,0.0,0.0,0.0,0.0,0.0,0.0,0.0,0.0,0.0,0.0,0.0,0.0,0.0,0.0,0.0,0.0,0.0,0.0,0.0,0.0,0.0,0.0,0.0,-0.13,-0.205,-0.14,-0.35,-0.16,-0.455,-0.175,-0.525,0.155,-0.53,0.02,-0.735,-0.06,-0.875,-0.11,-1.0,0.205,-0.51,-0.035,-0.655,-0.09,-0.57,-0.06,-0.52,0.205,-0.47,-0.09,-0.59,-0.135,-0.445,-0.08,-0.36,0.155,-0.42,-0.085,-0.52,-0.12,-0.415,-0.075,-0.35
0,0.0,0.0,0.0,0.0,0.0,0.0,0.0,0.0,0.0,0.0,0.0,0.0,0.0,0.0,0.0,0.0,0.0,0.0,0.0,0.0,0.0,0.0,0.0,0.0,0.0,0.0,0.0,0.0,0.0,0.0,0.0,0.0,0.0,0.0,0.0,0.0,0.0,0.0,0.0,0.0,0.0,0.0,0.0,0.0,-0.12315270935960591,-0.20689655172413793,-0.13793103448275862,-0.3448275862068966,-0.15270935960591134,-0.45320197044334976,-0.1724137931034483,-0.5172413793103449,0.15763546798029557,-0.5270935960591133,0.019704433497536946,-0.7339901477832512,-0.059113300492610835,-0.8768472906403941,-0.10837438423645321,-1.0,0.2019704433497537,-0.5024630541871922,-0.054187192118226604,-0.6305418719211823,-0.10837438423645321,-0.4975369458128079,-0.06896551724137931,-0.41379310344827586,0.19704433497536947,-0.4630541871921182,-0.08866995073891626,-0.5763546798029556,-0.12807881773399016,-0.43842364532019706,-0.07389162561576355,-0.35960591133004927,0.15270935960591134,-0.41379310344827586,-0.07881773399014778,-0.5073891625615764,-0.11330049261083744,-0.4088669950738916,-0.06896551724137931,-0.3448275862068966
0,0.0,0.0,0.0,0.0,0.0,0.0,0.0,0.0,0.0,0.0,0.0,0.0,0.0,0.0,0.0,0.0,0.0,0.0,0.0,0.0,0.0,0.0,0.0,0.0,0.0,0.0,0.0,0.0,0.0,0.0,0.0,0.0,0.0,0.0,0.0,0.0,0.0,0.0,0.0,0.0,0.0,0.0,0.0,0.0,0.23404255319148937,-0.11170212765957446,0.3776595744680851,-0.2925531914893617,0.32978723404255317,-0.4734042553191489,0.2553191489361702,-0.5478723404255319,0.10106382978723404,-0.4734042553191489,0.2127659574468085,-0.675531914893617,0.26063829787234044,-0.5851063829787234,0.26595744680851063,-0.4787234042553192,-0.0425531914893617,-0.4946808510638298,0.015957446808510637,-0.7659574468085106,0.047872340425531915,-0.9095744680851063,0.047872340425531915,-1.0,-0.1276595744680851,-0.4627659574468085,-0.005319148936170213,-0.6223404255319149,0.05319148936170213,-0.5425531914893617,0.06914893617021277,-0.4521276595744681,-0.1702127659574468,-0.40425531914893614,-0.0851063829787234,-0.5212765957446809,-0.03723404255319149,-0.4627659574468085,-0.026595744680851064,-0.3882978723404255
0,0.0,0.0,0.0,0.0,0.0,0.0,0.0,0.0,0.0,0.0,0.0,0.0,0.0,0.0,0.0,0.0,0.0,0.0,0.0,0.0,0.0,0.0,0.0,0.0,0.0,0.0,0.0,0.0,0.0,0.0,0.0,0.0,0.0,0.0,0.0,0.0,0.0,0.0,0.0,0.0,0.0,0.0,0.0,0.0,0.20967741935483872,-0.053763440860215055,0.3225806451612903,-0.21505376344086022,0.3118279569892473,-0.3978494623655914,0.26344086021505375,-0.5161290322580645,0.08064516129032258,-0.40860215053763443,0.21505376344086022,-0.6236559139784946,0.23655913978494625,-0.510752688172043,0.1989247311827957,-0.4032258064516129,-0.04838709677419355,-0.45161290322580644,0.08064516129032258,-0.7580645161290323,0.12903225806451613,-0.8978494623655914,0.13440860215053763,-1.0,-0.12365591397849462,-0.45698924731182794,0.03763440860215054,-0.6236559139784946,0.06451612903225806,-0.5268817204301075,0.043010752688172046,-0.43010752688172044,-0.16129032258064516,-0.43010752688172044,-0.021505376344086023,-0.5376344086021505,0.010752688172043012,-0.45698924731182794,0.010752688172043012,-0.3763440860215054
0,0.0,0.0,0.0,0.0,0.0,0.0,0.0,0.0,0.0,0.0,0.0,0.0,0.0,0.0,0.0,0.0,0.0,0.0,0.0,0.0,0.0,0.0,0.0,0.0,0.0,0.0,0.0,0.0,0.0,0.0,0.0,0.0,0.0,0.0,0.0,0.0,0.0,0.0,0.0,0.0,0.0,0.0,0.0,0.0,0.19786096256684493,-0.058823529411764705,0.3315508021390374,-0.20855614973262032,0.32085561497326204,-0.39572192513368987,0.27807486631016043,-0.5187165775401069,0.0855614973262032,-0.42245989304812837,0.2192513368983957,-0.6363636363636364,0.24598930481283424,-0.5294117647058824,0.20320855614973263,-0.42245989304812837,-0.0427807486631016,-0.45989304812834225,0.08021390374331551,-0.7486631016042781,0.12834224598930483,-0.8983957219251337,0.1443850267379679,-1.0,-0.12834224598930483,-0.45454545454545453,0.03208556149732621,-0.6149732620320856,0.058823529411764705,-0.5294117647058824,0.0427807486631016,-0.42780748663101603,-0.1711229946524064,-0.42245989304812837,-0.0374331550802139,-0.5401069518716578,0.0,-0.46524064171123,0.0053475935828877,-0.37967914438502676
0,0.0,0.0,0.0,0.0,0.0,0.0,0.0,0.0,0.0,0.0,0.0,0.0,0.0,0.0,0.0,0.0,0.0,0.0,0.0,0.0,0.0,0.0,0.0,0.0,0.0,0.0,0.0,0.0,0.0,0.0,0.0,0.0,0.0,0.0,0.0,0.0,0.0,0.0,0.0,0.0,0.0,0.0,0.0,0.0,0.20320855614973263,-0.06951871657754011,0.32620320855614976,-0.21390374331550802,0.32085561497326204,-0.39572192513368987,0.28342245989304815,-0.5240641711229946,0.0748663101604278,-0.41711229946524064,0.21390374331550802,-0.6310160427807486,0.24064171122994651,-0.5347593582887701,0.19786096256684493,-0.42780748663101603,-0.053475935828877004,-0.44919786096256686,0.0748663101604278,-0.7433155080213903,0.12299465240641712,-0.893048128342246,0.13368983957219252,-1.0,-0.13368983957219252,-0.45454545454545453,0.0427807486631016,-0.6149732620320856,0.06951871657754011,-0.5347593582887701,0.053475935828877004,-0.4385026737967914,-0.1711229946524064,-0.42780748663101603,-0.0213903743315508,-0.5454545454545454,0.0106951871657754,-0.47058823529411764,0.016042780748663103,-0.39037433155080214
0,0.0,0.0,0.0,0.0,0.0,0.0,0.0,0.0,0.0,0.0,0.0,0.0,0.0,0.0,0.0,0.0,0.0,0.0,0.0,0.0,0.0,0.0,0.0,0.0,0.0,0.0,0.0,0.0,0.0,0.0,0.0,0.0,0.0,0.0,0.0,0.0,0.0,0.0,0.0,0.0,0.0,0.0,0.0,0.0,0.20967741935483872,-0.06989247311827956,0.34408602150537637,-0.22043010752688172,0.3333333333333333,-0.4032258064516129,0.2849462365591398,-0.532258064516129,0.08602150537634409,-0.41397849462365593,0.22043010752688172,-0.6344086021505376,0.24731182795698925,-0.532258064516129,0.1989247311827957,-0.41935483870967744,-0.04838709677419355,-0.45161290322580644,0.08064516129032258,-0.7473118279569892,0.12903225806451613,-0.8978494623655914,0.13978494623655913,-1.0,-0.12903225806451613,-0.45698924731182794,0.04838709677419355,-0.6182795698924731,0.07526881720430108,-0.532258064516129,0.05913978494623656,-0.43548387096774194,-0.16666666666666666,-0.43010752688172044,-0.016129032258064516,-0.543010752688172,0.016129032258064516,-0.4731182795698925,0.021505376344086023,-0.3870967741935484
0,0.0,0.0,0.0,0.0,0.0,0.0,0.0,0.0,0.0,0.0,0.0,0.0,0.0,0.0,0.0,0.0,0.0,0.0,0.0,0.0,0.0,0.0,0.0,0.0,0.0,0.0,0.0,0.0,0.0,0.0,0.0,0.0,0.0,0.0,0.0,0.0,0.0,0.0,0.0,0.0,0.0,0.0,0.0,0.0,-0.18502202643171806,-0.11894273127753303,-0.2643171806167401,-0.3303964757709251,-0.17180616740088106,-0.4801762114537445,-0.05286343612334802,-0.5110132158590308,-0.14096916299559473,-0.5066079295154186,-0.13656387665198239,-0.6607929515418502,-0.10572687224669604,-0.6696035242290749,-0.06607929515418502,-0.6960352422907489,-0.013215859030837005,-0.5022026431718062,-0.013215859030837005,-0.7312775330396476,-0.004405286343612335,-0.8634361233480177,0.022026431718061675,-1.0,0.11013215859030837,-0.45374449339207046,0.14537444933920704,-0.5594713656387665,0.05726872246696035,-0.3920704845814978,-0.004405286343612335,-0.27312775330396477,0.2290748898678414,-0.3700440528634361,0.23348017621145375,-0.4713656387665198,0.16299559471365638,-0.3568281938325991,0.1013215859030837,-0.2643171806167401
0,0.0,0.0,0.0,0.0,0.0,0.0,0.0,0.0,0.0,0.0,0.0,0.0,0.0,0.0,0.0,0.0,0.0,0.0,0.0,0.0,0.0,0.0,0.0,0.0,0.0,0.0,0.0,0.0,0.0,0.0,0.0,0.0,0.0,0.0,0.0,0.0,0.0,0.0,0.0,0.0,0.0,0.0,0.0,0.0,-0.1853448275862069,-0.10775862068965517,-0.27155172413793105,-0.3146551724137931,-0.1810344827586207,-0.46120689655172414,-0.06465517241379311,-0.4956896551724138,-0.15517241379310345,-0.5,-0.15517241379310345,-0.6982758620689655,-0.15086206896551724,-0.8189655172413793,-0.125,-0.9224137931034483,-0.03017241379310345,-0.49137931034482757,-0.01293103448275862,-0.7068965517241379,-0.004310344827586207,-0.8577586206896551,0.021551724137931036,-1.0,0.08620689655172414,-0.4396551724137931,0.13793103448275862,-0.5431034482758621,0.0603448275862069,-0.3879310344827586,-0.008620689655172414,-0.2801724137931034,0.1939655172413793,-0.3577586206896552,0.21982758620689655,-0.4525862068965517,0.15948275862068967,-0.3448275862068966,0.09482758620689655,-0.25862068965517243
0,0.0,0.0,0.0,0.0,0.0,0.0,0.0,0.0,0.0,0.0,0.0,0.0,0.0,0.0,0.0,0.0,0.0,0.0,0.0,0.0,0.0,0.0,0.0,0.0,0.0,0.0,0.0,0.0,0.0,0.0,0.0,0.0,0.0,0.0,0.0,0.0,0.0,0.0,0.0,0.0,0.0,0.0,0.0,0.0,-0.19913419913419914,-0.09090909090909091,-0.2943722943722944,-0.3116883116883117,-0.22077922077922077,-0.4805194805194805,-0.08225108225108226,-0.4675324675324675,-0.15584415584415584,-0.48917748917748916,-0.1341991341991342,-0.6233766233766234,-0.08658008658008658,-0.5238095238095238,-0.05194805194805195,-0.45021645021645024,-0.030303030303030304,-0.4935064935064935,-0.012987012987012988,-0.7186147186147186,-0.012987012987012988,-0.8571428571428571,0.0,-1.0,0.08225108225108226,-0.44155844155844154,0.11688311688311688,-0.5497835497835498,0.04329004329004329,-0.38095238095238093,-0.017316017316017316,-0.2727272727272727,0.19913419913419914,-0.354978354978355,0.20346320346320346,-0.46320346320346323,0.13852813852813853,-0.3463203463203463,0.07792207792207792,-0.2597402597402597
0,0.0,0.0,0.0,0.0,0.0,0.0,0.0,0.0,0.0,0.0,0.0,0.0,0.0,0.0,0.0,0.0,0.0,0.0,0.0,0.0,0.0,0.0,0.0,0.0,0.0,0.0,0.0,0.0,0.0,0.0,0.0,0.0,0.0,0.0,0.0,0.0,0.0,0.0,0.0,0.0,0.0,0.0,0.0,0.0,-0.19313304721030042,-0.0944206008583691,-0.30472103004291845,-0.3090128755364807,-0.24034334763948498,-0.47639484978540775,-0.09871244635193133,-0.48497854077253216,-0.15879828326180256,-0.48068669527896996,-0.15879828326180256,-0.6094420600858369,-0.13733905579399142,-0.4892703862660944,-0.12017167381974249,-0.3905579399141631,-0.03862660944206009,-0.48497854077253216,-0.02575107296137339,-0.703862660944206,-0.02575107296137339,-0.8497854077253219,-0.004291845493562232,-1.0,0.07296137339055794,-0.43776824034334766,0.10300429184549356,-0.5493562231759657,0.034334763948497854,-0.38626609442060084,-0.012875536480686695,-0.27467811158798283,0.1888412017167382,-0.3562231759656652,0.1888412017167382,-0.463519313304721,0.13733905579399142,-0.34763948497854075,0.0815450643776824,-0.2575107296137339
0,0.0,0.0,0.0,0.0,0.0,0.0,0.0,0.0,0.0,0.0,0.0,0.0,0.0,0.0,0.0,0.0,0.0,0.0,0.0,0.0,0.0,0.0,0.0,0.0,0.0,0.0,0.0,0.0,0.0,0.0,0.0,0.0,0.0,0.0,0.0,0.0,0.0,0.0,0.0,0.0,0.0,0.0,0.0,0.0,-0.17813765182186234,-0.08906882591093117,-0.2834008097165992,-0.2874493927125506,-0.22672064777327935,-0.44534412955465585,-0.08502024291497975,-0.43724696356275305,-0.15384615384615385,-0.44129554655870445,-0.14979757085020243,-0.5789473684210527,-0.13765182186234817,-0.4777327935222672,-0.13360323886639677,-0.39271255060728744,-0.04048582995951417,-0.4534412955465587,-0.032388663967611336,-0.6882591093117408,-0.04048582995951417,-0.8421052631578947,-0.02834008097165992,-1.0,0.06477732793522267,-0.4089068825910931,0.0931174089068826,-0.5182186234817814,0.032388663967611336,-0.3643724696356275,-0.012145748987854251,-0.2591093117408907,0.17813765182186234,-0.3360323886639676,0.17408906882591094,-0.43724696356275305,0.12550607287449392,-0.32793522267206476,0.08097165991902834,-0.2388663967611336
0,0.0,0.0,0.0,0.0,0.0,0.0,0.0,0.0,0.0,0.0,0.0,0.0,0.0,0.0,0.0,0.0,0.0,0.0,0.0,0.0,0.0,0.0,0.0,0.0,0.0,0.0,0.0,0.0,0.0,0.0,0.0,0.0,0.0,0.0,0.0,0.0,0.0,0.0,0.0,0.0,0.0,0.0,0.0,0.0,-0.18072289156626506,-0.0963855421686747,-0.285140562248996,-0.2891566265060241,-0.21285140562248997,-0.44176706827309237,-0.07228915662650602,-0.43775100401606426,-0.14859437751004015,-0.4457831325301205,-0.14056224899598393,-0.570281124497992,-0.12449799196787148,-0.46586345381526106,-0.11646586345381527,-0.37349397590361444,-0.03614457831325301,-0.4578313253012048,-0.028112449799196786,-0.6907630522088354,-0.0321285140562249,-0.8433734939759037,-0.020080321285140562,-1.0,0.06827309236947791,-0.40963855421686746,0.09236947791164658,-0.5220883534136547,0.03614457831325301,-0.3654618473895582,-0.008032128514056224,-0.2570281124497992,0.18072289156626506,-0.3333333333333333,0.17670682730923695,-0.44176706827309237,0.12449799196787148,-0.3253012048192771,0.08032128514056225,-0.24096385542168675
0,0.0,0.0,0.0,0.0,0.0,0.0,0.0,0.0,0.0,0.0,0.0,0.0,0.0,0.0,0.0,0.0,0.0,0.0,0.0,0.0,0.0,0.0,0.0,0.0,0.0,0.0,0.0,0.0,0.0,0.0,0.0,0.0,0.0,0.0,0.0,0.0,0.0,0.0,0.0,0.0,0.0,0.0,0.0,0.0,-0.19491525423728814,-0.09745762711864407,-0.3050847457627119,-0.3135593220338983,-0.2457627118644068,-0.4872881355932203,-0.1059322033898305,-0.4703389830508475,-0.1694915254237288,-0.4872881355932203,-0.17796610169491525,-0.6101694915254238,-0.15254237288135594,-0.4957627118644068,-0.13983050847457626,-0.4110169491525424,-0.05084745762711865,-0.4957627118644068,-0.046610169491525424,-0.7288135593220338,-0.0423728813559322,-0.864406779661017,-0.0211864406779661,-1.0,0.05508474576271186,-0.4491525423728814,0.07627118644067797,-0.5635593220338984,0.025423728813559324,-0.3855932203389831,-0.012711864406779662,-0.2669491525423729,0.17372881355932204,-0.3771186440677966,0.1652542372881356,-0.4830508474576271,0.11440677966101695,-0.3601694915254237,0.07203389830508475,-0.2627118644067797
0,0.0,0.0,0.0,0.0,0.0,0.0,0.0,0.0,0.0,0.0,0.0,0.0,0.0,0.0,0.0,0.0,0.0,0.0,0.0,0.0,0.0,0.0,0.0,0.0,0.0,0.0,0.0,0.0,0.0,0.0,0.0,0.0,0.0,0.0,0.0,0.0,0.0,0.0,0.0,0.0,0.0,0.0,0.0,0.0,-0.1906779661016949,-0.09745762711864407,-0.3008474576271186,-0.3008474576271186,-0.2457627118644068,-0.4745762711864407,-0.1016949152542373,-0.4788135593220339,-0.17796610169491525,-0.461864406779661,-0.17372881355932204,-0.6101694915254238,-0.1652542372881356,-0.5084745762711864,-0.15677966101694915,-0.4194915254237288,-0.059322033898305086,-0.4788135593220339,-0.046610169491525424,-0.7076271186440678,-0.046610169491525424,-0.8559322033898306,-0.029661016949152543,-1.0,0.05084745762711865,-0.4406779661016949,0.08050847457627118,-0.5550847457627118,0.0211864406779661,-0.3940677966101695,-0.0211864406779661,-0.2838983050847458,0.1694915254237288,-0.3728813559322034,0.16101694915254236,-0.4830508474576271,0.11864406779661017,-0.3644067796610169,0.07203389830508475,-0.2669491525423729
0,0.0,0.0,0.0,0.0,0.0,0.0,0.0,0.0,0.0,0.0,0.0,0.0,0.0,0.0,0.0,0.0,0.0,0.0,0.0,0.0,0.0,0.0,0.0,0.0,0.0,0.0,0.0,0.0,0.0,0.0,0.0,0.0,0.0,0.0,0.0,0.0,0.0,0.0,0.0,0.0,0.0,0.0,0.0,0.0,-0.18,-0.092,-0.284,-0.284,-0.228,-0.448,-0.092,-0.444,-0.164,-0.444,-0.16,-0.576,-0.144,-0.476,-0.136,-0.396,-0.048,-0.456,-0.04,-0.688,-0.044,-0.84,-0.028,-1.0,0.056,-0.412,0.084,-0.524,0.024,-0.368,-0.016,-0.268,0.168,-0.344,0.156,-0.448,0.116,-0.332,0.076,-0.248
0,0.0,0.0,0.0,0.0,0.0,0.0,0.0,0.0,0.0,0.0,0.0,0.0,0.0,0.0,0.0,0.0,0.0,0.0,0.0,0.0,0.0,0.0,0.0,0.0,0.0,0.0,0.0,0.0,0.0,0.0,0.0,0.0,0.0,0.0,0.0,0.0,0.0,0.0,0.0,0.0,0.0,0.0,0.0,0.0,-0.19480519480519481,-0.09523809523809523,-0.30735930735930733,-0.2987012987012987,-0.2554112554112554,-0.4805194805194805,-0.09956709956709957,-0.48917748917748916,-0.16883116883116883,-0.4675324675324675,-0.1645021645021645,-0.6147186147186147,-0.1471861471861472,-0.5108225108225108,-0.13852813852813853,-0.4155844155844156,-0.047619047619047616,-0.4805194805194805,-0.03463203463203463,-0.7142857142857143,-0.03463203463203463,-0.8614718614718615,-0.012987012987012988,-1.0,0.06493506493506493,-0.44155844155844154,0.09090909090909091,-0.5584415584415584,0.030303030303030304,-0.39826839826839827,-0.012987012987012988,-0.2813852813852814,0.18614718614718614,-0.36796536796536794,0.18181818181818182,-0.4805194805194805,0.12987012987012986,-0.36363636363636365,0.08225108225108226,-0.26406926406926406
0,0.0,0.0,0.0,0.0,0.0,0.0,0.0,0.0,0.0,0.0,0.0,0.0,0.0,0.0,0.0,0.0,0.0,0.0,0.0,0.0,0.0,0.0,0.0,0.0,0.0,0.0,0.0,0.0,0.0,0.0,0.0,0.0,0.0,0.0,0.0,0.0,0.0,0.0,0.0,0.0,0.0,0.0,0.0,0.0,-0.2348993288590604,-0.1476510067114094,-0.4429530201342282,-0.3959731543624161,-0.4899328859060403,-0.6442953020134228,-0.28859060402684567,-0.7516778523489933,-0.2550335570469799,-0.7718120805369127,-0.2483221476510067,-0.959731543624161,-0.26174496644295303,-0.7315436241610739,-0.2684563758389262,-0.5436241610738255,-0.04697986577181208,-0.7516778523489933,-0.026845637583892617,-1.0,-0.08053691275167785,-0.697986577181208,-0.11409395973154363,-0.5033557046979866,0.15436241610738255,-0.6778523489932886,0.174496644295302,-0.8322147651006712,0.09395973154362416,-0.5637583892617449,0.053691275167785234,-0.42953020134228187,0.33557046979865773,-0.5570469798657718,0.3288590604026846,-0.6845637583892618,0.2550335570469799,-0.4966442953020134,0.2080536912751678,-0.40268456375838924
1,0.0,0.0,0.0,0.0,0.0,0.0,0.0,0.0,0.0,0.0,0.0,0.0,0.0,0.0,0.0,0.0,0.0,0.0,0.0,0.0,0.0,0.0,0.0,0.0,0.0,0.0,0.0,0.0,0.0,0.0,0.0,0.0,0.0,0.0,0.0,0.0,0.0,0.0,0.0,0.0,0.0,0.0,0.0,0.0,-0.1859504132231405,-0.07024793388429752,-0.30991735537190085,-0.23553719008264462,-0.3884297520661157,-0.38016528925619836,-0.48760330578512395,-0.4628099173553719,-0.1115702479338843,-0.5,-0.1487603305785124,-0.7024793388429752,-0.16942148760330578,-0.8347107438016529,-0.17768595041322313,-0.9504132231404959,0.01652892561983471,-0.512396694214876,0.03305785123966942,-0.7355371900826446,0.05371900826446281,-0.8801652892561983,0.0743801652892562,-1.0,0.128099173553719,-0.4793388429752066,0.16942148760330578,-0.6776859504132231,0.19834710743801653,-0.8057851239669421,0.2190082644628099,-0.9173553719008265,0.2190082644628099,-0.4132231404958678,0.2727272727272727,-0.5702479338842975,0.30578512396694213,-0.6735537190082644,0.33884297520661155,-0.768595041322314
1,0.0,0.0,0.0,0.0,0.0,0.0,0.0,0.0,0.0,0.0,0.0,0.0,0.0,0.0,0.0,0.0,0.0,0.0,0.0,0.0,0.0,0.0,0.0,0.0,0.0,0.0,0.0,0.0,0.0,0.0,0.0,0.0,0.0,0.0,0.0,0.0,0.0,0.0,0.0,0.0,0.0,0.0,0.0,0.0,-0.17408906882591094,-0.08502024291497975,-0.30364372469635625,-0.24696356275303644,-0.38461538461538464,-0.38866396761133604,-0.4777327935222672,-0.4817813765182186,-0.10526315789473684,-0.5060728744939271,-0.145748987854251,-0.7044534412955465,-0.1700404858299595,-0.8299595141700404,-0.17813765182186234,-0.9433198380566802,0.016194331983805668,-0.5182186234817814,0.032388663967611336,-0.7368421052631579,0.05263157894736842,-0.8785425101214575,0.0728744939271255,-1.0,0.1214574898785425,-0.48582995951417,0.1659919028340081,-0.6761133603238867,0.1902834008097166,-0.7975708502024291,0.21052631578947367,-0.9109311740890689,0.2145748987854251,-0.41700404858299595,0.26720647773279355,-0.5668016194331984,0.29959514170040485,-0.6720647773279352,0.3319838056680162,-0.7692307692307693
1,0.0,0.0,0.0,0.0,0.0,0.0,0.0,0.0,0.0,0.0,0.0,0.0,0.0,0.0,0.0,0.0,0.0,0.0,0.0,0.0,0.0,0.0,0.0,0.0,0.0,0.0,0.0,0.0,0.0,0.0,0.0,0.0,0.0,0.0,0.0,0.0,0.0,0.0,0.0,0.0,0.0,0.0,0.0,0.0,-0.1700404858299595,-0.08906882591093117,-0.29959514170040485,-0.25101214574898784,-0.38461538461538464,-0.38866396761133604,-0.47368421052631576,-0.4777327935222672,-0.10526315789473684,-0.5060728744939271,-0.145748987854251,-0.7044534412955465,-0.1659919028340081,-0.8299595141700404,-0.17408906882591094,-0.9433198380566802,0.020242914979757085,-0.5222672064777328,0.03643724696356275,-0.7408906882591093,0.05668016194331984,-0.8785425101214575,0.07692307692307693,-1.0,0.12550607287449392,-0.48582995951417,0.1659919028340081,-0.6761133603238867,0.19433198380566802,-0.8016194331983806,0.21862348178137653,-0.9109311740890689,0.2145748987854251,-0.42105263157894735,0.27125506072874495,-0.5708502024291497,0.3076923076923077,-0.6720647773279352,0.340080971659919,-0.7692307692307693
1,0.0,0.0,0.0,0.0,0.0,0.0,0.0,0.0,0.0,0.0,0.0,0.0,0.0,0.0,0.0,0.0,0.0,0.0,0.0,0.0,0.0,0.0,0.0,0.0,0.0,0.0,0.0,0.0,0.0,0.0,0.0,0.0,0.0,0.0,0.0,0.0,0.0,0.0,0.0,0.0,0.0,0.0,0.0,0.0,-0.17338709677419356,-0.0846774193548387,-0.3024193548387097,-0.25,-0.38306451612903225,-0.3870967741935484,-0.47580645161290325,-0.4798387096774194,-0.10887096774193548,-0.5040322580645161,-0.14919354838709678,-0.7016129032258065,-0.1693548387096774,-0.8266129032258065,-0.1774193548387097,-0.9395161290322581,0.016129032258064516,-0.5201612903225806,0.03225806451612903,-0.7379032258064516,0.05241935483870968,-0.8790322580645161,0.07661290322580645,-1.0,0.12096774193548387,-0.4879032258064516,0.16532258064516128,-0.6774193548387096,0.18951612903225806,-0.7983870967741935,0.21370967741935484,-0.907258064516129,0.20967741935483872,-0.42338709677419356,0.2661290322580645,-0.5685483870967742,0.3024193548387097,-0.6693548387096774,0.3346774193548387,-0.7661290322580645
1,0.0,0.0,0.0,0.0,0.0,0.0,0.0,0.0,0.0,0.0,0.0,0.0,0.0,0.0,0.0,0.0,0.0,0.0,0.0,0.0,0.0,0.0,0.0,0.0,0.0,0.0,0.0,0.0,0.0,0.0,0.0,0.0,0.0,0.0,0.0,0.0,0.0,0.0,0.0,0.0,0.0,0.0,0.0,0.0,-0.17408906882591094,-0.08502024291497975,-0.29959514170040485,-0.25101214574898784,-0.3805668016194332,-0.38866396761133604,-0.47368421052631576,-0.4817813765182186,-0.10526315789473684,-0.5060728744939271,-0.145748987854251,-0.7044534412955465,-0.1659919028340081,-0.8299595141700404,-0.1700404858299595,-0.9433198380566802,0.020242914979757085,-0.5222672064777328,0.04048582995951417,-0.7408906882591093,0.06072874493927125,-0.8825910931174089,0.08502024291497975,-1.0,0.12550607287449392,-0.4898785425101215,0.1700404858299595,-0.680161943319838,0.19838056680161945,-0.8016194331983806,0.22267206477732793,-0.9149797570850202,0.2145748987854251,-0.4251012145748988,0.26720647773279355,-0.5708502024291497,0.30364372469635625,-0.6680161943319838,0.3360323886639676,-0.7692307692307693
1,0.0,0.0,0.0,0.0,0.0,0.0,0.0,0.0,0.0,0.0,0.0,0.0,0.0,0.0,0.0,0.0,0.0,0.0,0.0,0.0,0.0,0.0,0.0,0.0,0.0,0.0,0.0,0.0,0.0,0.0,0.0,0.0,0.0,0.0,0.0,0.0,0.0,0.0,0.0,0.0,0.0,0.0,0.0,0.0,-0.17479674796747968,-0.08130081300813008,-0.3048780487804878,-0.24390243902439024,-0.3861788617886179,-0.3821138211382114,-0.47560975609756095,-0.4796747967479675,-0.10569105691056911,-0.5040650406504065,-0.14634146341463414,-0.7032520325203252,-0.17073170731707318,-0.8252032520325203,-0.17886178861788618,-0.9390243902439024,0.016260162601626018,-0.5203252032520326,0.032520325203252036,-0.7398373983739838,0.052845528455284556,-0.8780487804878049,0.07723577235772358,-1.0,0.11788617886178862,-0.4878048780487805,0.16666666666666666,-0.6788617886178862,0.1951219512195122,-0.8008130081300813,0.21951219512195122,-0.9146341463414634,0.21138211382113822,-0.42276422764227645,0.26422764227642276,-0.5691056910569106,0.3008130081300813,-0.6666666666666666,0.32926829268292684,-0.7642276422764228
1,0.0,0.0,0.0,0.0,0.0,0.0,0.0,0.0,0.0,0.0,0.0,0.0,0.0,0.0,0.0,0.0,0.0,0.0,0.0,0.0,0.0,0.0,0.0,0.0,0.0,0.0,0.0,0.0,0.0,0.0,0.0,0.0,0.0,0.0,0.0,0.0,0.0,0.0,0.0,0.0,0.0,0.0,0.0,0.0,-0.17073170731707318,-0.08536585365853659,-0.3008130081300813,-0.24390243902439024,-0.3861788617886179,-0.3821138211382114,-0.47560975609756095,-0.47560975609756095,-0.10569105691056911,-0.5,-0.14634146341463414,-0.6991869918699187,-0.17073170731707318,-0.8211382113821138,-0.17479674796747968,-0.9349593495934959,0.016260162601626018,-0.516260162601626,0.036585365853658534,-0.7357723577235772,0.052845528455284556,-0.8780487804878049,0.07723577235772358,-1.0,0.12195121951219512,-0.483739837398374,0.16666666666666666,-0.6747967479674797,0.1951219512195122,-0.7967479674796748,0.22357723577235772,-0.9105691056910569,0.21138211382113822,-0.4186991869918699,0.26422764227642276,-0.5650406504065041,0.3008130081300813,-0.6626016260162602,0.32926829268292684,-0.7642276422764228
1,0.0,0.0,0.0,0.0,0.0,0.0,0.0,0.0,0.0,0.0,0.0,0.0,0.0,0.0,0.0,0.0,0.0,0.0,0.0,0.0,0.0,0.0,0.0,0.0,0.0,0.0,0.0,0.0,0.0,0.0,0.0,0.0,0.0,0.0,0.0,0.0,0.0,0.0,0.0,0.0,0.0,0.0,0.0,0.0,-0.17479674796747968,-0.08536585365853659,-0.3048780487804878,-0.24796747967479674,-0.3861788617886179,-0.3861788617886179,-0.4796747967479675,-0.483739837398374,-0.10975609756097561,-0.5040650406504065,-0.15040650406504066,-0.7073170731707317,-0.17073170731707318,-0.8292682926829268,-0.17886178861788618,-0.943089430894309,0.016260162601626018,-0.5203252032520326,0.032520325203252036,-0.7398373983739838,0.052845528455284556,-0.8821138211382114,0.07317073170731707,-1.0,0.11788617886178862,-0.4878048780487805,0.16260162601626016,-0.6788617886178862,0.1910569105691057,-0.8008130081300813,0.21544715447154472,-0.9146341463414634,0.21138211382113822,-0.42276422764227645,0.26422764227642276,-0.5691056910569106,0.2967479674796748,-0.6707317073170732,0.32926829268292684,-0.7682926829268293
1,0.0,0.0,0.0,0.0,0.0,0.0,0.0,0.0,0.0,0.0,0.0,0.0,0.0,0.0,0.0,0.0,0.0,0.0,0.0,0.0,0.0,0.0,0.0,0.0,0.0,0.0,0.0,0.0,0.0,0.0,0.0,0.0,0.0,0.0,0.0,0.0,0.0,0.0,0.0,0.0,0.0,0.0,0.0,0.0,-0.17479674796747968,-0.08536585365853659,-0.3048780487804878,-0.24390243902439024,-0.3861788617886179,-0.3861788617886179,-0.4796747967479675,-0.483739837398374,-0.10569105691056911,-0.5,-0.14634146341463414,-0.6991869918699187,-0.16666666666666666,-0.8252032520325203,-0.17479674796747968,-0.9390243902439024,0.016260162601626018,-0.516260162601626,0.036585365853658534,-0.7357723577235772,0.052845528455284556,-0.8780487804878049,0.07723577235772358,-1.0,0.12195121951219512,-0.483739837398374,0.16666666666666666,-0.6747967479674797,0.1951219512195122,-0.8008130081300813,0.21951219512195122,-0.9105691056910569,0.21138211382113822,-0.4186991869918699,0.26422764227642276,-0.5650406504065041,0.3008130081300813,-0.6666666666666666,0.32926829268292684,-0.7642276422764228
1,0.0,0.0,0.0,0.0,0.0,0.0,0.0,0.0,0.0,0.0,0.0,0.0,0.0,0.0,0.0,0.0,0.0,0.0,0.0,0.0,0.0,0.0,0.0,0.0,0.0,0.0,0.0,0.0,0.0,0.0,0.0,0.0,0.0,0.0,0.0,0.0,0.0,0.0,0.0,0.0,0.0,0.0,0.0,0.0,-0.17479674796747968,-0.08130081300813008,-0.3048780487804878,-0.24390243902439024,-0.3861788617886179,-0.3861788617886179,-0.4796747967479675,-0.483739837398374,-0.10975609756097561,-0.5040650406504065,-0.14634146341463414,-0.7032520325203252,-0.16666666666666666,-0.8252032520325203,-0.17479674796747968,-0.9390243902439024,0.012195121951219513,-0.5203252032520326,0.032520325203252036,-0.7357723577235772,0.04878048780487805,-0.8780487804878049,0.07317073170731707,-1.0,0.11788617886178862,-0.4878048780487805,0.16260162601626016,-0.6747967479674797,0.18699186991869918,-0.8008130081300813,0.21138211382113822,-0.9146341463414634,0.21138211382113822,-0.42276422764227645,0.26422764227642276,-0.5691056910569106,0.2967479674796748,-0.6707317073170732,0.32926829268292684,-0.7723577235772358
1,0.0,0.0,0.0,0.0,0.0,0.0,0.0,0.0,0.0,0.0,0.0,0.0,0.0,0.0,0.0,0.0,0.0,0.0,0.0,0.0,0.0,0.0,0.0,0.0,0.0,0.0,0.0,0.0,0.0,0.0,0.0,0.0,0.0,0.0,0.0,0.0,0.0,0.0,0.0,0.0,0.0,0.0,0.0,0.0,-0.17073170731707318,-0.08536585365853659,-0.3008130081300813,-0.24390243902439024,-0.3821138211382114,-0.3821138211382114,-0.47560975609756095,-0.4796747967479675,-0.10569105691056911,-0.5,-0.14634146341463414,-0.6991869918699187,-0.16666666666666666,-0.8211382113821138,-0.17479674796747968,-0.9349593495934959,0.016260162601626018,-0.516260162601626,0.036585365853658534,-0.7357723577235772,0.056910569105691054,-0.8780487804878049,0.08130081300813008,-1.0,0.12195121951219512,-0.483739837398374,0.16666666666666666,-0.6747967479674797,0.1951219512195122,-0.7967479674796748,0.21951219512195122,-0.9105691056910569,0.21138211382113822,-0.4186991869918699,0.26422764227642276,-0.5650406504065041,0.3008130081300813,-0.6666666666666666,0.3333333333333333,-0.7642276422764228
1,0.0,0.0,0.0,0.0,0.0,0.0,0.0,0.0,0.0,0.0,0.0,0.0,0.0,0.0,0.0,0.0,0.0,0.0,0.0,0.0,0.0,0.0,0.0,0.0,0.0,0.0,0.0,0.0,0.0,0.0,0.0,0.0,0.0,0.0,0.0,0.0,0.0,0.0,0.0,0.0,0.0,0.0,0.0,0.0,-0.17073170731707318,-0.08130081300813008,-0.3048780487804878,-0.24390243902439024,-0.3861788617886179,-0.3861788617886179,-0.4796747967479675,-0.4796747967479675,-0.10975609756097561,-0.5040650406504065,-0.15040650406504066,-0.7032520325203252,-0.17073170731707318,-0.8252032520325203,-0.17886178861788618,-0.9390243902439024,0.012195121951219513,-0.5203252032520326,0.028455284552845527,-0.7398373983739838,0.04878048780487805,-0.8821138211382114,0.07317073170731707,-1.0,0.11788617886178862,-0.4878048780487805,0.15853658536585366,-0.6788617886178862,0.18699186991869918,-0.8008130081300813,0.21544715447154472,-0.9105691056910569,0.2073170731707317,-0.42276422764227645,0.2601626016260163,-0.5691056910569106,0.2967479674796748,-0.6707317073170732,0.32926829268292684,-0.7682926829268293
1,0.0,0.0,0.0,0.0,0.0,0.0,0.0,0.0,0.0,0.0,0.0,0.0,0.0,0.0,0.0,0.0,0.0,0.0,0.0,0.0,0.0,0.0,0.0,0.0,0.0,0.0,0.0,0.0,0.0,0.0,0.0,0.0,0.0,0.0,0.0,0.0,0.0,0.0,0.0,0.0,0.0,0.0,0.0,0.0,-0.20333333333333334,-0.056666666666666664,-0.33666666666666667,-0.23,-0.4166666666666667,-0.3933333333333333,-0.4666666666666667,-0.5266666666666666,-0.17333333333333334,-0.47,-0.22333333333333333,-0.6733333333333333,-0.24666666666666667,-0.8066666666666666,-0.26,-0.9233333333333333,-0.03666666666666667,-0.5033333333333333,-0.05333333333333334,-0.72,-0.04666666666666667,-0.87,-0.04,-1.0,0.08666666666666667,-0.48,0.12333333333333334,-0.6866666666666666,0.16,-0.82,0.18666666666666668,-0.9466666666666667,0.19666666666666666,-0.4266666666666667,0.2633333333333333,-0.5933333333333334,0.30666666666666664,-0.7066666666666667,0.34,-0.82
1,0.0,0.0,0.0,0.0,0.0,0.0,0.0,0.0,0.0,0.0,0.0,0.0,0.0,0.0,0.0,0.0,0.0,0.0,0.0,0.0,0.0,0.0,0.0,0.0,0.0,0.0,0.0,0.0,0.0,0.0,0.0,0.0,0.0,0.0,0.0,0.0,0.0,0.0,0.0,0.0,0.0,0.0,0.0,0.0,-0.18808777429467086,-0.07523510971786834,-0.31347962382445144,-0.2507836990595611,-0.3824451410658307,-0.4043887147335423,-0.43260188087774293,-0.5329153605015674,-0.15047021943573669,-0.48589341692789967,-0.20689655172413793,-0.6677115987460815,-0.23824451410658307,-0.786833855799373,-0.2507836990595611,-0.896551724137931,-0.03134796238244514,-0.5141065830721003,-0.050156739811912224,-0.7241379310344828,-0.05329153605015674,-0.8746081504702194,-0.050156739811912224,-1.0,0.07836990595611286,-0.4952978056426332,0.109717868338558,-0.6833855799373041,0.13793103448275862,-0.8119122257053292,0.15673981191222572,-0.9278996865203761,0.18181818181818182,-0.44200626959247646,0.2445141065830721,-0.5987460815047022,0.2852664576802508,-0.7053291536050157,0.31347962382445144,-0.8087774294670846
1,0.0,0.0,0.0,0.0,0.0,0.0,0.0,0.0,0.0,0.0,0.0,0.0,0.0,0.0,0.0,0.0,0.0,0.0,0.0,0.0,0.0,0.0,0.0,0.0,0.0,0.0,0.0,0.0,0.0,0.0,0.0,0.0,0.0,0.0,0.0,0.0,0.0,0.0,0.0,0.0,0.0,0.0,0.0,0.0,-0.1875,-0.084375,-0.31875,-0.25625,-0.390625,-0.415625,-0.43125,-0.54375,-0.159375,-0.490625,-0.2125,-0.675,-0.24375,-0.790625,-0.253125,-0.9,-0.0375,-0.521875,-0.05625,-0.73125,-0.05625,-0.875,-0.04375,-1.0,0.071875,-0.50625,0.103125,-0.690625,0.134375,-0.815625,0.1625,-0.93125,0.175,-0.453125,0.234375,-0.603125,0.275,-0.709375,0.309375,-0.8125
1,0.0,0.0,0.0,0.0,0.0,0.0,0.0,0.0,0.0,0.0,0.0,0.0,0.0,0.0,0.0,0.0,0.0,0.0,0.0,0.0,0.0,0.0,0.0,0.0,0.0,0.0,0.0,0.0,0.0,0.0,0.0,0.0,0.0,0.0,0.0,0.0,0.0,0.0,0.0,0.0,0.0,0.0,0.0,0.0,-0.184375,-0.0875,-0.31875,-0.259375,-0.3875,-0.415625,-0.425,-0.546875,-0.15625,-0.5,-0.209375,-0.684375,-0.240625,-0.8,-0.253125,-0.909375,-0.034375,-0.528125,-0.05,-0.734375,-0.05,-0.875,-0.040625,-1.0,0.075,-0.509375,0.10625,-0.69375,0.1375,-0.821875,0.1625,-0.9375,0.175,-0.459375,0.2375,-0.609375,0.278125,-0.7125,0.315625,-0.81875
1,0.0,0.0,0.0,0.0,0.0,0.0,0.0,0.0,0.0,0.0,0.0,0.0,0.0,0.0,0.0,0.0,0.0,0.0,0.0,0.0,0.0,0.0,0.0,0.0,0.0,0.0,0.0,0.0,0.0,0.0,0.0,0.0,0.0,0.0,0.0,0.0,0.0,0.0,0.0,0.0,0.0,0.0,0.0,0.0,-0.1875,-0.0875,-0.31875,-0.259375,-0.390625,-0.415625,-0.425,-0.546875,-0.15625,-0.496875,-0.209375,-0.68125,-0.240625,-0.796875,-0.25,-0.909375,-0.0375,-0.528125,-0.05,-0.734375,-0.05,-0.875,-0.040625,-1.0,0.071875,-0.509375,0.10625,-0.69375,0.1375,-0.821875,0.1625,-0.9375,0.175,-0.459375,0.2375,-0.609375,0.278125,-0.715625,0.3125,-0.81875
1,0.0,0.0,0.0,0.0,0.0,0.0,0.0,0.0,0.0,0.0,0.0,0.0,0.0,0.0,0.0,0.0,0.0,0.0,0.0,0.0,0.0,0.0,0.0,0.0,0.0,0.0,0.0,0.0,0.0,0.0,0.0,0.0,0.0,0.0,0.0,0.0,0.0,0.0,0.0,0.0,0.0,0.0,0.0,0.0,-0.18691588785046728,-0.08722741433021806,-0.32087227414330216,-0.2585669781931464,-0.3925233644859813,-0.4143302180685358,-0.42679127725856697,-0.5451713395638629,-0.1588785046728972,-0.4953271028037383,-0.2118380062305296,-0.6822429906542056,-0.24299065420560748,-0.7975077881619937,-0.2554517133956386,-0.9065420560747663,-0.040498442367601244,-0.5264797507788161,-0.0529595015576324,-0.7320872274143302,-0.056074766355140186,-0.8722741433021807,-0.04672897196261682,-1.0,0.06853582554517133,-0.5077881619937694,0.102803738317757,-0.6915887850467289,0.13395638629283488,-0.8193146417445483,0.1588785046728972,-0.9314641744548287,0.17133956386292834,-0.45794392523364486,0.2336448598130841,-0.6074766355140186,0.27414330218068533,-0.7133956386292835,0.308411214953271,-0.8161993769470405
1,0.0,0.0,0.0,0.0,0.0,0.0,0.0,0.0,0.0,0.0,0.0,0.0,0.0,0.0,0.0,0.0,0.0,0.0,0.0,0.0,0.0,0.0,0.0,0.0,0.0,0.0,0.0,0.0,0.0,0.0,0.0,0.0,0.0,0.0,0.0,0.0,0.0,0.0,0.0,0.0,0.0,0.0,0.0,0.0,-0.18322981366459629,-0.08385093167701864,-0.3167701863354037,-0.2546583850931677,-0.38819875776397517,-0.40993788819875776,-0.4254658385093168,-0.5434782608695652,-0.15838509316770186,-0.4937888198757764,-0.2111801242236025,-0.6801242236024845,-0.2453416149068323,-0.7919254658385093,-0.2546583850931677,-0.9037267080745341,-0.040372670807453416,-0.5248447204968945,-0.055900621118012424,-0.7329192546583851,-0.055900621118012424,-0.8757763975155279,-0.049689440993788817,-1.0,0.06832298136645963,-0.5062111801242236,0.10248447204968944,-0.6894409937888198,0.13664596273291926,-0.8167701863354038,0.15838509316770186,-0.9316770186335404,0.17080745341614906,-0.453416149068323,0.22981366459627328,-0.6055900621118012,0.2701863354037267,-0.7111801242236024,0.30745341614906835,-0.8167701863354038
1,0.0,0.0,0.0,0.0,0.0,0.0,0.0,0.0,0.0,0.0,0.0,0.0,0.0,0.0,0.0,0.0,0.0,0.0,0.0,0.0,0.0,0.0,0.0,0.0,0.0,0.0,0.0,0.0,0.0,0.0,0.0,0.0,0.0,0.0,0.0,0.0,0.0,0.0,0.0,0.0,0.0,0.0,0.0,0.0,-0.1826625386996904,-0.08359133126934984,-0.3157894736842105,-0.25386996904024767,-0.39009287925696595,-0.4086687306501548,-0.4241486068111455,-0.544891640866873,-0.15789473684210525,-0.49226006191950467,-0.21052631578947367,-0.6749226006191951,-0.24458204334365324,-0.7894736842105263,-0.25386996904024767,-0.8978328173374613,-0.04024767801857585,-0.5232198142414861,-0.05572755417956656,-0.7337461300309598,-0.05572755417956656,-0.8730650154798761,-0.04643962848297214,-1.0,0.06811145510835913,-0.5077399380804953,0.10526315789473684,-0.6904024767801857,0.13622291021671826,-0.8173374613003096,0.15789473684210525,-0.9318885448916409,0.17027863777089783,-0.4551083591331269,0.22910216718266255,-0.6037151702786377,0.2693498452012384,-0.7089783281733746,0.30340557275541796,-0.8142414860681114
1,0.0,0.0,0.0,0.0,0.0,0.0,0.0,0.0,0.0,0.0,0.0,0.0,0.0,0.0,0.0,0.0,0.0,0.0,0.0,0.0,0.0,0.0,0.0,0.0,0.0,0.0,0.0,0.0,0.0,0.0,0.0,0.0,0.0,0.0,0.0,0.0,0.0,0.0,0.0,0.0,0.0,0.0,0.0,0.0,-0.184375,-0.0875,-0.31875,-0.253125,-0.390625,-0.409375,-0.428125,-0.54375,-0.1625,-0.49375,-0.215625,-0.678125,-0.246875,-0.79375,-0.25625,-0.903125,-0.040625,-0.525,-0.053125,-0.734375,-0.053125,-0.875,-0.040625,-1.0,0.06875,-0.50625,0.103125,-0.690625,0.134375,-0.81875,0.1625,-0.934375,0.171875,-0.45625,0.23125,-0.60625,0.271875,-0.7125,0.30625,-0.815625
1,0.0,0.0,0.0,0.0,0.0,0.0,0.0,0.0,0.0,0.0,0.0,0.0,0.0,0.0,0.0,0.0,0.0,0.0,0.0,0.0,0.0,0.0,0.0,0.0,0.0,0.0,0.0,0.0,0.0,0.0,0.0,0.0,0.0,0.0,0.0,0.0,0.0,0.0,0.0,0.0,0.0,0.0,0.0,0.0,-0.1838006230529595,-0.09034267912772585,-0.3177570093457944,-0.2554517133956386,-0.3894080996884735,-0.4143302180685358,-0.4236760124610592,-0.5451713395638629,-0.1588785046728972,-0.4984423676012461,-0.2118380062305296,-0.6822429906542056,-0.24610591900311526,-0.794392523364486,-0.2554517133956386,-0.9034267912772586,-0.037383177570093455,-0.5264797507788161,-0.04984423676012461,-0.735202492211838,-0.04984423676012461,-0.8753894080996885,-0.040498442367601244,-1.0,0.07165109034267912,-0.5077881619937694,0.1059190031152648,-0.6915887850467289,0.13395638629283488,-0.8193146417445483,0.1557632398753894,-0.9345794392523364,0.17133956386292834,-0.45482866043613707,0.2336448598130841,-0.6074766355140186,0.27414330218068533,-0.7133956386292835,0.308411214953271,-0.8161993769470405
1,0.0,0.0,0.0,0.0,0.0,0.0,0.0,0.0,0.0,0.0,0.0,0.0,0.0,0.0,0.0,0.0,0.0,0.0,0.0,0.0,0.0,0.0,0.0,0.0,0.0,0.0,0.0,0.0,0.0,0.0,0.0,0.0,0.0,0.0,0.0,0.0,0.0,0.0,0.0,0.0,0.0,0.0,0.0,0.0,-0.1838006230529595,-0.08411214953271028,-0.3177570093457944,-0.2523364485981308,-0.3894080996884735,-0.411214953271028,-0.4205607476635514,-0.5451713395638629,-0.1588785046728972,-0.4953271028037383,-0.2118380062305296,-0.6791277258566978,-0.24610591900311526,-0.794392523364486,-0.2554517133956386,-0.9034267912772586,-0.037383177570093455,-0.5264797507788161,-0.0529595015576324,-0.7320872274143302,-0.056074766355140186,-0.8753894080996885,-0.04672897196261682,-1.0,0.07165109034267912,-0.5077881619937694,0.102803738317757,-0.6915887850467289,0.13395638629283488,-0.8193146417445483,0.1588785046728972,-0.9345794392523364,0.17133956386292834,-0.45482866043613707,0.23052959501557632,-0.6043613707165109,0.27102803738317754,-0.7102803738317757,0.3052959501557632,-0.8161993769470405
1,0.0,0.0,0.0,0.0,0.0,0.0,0.0,0.0,0.0,0.0,0.0,0.0,0.0,0.0,0.0,0.0,0.0,0.0,0.0,0.0,0.0,0.0,0.0,0.0,0.0,0.0,0.0,0.0,0.0,0.0,0.0,0.0,0.0,0.0,0.0,0.0,0.0,0.0,0.0,0.0,0.0,0.0,0.0,0.0,-0.15547703180212014,-0.14840989399293286,-0.22614840989399293,-0.31448763250883394,-0.254416961130742,-0.43109540636042404,-0.27208480565371024,-0.5265017667844523,-0.10600706713780919,-0.5300353356890459,-0.15901060070671377,-0.6996466431095406,-0.1978798586572438,-0.8021201413427562,-0.21908127208480566,-0.9045936395759717,-0.024734982332155476,-0.5512367491166078,-0.06713780918727916,-0.7491166077738516,-0.10247349823321555,-0.8763250883392226,-0.127208480565371,-1.0,0.05653710247349823,-0.5335689045936396,0.0636042402826855,-0.7279151943462897,0.05653710247349823,-0.8480565371024735,0.04946996466431095,-0.9646643109540636,0.13780918727915195,-0.48056537102473496,0.17667844522968199,-0.6360424028268551,0.1978798586572438,-0.7455830388692579,0.21201413427561838,-0.8586572438162544
1,0.0,0.0,0.0,0.0,0.0,0.0,0.0,0.0,0.0,0.0,0.0,0.0,0.0,0.0,0.0,0.0,0.0,0.0,0.0,0.0,0.0,0.0,0.0,0.0,0.0,0.0,0.0,0.0,0.0,0.0,0.0,0.0,0.0,0.0,0.0,0.0,0.0,0.0,0.0,0.0,0.0,0.0,0.0,0.0,-0.16853932584269662,-0.14232209737827714,-0.23220973782771537,-0.2958801498127341,-0.25842696629213485,-0.41198501872659177,-0.2846441947565543,-0.5093632958801498,-0.11235955056179775,-0.5205992509363296,-0.1760299625468165,-0.6966292134831461,-0.2209737827715356,-0.8052434456928839,-0.24719101123595505,-0.9063670411985019,-0.018726591760299626,-0.5393258426966292,-0.06741573033707865,-0.7453183520599251,-0.10861423220973783,-0.8801498127340824,-0.14232209737827714,-1.0,0.06741573033707865,-0.5168539325842697,0.07116104868913857,-0.7153558052434457,0.06367041198501873,-0.850187265917603,0.04868913857677903,-0.9700374531835206,0.149812734082397,-0.46441947565543074,0.18726591760299627,-0.6329588014981273,0.20599250936329588,-0.7490636704119851,0.21722846441947566,-0.8651685393258427
1,0.0,0.0,0.0,0.0,0.0,0.0,0.0,0.0,0.0,0.0,0.0,0.0,0.0,0.0,0.0,0.0,0.0,0.0,0.0,0.0,0.0,0.0,0.0,0.0,0.0,0.0,0.0,0.0,0.0,0.0,0.0,0.0,0.0,0.0,0.0,0.0,0.0,0.0,0.0,0.0,0.0,0.0,0.0,0.0,-0.16287878787878787,-0.13257575757575757,-0.23106060606060605,-0.2916666666666667,-0.25757575757575757,-0.4090909090909091,-0.2840909090909091,-0.5037878787878788,-0.10984848484848485,-0.5151515151515151,-0.17045454545454544,-0.6893939393939394,-0.2159090909090909,-0.7992424242424242,-0.24621212121212122,-0.9015151515151515,-0.011363636363636364,-0.5340909090909091,-0.06060606060606061,-0.7386363636363636,-0.09848484848484848,-0.8787878787878788,-0.12878787878787878,-1.0,0.07575757575757576,-0.5113636363636364,0.07954545454545454,-0.7083333333333334,0.07196969696969698,-0.8484848484848485,0.056818181818181816,-0.9734848484848485,0.1553030303030303,-0.45454545454545453,0.19696969696969696,-0.625,0.2159090909090909,-0.7424242424242424,0.22727272727272727,-0.8636363636363636
1,0.0,0.0,0.0,0.0,0.0,0.0,0.0,0.0,0.0,0.0,0.0,0.0,0.0,0.0,0.0,0.0,0.0,0.0,0.0,0.0,0.0,0.0,0.0,0.0,0.0,0.0,0.0,0.0,0.0,0.0,0.0,0.0,0.0,0.0,0.0,0.0,0.0,0.0,0.0,0.0,0.0,0.0,0.0,0.0,-0.1717557251908397,-0.13740458015267176,-0.2366412213740458,-0.29389312977099236,-0.2633587786259542,-0.4083969465648855,-0.2900763358778626,-0.5038167938931297,-0.11068702290076336,-0.5114503816793893,-0.17557251908396945,-0.683206106870229,-0.22519083969465647,-0.7900763358778626,-0.2595419847328244,-0.8931297709923665,-0.011450381679389313,-0.5343511450381679,-0.061068702290076333,-0.7366412213740458,-0.10305343511450382,-0.8816793893129771,-0.13740458015267176,-1.0,0.07251908396946564,-0.5114503816793893,0.08015267175572519,-0.7099236641221374,0.06870229007633588,-0.8473282442748091,0.05725190839694656,-0.9694656488549618,0.15648854961832062,-0.4580152671755725,0.1946564885496183,-0.6297709923664122,0.2099236641221374,-0.7519083969465649,0.22137404580152673,-0.8702290076335878
1,0.0,0.0,0.0,0.0,0.0,0.0,0.0,0.0,0.0,0.0,0.0,0.0,0.0,0.0,0.0,0.0,0.0,0.0,0.0,0.0,0.0,0.0,0.0,0.0,0.0,0.0,0.0,0.0,0.0,0.0,0.0,0.0,0.0,0.0,0.0,0.0,0.0,0.0,0.0,0.0,0.0,0.0,0.0,0.0,-0.1724137931034483,-0.13409961685823754,-0.23754789272030652,-0.29118773946360155,-0.26436781609195403,-0.4061302681992337,-0.2950191570881226,-0.49808429118773945,-0.11494252873563218,-0.5134099616858238,-0.17624521072796934,-0.6819923371647509,-0.2260536398467433,-0.789272030651341,-0.26053639846743293,-0.8888888888888888,-0.011494252873563218,-0.5325670498084292,-0.06513409961685823,-0.735632183908046,-0.10727969348659004,-0.8812260536398467,-0.1417624521072797,-1.0,0.07662835249042145,-0.5095785440613027,0.08045977011494253,-0.7088122605363985,0.06513409961685823,-0.8467432950191571,0.05363984674329502,-0.9731800766283525,0.15708812260536398,-0.45977011494252873,0.19540229885057472,-0.6283524904214559,0.210727969348659,-0.7509578544061303,0.2260536398467433,-0.8697318007662835
1,0.0,0.0,0.0,0.0,0.0,0.0,0.0,0.0,0.0,0.0,0.0,0.0,0.0,0.0,0.0,0.0,0.0,0.0,0.0,0.0,0.0,0.0,0.0,0.0,0.0,0.0,0.0,0.0,0.0,0.0,0.0,0.0,0.0,0.0,0.0,0.0,0.0,0.0,0.0,0.0,0.0,0.0,0.0,0.0,-0.1685823754789272,-0.11877394636015326,-0.23754789272030652,-0.28735632183908044,-0.26053639846743293,-0.4061302681992337,-0.29118773946360155,-0.4904214559386973,-0.11877394636015326,-0.5134099616858238,-0.1839080459770115,-0.6819923371647509,-0.22988505747126436,-0.7931034482758621,-0.26436781609195403,-0.89272030651341,-0.019157088122605363,-0.5325670498084292,-0.06896551724137931,-0.7394636015325671,-0.1111111111111111,-0.8812260536398467,-0.14942528735632185,-1.0,0.07279693486590039,-0.5095785440613027,0.07662835249042145,-0.7126436781609196,0.06130268199233716,-0.8505747126436781,0.04980842911877394,-0.9731800766283525,0.1532567049808429,-0.4559386973180077,0.19157088122605365,-0.6245210727969349,0.21455938697318008,-0.7471264367816092,0.2260536398467433,-0.8697318007662835
1,0.0,0.0,0.0,0.0,0.0,0.0,0.0,0.0,0.0,0.0,0.0,0.0,0.0,0.0,0.0,0.0,0.0,0.0,0.0,0.0,0.0,0.0,0.0,0.0,0.0,0.0,0.0,0.0,0.0,0.0,0.0,0.0,0.0,0.0,0.0,0.0,0.0,0.0,0.0,0.0,0.0,0.0,0.0,0.0,-0.16793893129770993,-0.12595419847328243,-0.23282442748091603,-0.2900763358778626,-0.2595419847328244,-0.40458015267175573,-0.2900763358778626,-0.49236641221374045,-0.11450381679389313,-0.5114503816793893,-0.1717557251908397,-0.683206106870229,-0.21755725190839695,-0.7938931297709924,-0.25190839694656486,-0.8931297709923665,-0.015267175572519083,-0.5305343511450382,-0.0648854961832061,-0.732824427480916,-0.10687022900763359,-0.8778625954198473,-0.14885496183206107,-1.0,0.07251908396946564,-0.5076335877862596,0.07633587786259542,-0.7099236641221374,0.061068702290076333,-0.8473282442748091,0.04580152671755725,-0.9732824427480916,0.15267175572519084,-0.4541984732824427,0.19083969465648856,-0.6259541984732825,0.2099236641221374,-0.7480916030534351,0.22137404580152673,-0.8702290076335878
1,0.0,0.0,0.0,0.0,0.0,0.0,0.0,0.0,0.0,0.0,0.0,0.0,0.0,0.0,0.0,0.0,0.0,0.0,0.0,0.0,0.0,0.0,0.0,0.0,0.0,0.0,0.0,0.0,0.0,0.0,0.0,0.0,0.0,0.0,0.0,0.0,0.0,0.0,0.0,0.0,0.0,0.0,0.0,0.0,-0.1685823754789272,-0.12643678160919541,-0.23371647509578544,-0.29118773946360155,-0.26053639846743293,-0.4061302681992337,-0.29118773946360155,-0.49808429118773945,-0.11494252873563218,-0.5134099616858238,-0.1724137931034483,-0.6819923371647509,-0.2222222222222222,-0.789272030651341,-0.2567049808429119,-0.8888888888888888,-0.01532567049808429,-0.5325670498084292,-0.06513409961685823,-0.735632183908046,-0.10727969348659004,-0.8773946360153256,-0.14559386973180077,-1.0,0.07279693486590039,-0.5095785440613027,0.07662835249042145,-0.7088122605363985,0.06513409961685823,-0.8467432950191571,0.04980842911877394,-0.9731800766283525,0.1532567049808429,-0.45977011494252873,0.19157088122605365,-0.6283524904214559,0.210727969348659,-0.7509578544061303,0.2222222222222222,-0.8735632183908046
1,0.0,0.0,0.0,0.0,0.0,0.0,0.0,0.0,0.0,0.0,0.0,0.0,0.0,0.0,0.0,0.0,0.0,0.0,0.0,0.0,0.0,0.0,0.0,0.0,0.0,0.0,0.0,0.0,0.0,0.0,0.0,0.0,0.0,0.0,0.0,0.0,0.0,0.0,0.0,0.0,0.0,0.0,0.0,0.0,-0.16602316602316602,-0.12355212355212356,-0.23552123552123552,-0.28957528957528955,-0.25868725868725867,-0.40540540540540543,-0.28957528957528955,-0.4942084942084942,-0.11196911196911197,-0.5096525096525096,-0.17374517374517376,-0.6756756756756757,-0.22007722007722008,-0.7876447876447876,-0.2548262548262548,-0.8841698841698842,-0.011583011583011582,-0.5328185328185329,-0.06177606177606178,-0.7374517374517374,-0.10424710424710425,-0.8803088803088803,-0.14285714285714285,-1.0,0.07722007722007722,-0.5096525096525096,0.08108108108108109,-0.7142857142857143,0.0694980694980695,-0.8494208494208494,0.05405405405405406,-0.9768339768339769,0.1583011583011583,-0.4555984555984556,0.1969111969111969,-0.6293436293436293,0.21621621621621623,-0.752895752895753,0.2277992277992278,-0.8725868725868726
1,0.0,0.0,0.0,0.0,0.0,0.0,0.0,0.0,0.0,0.0,0.0,0.0,0.0,0.0,0.0,0.0,0.0,0.0,0.0,0.0,0.0,0.0,0.0,0.0,0.0,0.0,0.0,0.0,0.0,0.0,0.0,0.0,0.0,0.0,0.0,0.0,0.0,0.0,0.0,0.0,0.0,0.0,0.0,0.0,-0.16205533596837945,-0.11857707509881422,-0.23715415019762845,-0.2845849802371542,-0.2648221343873518,-0.40711462450592883,-0.2885375494071146,-0.4901185770750988,-0.1067193675889328,-0.5138339920948617,-0.17391304347826086,-0.691699604743083,-0.22134387351778656,-0.7984189723320159,-0.25691699604743085,-0.8932806324110671,-0.003952569169960474,-0.5375494071146245,-0.05928853754940711,-0.7470355731225297,-0.10276679841897234,-0.8893280632411067,-0.1422924901185771,-1.0,0.09090909090909091,-0.5138339920948617,0.09090909090909091,-0.7272727272727273,0.07114624505928854,-0.8695652173913043,0.05533596837944664,-0.9960474308300395,0.17786561264822134,-0.4624505928853755,0.20948616600790515,-0.6363636363636364,0.22924901185770752,-0.766798418972332,0.24110671936758893,-0.8853754940711462
1,0.0,0.0,0.0,0.0,0.0,0.0,0.0,0.0,0.0,0.0,0.0,0.0,0.0,0.0,0.0,0.0,0.0,0.0,0.0,0.0,0.0,0.0,0.0,0.0,0.0,0.0,0.0,0.0,0.0,0.0,0.0,0.0,0.0,0.0,0.0,0.0,0.0,0.0,0.0,0.0,0.0,0.0,0.0,0.0,-0.16279069767441862,-0.12015503875968993,-0.23255813953488372,-0.2868217054263566,-0.2558139534883721,-0.4069767441860465,-0.29069767441860467,-0.4883720930232558,-0.10852713178294573,-0.5077519379844961,-0.1744186046511628,-0.6782945736434108,-0.22093023255813954,-0.7868217054263565,-0.2558139534883721,-0.8875968992248062,-0.007751937984496124,-0.5310077519379846,-0.06201550387596899,-0.7364341085271318,-0.10077519379844961,-0.8798449612403101,-0.13565891472868216,-1.0,0.08527131782945736,-0.5077519379844961,0.08527131782945736,-0.7131782945736435,0.07364341085271318,-0.8527131782945736,0.06201550387596899,-0.9767441860465116,0.17054263565891473,-0.4573643410852713,0.2054263565891473,-0.627906976744186,0.2248062015503876,-0.751937984496124,0.24031007751937986,-0.872093023255814
1,0.0,0.0,0.0,0.0,0.0,0.0,0.0,0.0,0.0,0.0,0.0,0.0,0.0,0.0,0.0,0.0,0.0,0.0,0.0,0.0,0.0,0.0,0.0,0.0,0.0,0.0,0.0,0.0,0.0,0.0,0.0,0.0,0.0,0.0,0.0,0.0,0.0,0.0,0.0,0.0,0.0,0.0,0.0,0.0,-0.13901345291479822,-0.08071748878923767,-0.23766816143497757,-0.2242152466367713,-0.30493273542600896,-0.3632286995515695,-0.3991031390134529,-0.452914798206278,-0.14349775784753363,-0.515695067264574,-0.15695067264573992,-0.7085201793721974,-0.15695067264573992,-0.8251121076233184,-0.14798206278026907,-0.9372197309417041,-0.04932735426008968,-0.547085201793722,-0.04484304932735426,-0.7623318385650224,-0.026905829596412557,-0.8834080717488789,-0.008968609865470852,-1.0,0.03587443946188341,-0.5291479820627802,0.06278026905829596,-0.7085201793721974,0.08968609865470852,-0.8161434977578476,0.11210762331838565,-0.9147982062780269,0.11659192825112108,-0.47085201793721976,0.14798206278026907,-0.6053811659192825,0.17488789237668162,-0.6905829596412556,0.20179372197309417,-0.7668161434977578
1,0.0,0.0,0.0,0.0,0.0,0.0,0.0,0.0,0.0,0.0,0.0,0.0,0.0,0.0,0.0,0.0,0.0,0.0,0.0,0.0,0.0,0.0,0.0,0.0,0.0,0.0,0.0,0.0,0.0,0.0,0.0,0.0,0.0,0.0,0.0,0.0,0.0,0.0,0.0,0.0,0.0,0.0,0.0,0.0,-0.14084507042253522,-0.06572769953051644,-0.2300469483568075,-0.20657276995305165,-0.3051643192488263,-0.3474178403755869,-0.4084507042253521,-0.43661971830985913,-0.13615023474178403,-0.5023474178403756,-0.15023474178403756,-0.6948356807511737,-0.15492957746478872,-0.8215962441314554,-0.14553990610328638,-0.9389671361502347,-0.04225352112676056,-0.5352112676056338,-0.03286384976525822,-0.7464788732394366,-0.023474178403755867,-0.8826291079812206,-0.009389671361502348,-1.0,0.04225352112676056,-0.5164319248826291,0.07042253521126761,-0.6995305164319249,0.09389671361502347,-0.8169014084507042,0.11737089201877934,-0.9248826291079812,0.12206572769953052,-0.460093896713615,0.1643192488262911,-0.596244131455399,0.19248826291079812,-0.6854460093896714,0.22065727699530516,-0.7746478873239436
1,0.0,0.0,0.0,0.0,0.0,0.0,0.0,0.0,0.0,0.0,0.0,0.0,0.0,0.0,0.0,0.0,0.0,0.0,0.0,0.0,0.0,0.0,0.0,0.0,0.0,0.0,0.0,0.0,0.0,0.0,0.0,0.0,0.0,0.0,0.0,0.0,0.0,0.0,0.0,0.0,0.0,0.0,0.0,0.0,-0.14832535885167464,-0.05263157894736842,-0.24401913875598086,-0.18660287081339713,-0.3157894736842105,-0.33014354066985646,-0.42105263157894735,-0.4258373205741627,-0.14354066985645933,-0.48325358851674644,-0.15789473684210525,-0.6794258373205742,-0.16267942583732056,-0.8133971291866029,-0.15311004784688995,-0.9282296650717703,-0.04784688995215311,-0.5215311004784688,-0.0430622009569378,-0.7368421052631579,-0.03349282296650718,-0.8755980861244019,-0.019138755980861243,-1.0,0.03349282296650718,-0.5023923444976076,0.06698564593301436,-0.6889952153110048,0.09090909090909091,-0.8086124401913876,0.11004784688995216,-0.9186602870813397,0.11483253588516747,-0.44976076555023925,0.15789473684210525,-0.583732057416268,0.18660287081339713,-0.6746411483253588,0.215311004784689,-0.7703349282296651
1,0.0,0.0,0.0,0.0,0.0,0.0,0.0,0.0,0.0,0.0,0.0,0.0,0.0,0.0,0.0,0.0,0.0,0.0,0.0,0.0,0.0,0.0,0.0,0.0,0.0,0.0,0.0,0.0,0.0,0.0,0.0,0.0,0.0,0.0,0.0,0.0,0.0,0.0,0.0,0.0,0.0,0.0,0.0,0.0,-0.15311004784688995,-0.04784688995215311,-0.2535885167464115,-0.18181818181818182,-0.32057416267942584,-0.3253588516746411,-0.42105263157894735,-0.4258373205741627,-0.14354066985645933,-0.48325358851674644,-0.16267942583732056,-0.6794258373205742,-0.1674641148325359,-0.8133971291866029,-0.15789473684210525,-0.9330143540669856,-0.05263157894736842,-0.5167464114832536,-0.0430622009569378,-0.7320574162679426,-0.03349282296650718,-0.8755980861244019,-0.023923444976076555,-1.0,0.03349282296650718,-0.49760765550239233,0.06698564593301436,-0.6889952153110048,0.09090909090909091,-0.8086124401913876,0.11004784688995216,-0.9186602870813397,0.11483253588516747,-0.4449760765550239,0.15789473684210525,-0.583732057416268,0.18660287081339713,-0.6746411483253588,0.21052631578947367,-0.7655502392344498
1,0.0,0.0,0.0,0.0,0.0,0.0,0.0,0.0,0.0,0.0,0.0,0.0,0.0,0.0,0.0,0.0,0.0,0.0,0.0,0.0,0.0,0.0,0.0,0.0,0.0,0.0,0.0,0.0,0.0,0.0,0.0,0.0,0.0,0.0,0.0,0.0,0.0,0.0,0.0,0.0,0.0,0.0,0.0,0.0,-0.14832535885167464,-0.05263157894736842,-0.24880382775119617,-0.19138755980861244,-0.3157894736842105,-0.33014354066985646,-0.41626794258373206,-0.4258373205741627,-0.14832535885167464,-0.48325358851674644,-0.16267942583732056,-0.6842105263157895,-0.16267942583732056,-0.8133971291866029,-0.15311004784688995,-0.9282296650717703,-0.05263157894736842,-0.5215311004784688,-0.0430622009569378,-0.7368421052631579,-0.03827751196172249,-0.8755980861244019,-0.028708133971291867,-1.0,0.03349282296650718,-0.5023923444976076,0.06698564593301436,-0.6889952153110048,0.0861244019138756,-0.8133971291866029,0.10526315789473684,-0.9234449760765551,0.11004784688995216,-0.44976076555023925,0.15789473684210525,-0.583732057416268,0.18660287081339713,-0.6746411483253588,0.21052631578947367,-0.7655502392344498
1,0.0,0.0,0.0,0.0,0.0,0.0,0.0,0.0,0.0,0.0,0.0,0.0,0.0,0.0,0.0,0.0,0.0,0.0,0.0,0.0,0.0,0.0,0.0,0.0,0.0,0.0,0.0,0.0,0.0,0.0,0.0,0.0,0.0,0.0,0.0,0.0,0.0,0.0,0.0,0.0,0.0,0.0,0.0,0.0,-0.15311004784688995,-0.04784688995215311,-0.24880382775119617,-0.18181818181818182,-0.32057416267942584,-0.3253588516746411,-0.42105263157894735,-0.430622009569378,-0.14832535885167464,-0.48325358851674644,-0.16267942583732056,-0.6842105263157895,-0.16267942583732056,-0.8133971291866029,-0.15311004784688995,-0.9330143540669856,-0.05741626794258373,-0.5167464114832536,-0.05263157894736842,-0.7320574162679426,-0.0430622009569378,-0.8755980861244019,-0.03349282296650718,-1.0,0.028708133971291867,-0.49760765550239233,0.06220095693779904,-0.6889952153110048,0.08133971291866028,-0.8133971291866029,0.10047846889952153,-0.9234449760765551,0.10526315789473684,-0.4449760765550239,0.15311004784688995,-0.5789473684210527,0.18181818181818182,-0.6746411483253588,0.20574162679425836,-0.7703349282296651
1,0.0,0.0,0.0,0.0,0.0,0.0,0.0,0.0,0.0,0.0,0.0,0.0,0.0,0.0,0.0,0.0,0.0,0.0,0.0,0.0,0.0,0.0,0.0,0.0,0.0,0.0,0.0,0.0,0.0,0.0,0.0,0.0,0.0,0.0,0.0,0.0,0.0,0.0,0.0,0.0,0.0,0.0,0.0,0.0,-0.1523809523809524,-0.047619047619047616,-0.24761904761904763,-0.18571428571428572,-0.319047619047619,-0.3238095238095238,-0.41904761904761906,-0.42857142857142855,-0.14761904761904762,-0.48095238095238096,-0.1619047619047619,-0.680952380952381,-0.1619047619047619,-0.8095238095238095,-0.1523809523809524,-0.9285714285714286,-0.05714285714285714,-0.5142857142857142,-0.047619047619047616,-0.7285714285714285,-0.04285714285714286,-0.8761904761904762,-0.03333333333333333,-1.0,0.02857142857142857,-0.49523809523809526,0.06190476190476191,-0.6857142857142857,0.08095238095238096,-0.8095238095238095,0.10476190476190476,-0.919047619047619,0.10952380952380952,-0.44285714285714284,0.1523809523809524,-0.580952380952381,0.18095238095238095,-0.6714285714285714,0.20476190476190476,-0.7666666666666667
1,0.0,0.0,0.0,0.0,0.0,0.0,0.0,0.0,0.0,0.0,0.0,0.0,0.0,0.0,0.0,0.0,0.0,0.0,0.0,0.0,0.0,0.0,0.0,0.0,0.0,0.0,0.0,0.0,0.0,0.0,0.0,0.0,0.0,0.0,0.0,0.0,0.0,0.0,0.0,0.0,0.0,0.0,0.0,0.0,-0.14705882352941177,-0.03431372549019608,-0.24019607843137256,-0.16176470588235295,-0.3088235294117647,-0.30392156862745096,-0.4068627450980392,-0.4215686274509804,-0.13725490196078433,-0.47058823529411764,-0.14705882352941177,-0.6764705882352942,-0.14705882352941177,-0.8088235294117647,-0.13725490196078433,-0.9313725490196079,-0.04411764705882353,-0.5049019607843137,-0.0392156862745098,-0.7303921568627451,-0.029411764705882353,-0.8725490196078431,-0.0196078431372549,-1.0,0.0392156862745098,-0.49019607843137253,0.07352941176470588,-0.6862745098039216,0.10294117647058823,-0.8088235294117647,0.12254901960784313,-0.9215686274509803,0.12254901960784313,-0.4411764705882353,0.16666666666666666,-0.5833333333333334,0.19117647058823528,-0.6715686274509803,0.22058823529411764,-0.7598039215686274
1,0.0,0.0,0.0,0.0,0.0,0.0,0.0,0.0,0.0,0.0,0.0,0.0,0.0,0.0,0.0,0.0,0.0,0.0,0.0,0.0,0.0,0.0,0.0,0.0,0.0,0.0,0.0,0.0,0.0,0.0,0.0,0.0,0.0,0.0,0.0,0.0,0.0,0.0,0.0,0.0,0.0,0.0,0.0,0.0,-0.15048543689320387,-0.038834951456310676,-0.24757281553398058,-0.17475728155339806,-0.3155339805825243,-0.3155339805825243,-0.41262135922330095,-0.42718446601941745,-0.14563106796116504,-0.48058252427184467,-0.16019417475728157,-0.6796116504854369,-0.16019417475728157,-0.8106796116504854,-0.1553398058252427,-0.9320388349514563,-0.04854368932038835,-0.5145631067961165,-0.038834951456310676,-0.7281553398058253,-0.03398058252427184,-0.8737864077669902,-0.024271844660194174,-1.0,0.03398058252427184,-0.49514563106796117,0.06796116504854369,-0.6844660194174758,0.09223300970873786,-0.8106796116504854,0.11165048543689321,-0.9223300970873787,0.11650485436893204,-0.441747572815534,0.16019417475728157,-0.5776699029126213,0.18446601941747573,-0.6699029126213593,0.2087378640776699,-0.7621359223300971
1,0.0,0.0,0.0,0.0,0.0,0.0,0.0,0.0,0.0,0.0,0.0,0.0,0.0,0.0,0.0,0.0,0.0,0.0,0.0,0.0,0.0,0.0,0.0,0.0,0.0,0.0,0.0,0.0,0.0,0.0,0.0,0.0,0.0,0.0,0.0,0.0,0.0,0.0,0.0,0.0,0.0,0.0,0.0,0.0,-0.15458937198067632,-0.043478260869565216,-0.25120772946859904,-0.178743961352657,-0.3188405797101449,-0.3188405797101449,-0.4106280193236715,-0.43478260869565216,-0.14492753623188406,-0.4782608695652174,-0.1642512077294686,-0.6811594202898551,-0.1642512077294686,-0.8164251207729468,-0.15458937198067632,-0.9371980676328503,-0.05314009661835749,-0.5120772946859904,-0.04830917874396135,-0.7294685990338164,-0.03864734299516908,-0.8743961352657005,-0.028985507246376812,-1.0,0.028985507246376812,-0.4927536231884058,0.06280193236714976,-0.6859903381642513,0.08695652173913043,-0.8067632850241546,0.10628019323671498,-0.9227053140096618,0.1111111111111111,-0.4444444444444444,0.15458937198067632,-0.5797101449275363,0.178743961352657,-0.6714975845410628,0.2028985507246377,-0.7632850241545893
1,0.0,0.0,0.0,0.0,0.0,0.0,0.0,0.0,0.0,0.0,0.0,0.0,0.0,0.0,0.0,0.0,0.0,0.0,0.0,0.0,0.0,0.0,0.0,0.0,0.0,0.0,0.0,0.0,0.0,0.0,0.0,0.0,0.0,0.0,0.0,0.0,0.0,0.0,0.0,0.0,0.0,0.0,0.0,0.0,-0.14903846153846154,-0.04326923076923077,-0.24519230769230768,-0.1778846153846154,-0.3173076923076923,-0.32211538461538464,-0.40865384615384615,-0.4326923076923077,-0.13942307692307693,-0.47596153846153844,-0.15384615384615385,-0.6778846153846154,-0.15384615384615385,-0.8125,-0.14423076923076922,-0.9326923076923077,-0.04807692307692308,-0.5096153846153846,-0.04326923076923077,-0.7307692307692307,-0.038461538461538464,-0.875,-0.028846153846153848,-1.0,0.03365384615384615,-0.4951923076923077,0.0673076923076923,-0.6826923076923077,0.09134615384615384,-0.8076923076923077,0.11538461538461539,-0.9182692307692307,0.11538461538461539,-0.44711538461538464,0.15865384615384615,-0.5817307692307693,0.18269230769230768,-0.6730769230769231,0.21153846153846154,-0.7644230769230769
1,0.0,0.0,0.0,0.0,0.0,0.0,0.0,0.0,0.0,0.0,0.0,0.0,0.0,0.0,0.0,0.0,0.0,0.0,0.0,0.0,0.0,0.0,0.0,0.0,0.0,0.0,0.0,0.0,0.0,0.0,0.0,0.0,0.0,0.0,0.0,0.0,0.0,0.0,0.0,0.0,0.0,0.0,0.0,0.0,0.19555555555555557,-0.09333333333333334,0.3022222222222222,-0.22666666666666666,0.39111111111111113,-0.36444444444444446,0.49777777777777776,-0.4177777777777778,0.13777777777777778,-0.4444444444444444,0.18666666666666668,-0.68,0.2088888888888889,-0.8222222222222222,0.2222222222222222,-0.9288888888888889,0.0044444444444444444,-0.4666666666666667,0.0,-0.7288888888888889,0.0,-0.8888888888888888,-0.0044444444444444444,-1.0,-0.12444444444444444,-0.43555555555555553,-0.17777777777777778,-0.6711111111111111,-0.20444444444444446,-0.8133333333333334,-0.2222222222222222,-0.92,-0.2222222222222222,-0.37333333333333335,-0.30666666666666664,-0.5511111111111111,-0.35555555555555557,-0.6577777777777778,-0.38666666666666666,-0.7555555555555555
1,0.0,0.0,0.0,0.0,0.0,0.0,0.0,0.0,0.0,0.0,0.0,0.0,0.0,0.0,0.0,0.0,0.0,0.0,0.0,0.0,0.0,0.0,0.0,0.0,0.0,0.0,0.0,0.0,0.0,0.0,0.0,0.0,0.0,0.0,0.0,0.0,0.0,0.0,0.0,0.0,0.0,0.0,0.0,0.0,0.1759656652360515,-0.1072961373390558,0.2832618025751073,-0.24892703862660945,0.3776824034334764,-0.3776824034334764,0.48497854077253216,-0.4334763948497854,0.12875536480686695,-0.45493562231759654,0.18025751072961374,-0.6824034334763949,0.19742489270386265,-0.8197424892703863,0.20600858369098712,-0.9227467811158798,-0.004291845493562232,-0.4721030042918455,0.0,-0.7296137339055794,-0.004291845493562232,-0.8884120171673819,-0.012875536480686695,-1.0,-0.12017167381974249,-0.44635193133047213,-0.17167381974248927,-0.6695278969957081,-0.19742489270386265,-0.8111587982832618,-0.21888412017167383,-0.9141630901287554,-0.21888412017167383,-0.3905579399141631,-0.296137339055794,-0.5622317596566524,-0.34334763948497854,-0.6652360515021459,-0.3776824034334764,-0.759656652360515
1,0.0,0.0,0.0,0.0,0.0,0.0,0.0,0.0,0.0,0.0,0.0,0.0,0.0,0.0,0.0,0.0,0.0,0.0,0.0,0.0,0.0,0.0,0.0,0.0,0.0,0.0,0.0,0.0,0.0,0.0,0.0,0.0,0.0,0.0,0.0,0.0,0.0,0.0,0.0,0.0,0.0,0.0,0.0,0.0,0.17154811715481172,-0.11715481171548117,0.27615062761506276,-0.26359832635983266,0.3723849372384937,-0.39748953974895396,0.4769874476987448,-0.45188284518828453,0.12552301255230125,-0.4602510460251046,0.17573221757322174,-0.6861924686192469,0.19246861924686193,-0.8242677824267782,0.20502092050209206,-0.9246861924686193,-0.0041841004184100415,-0.47280334728033474,-0.0041841004184100415,-0.7322175732217573,-0.012552301255230125,-0.8870292887029289,-0.02092050209205021,-1.0,-0.11715481171548117,-0.4476987447698745,-0.16736401673640167,-0.6694560669456067,-0.19665271966527198,-0.8117154811715481,-0.2175732217573222,-0.9121338912133892,-0.21338912133891214,-0.3891213389121339,-0.2928870292887029,-0.5606694560669456,-0.3389121338912134,-0.6652719665271967,-0.3723849372384937,-0.7573221757322176
1,0.0,0.0,0.0,0.0,0.0,0.0,0.0,0.0,0.0,0.0,0.0,0.0,0.0,0.0,0.0,0.0,0.0,0.0,0.0,0.0,0.0,0.0,0.0,0.0,0.0,0.0,0.0,0.0,0.0,0.0,0.0,0.0,0.0,0.0,0.0,0.0,0.0,0.0,0.0,0.0,0.0,0.0,0.0,0.0,0.16666666666666666,-0.12083333333333333,0.275,-0.2625,0.375,-0.39166666666666666,0.4791666666666667,-0.44583333333333336,0.12083333333333333,-0.45416666666666666,0.16666666666666666,-0.6791666666666667,0.18333333333333332,-0.8125,0.2,-0.9125,-0.004166666666666667,-0.4708333333333333,-0.008333333333333333,-0.7291666666666666,-0.0125,-0.8875,-0.016666666666666666,-1.0,-0.11666666666666667,-0.44166666666666665,-0.16666666666666666,-0.6708333333333333,-0.19583333333333333,-0.8125,-0.2125,-0.9125,-0.20833333333333334,-0.3875,-0.2875,-0.5583333333333333,-0.3333333333333333,-0.6625,-0.36666666666666664,-0.7541666666666667
1,0.0,0.0,0.0,0.0,0.0,0.0,0.0,0.0,0.0,0.0,0.0,0.0,0.0,0.0,0.0,0.0,0.0,0.0,0.0,0.0,0.0,0.0,0.0,0.0,0.0,0.0,0.0,0.0,0.0,0.0,0.0,0.0,0.0,0.0,0.0,0.0,0.0,0.0,0.0,0.0,0.0,0.0,0.0,0.0,0.17154811715481172,-0.12133891213389121,0.27615062761506276,-0.26359832635983266,0.37656903765690375,-0.39330543933054396,0.48535564853556484,-0.4476987447698745,0.12552301255230125,-0.4560669456066946,0.17154811715481172,-0.6820083682008368,0.18828451882845187,-0.8158995815899581,0.200836820083682,-0.9163179916317992,-0.0041841004184100415,-0.4686192468619247,-0.008368200836820083,-0.7280334728033473,-0.012552301255230125,-0.8870292887029289,-0.02092050209205021,-1.0,-0.11715481171548117,-0.4393305439330544,-0.16736401673640167,-0.6694560669456067,-0.19246861924686193,-0.8117154811715481,-0.21338912133891214,-0.9121338912133892,-0.20920502092050208,-0.38493723849372385,-0.28451882845188287,-0.5564853556485355,-0.3305439330543933,-0.6610878661087866,-0.3682008368200837,-0.7531380753138075
1,0.0,0.0,0.0,0.0,0.0,0.0,0.0,0.0,0.0,0.0,0.0,0.0,0.0,0.0,0.0,0.0,0.0,0.0,0.0,0.0,0.0,0.0,0.0,0.0,0.0,0.0,0.0,0.0,0.0,0.0,0.0,0.0,0.0,0.0,0.0,0.0,0.0,0.0,0.0,0.0,0.0,0.0,0.0,0.0,0.1722689075630252,-0.12184873949579832,0.2815126050420168,-0.2605042016806723,0.37815126050420167,-0.3907563025210084,0.48739495798319327,-0.44537815126050423,0.12184873949579832,-0.4579831932773109,0.1722689075630252,-0.6848739495798319,0.18907563025210083,-0.819327731092437,0.20168067226890757,-0.9201680672268907,-0.004201680672268907,-0.47058823529411764,-0.004201680672268907,-0.7310924369747899,-0.012605042016806723,-0.8907563025210085,-0.01680672268907563,-1.0,-0.11764705882352941,-0.44537815126050423,-0.16806722689075632,-0.6764705882352942,-0.19747899159663865,-0.8151260504201681,-0.2184873949579832,-0.9159663865546218,-0.21008403361344538,-0.3907563025210084,-0.28991596638655465,-0.5630252100840336,-0.33613445378151263,-0.6680672268907563,-0.3697478991596639,-0.7605042016806722
1,0.0,0.0,0.0,0.0,0.0,0.0,0.0,0.0,0.0,0.0,0.0,0.0,0.0,0.0,0.0,0.0,0.0,0.0,0.0,0.0,0.0,0.0,0.0,0.0,0.0,0.0,0.0,0.0,0.0,0.0,0.0,0.0,0.0,0.0,0.0,0.0,0.0,0.0,0.0,0.0,0.0,0.0,0.0,0.0,0.17154811715481172,-0.12133891213389121,0.2803347280334728,-0.26359832635983266,0.37656903765690375,-0.39330543933054396,0.48535564853556484,-0.4476987447698745,0.12133891213389121,-0.4560669456066946,0.17154811715481172,-0.6820083682008368,0.19246861924686193,-0.8200836820083682,0.200836820083682,-0.9205020920502092,-0.0041841004184100415,-0.47280334728033474,-0.008368200836820083,-0.7322175732217573,-0.012552301255230125,-0.8870292887029289,-0.02092050209205021,-1.0,-0.11715481171548117,-0.4435146443514644,-0.16736401673640167,-0.6736401673640168,-0.19246861924686193,-0.8158995815899581,-0.21338912133891214,-0.9163179916317992,-0.20920502092050208,-0.3891213389121339,-0.28870292887029286,-0.5648535564853556,-0.33472803347280333,-0.6694560669456067,-0.3682008368200837,-0.7573221757322176
1,0.0,0.0,0.0,0.0,0.0,0.0,0.0,0.0,0.0,0.0,0.0,0.0,0.0,0.0,0.0,0.0,0.0,0.0,0.0,0.0,0.0,0.0,0.0,0.0,0.0,0.0,0.0,0.0,0.0,0.0,0.0,0.0,0.0,0.0,0.0,0.0,0.0,0.0,0.0,0.0,0.0,0.0,0.0,0.0,0.16736401673640167,-0.12133891213389121,0.27615062761506276,-0.26359832635983266,0.37656903765690375,-0.39330543933054396,0.48535564853556484,-0.4476987447698745,0.12133891213389121,-0.4560669456066946,0.17154811715481172,-0.6820083682008368,0.18828451882845187,-0.8158995815899581,0.200836820083682,-0.9205020920502092,-0.0041841004184100415,-0.47280334728033474,-0.008368200836820083,-0.7322175732217573,-0.012552301255230125,-0.8870292887029289,-0.02092050209205021,-1.0,-0.11715481171548117,-0.4435146443514644,-0.16736401673640167,-0.6736401673640168,-0.19246861924686193,-0.8158995815899581,-0.21338912133891214,-0.9163179916317992,-0.20920502092050208,-0.3891213389121339,-0.28870292887029286,-0.5648535564853556,-0.3305439330543933,-0.6694560669456067,-0.3682008368200837,-0.7573221757322176
1,0.0,0.0,0.0,0.0,0.0,0.0,0.0,0.0,0.0,0.0,0.0,0.0,0.0,0.0,0.0,0.0,0.0,0.0,0.0,0.0,0.0,0.0,0.0,0.0,0.0,0.0,0.0,0.0,0.0,0.0,0.0,0.0,0.0,0.0,0.0,0.0,0.0,0.0,0.0,0.0,0.0,0.0,0.0,0.0,0.17083333333333334,-0.125,0.2791666666666667,-0.2625,0.37916666666666665,-0.3958333333333333,0.49166666666666664,-0.45,0.12916666666666668,-0.45,0.175,-0.6791666666666667,0.19166666666666668,-0.8166666666666667,0.2,-0.9166666666666666,0.0,-0.4666666666666667,-0.004166666666666667,-0.7291666666666666,-0.0125,-0.8875,-0.016666666666666666,-1.0,-0.1125,-0.44166666666666665,-0.1625,-0.6708333333333333,-0.19166666666666668,-0.8125,-0.2125,-0.9125,-0.20416666666666666,-0.38333333333333336,-0.2833333333333333,-0.5625,-0.325,-0.6666666666666666,-0.35833333333333334,-0.7583333333333333
1,0.0,0.0,0.0,0.0,0.0,0.0,0.0,0.0,0.0,0.0,0.0,0.0,0.0,0.0,0.0,0.0,0.0,0.0,0.0,0.0,0.0,0.0,0.0,0.0,0.0,0.0,0.0,0.0,0.0,0.0,0.0,0.0,0.0,0.0,0.0,0.0,0.0,0.0,0.0,0.0,0.0,0.0,0.0,0.0,0.17012448132780084,-0.12448132780082988,0.27800829875518673,-0.26556016597510373,0.3817427385892116,-0.3941908713692946,0.49377593360995853,-0.44398340248962653,0.12448132780082988,-0.45228215767634855,0.17012448132780084,-0.6804979253112033,0.1908713692946058,-0.8132780082987552,0.1991701244813278,-0.921161825726141,-0.004149377593360996,-0.46887966804979253,0.0,-0.7261410788381742,-0.008298755186721992,-0.8838174273858921,-0.016597510373443983,-1.0,-0.11618257261410789,-0.43983402489626555,-0.16182572614107885,-0.6680497925311203,-0.1908713692946058,-0.8091286307053942,-0.2074688796680498,-0.9087136929460581,-0.2074688796680498,-0.38589211618257263,-0.2821576763485477,-0.5601659751037344,-0.3278008298755187,-0.6639004149377593,-0.36099585062240663,-0.7593360995850622
1,0.0,0.0,0.0,0.0,0.0,0.0,0.0,0.0,0.0,0.0,0.0,0.0,0.0,0.0,0.0,0.0,0.0,0.0,0.0,0.0,0.0,0.0,0.0,0.0,0.0,0.0,0.0,0.0,0.0,0.0,0.0,0.0,0.0,0.0,0.0,0.0,0.0,0.0,0.0,0.0,0.0,0.0,0.0,0.0,0.16877637130801687,-0.12236286919831224,0.27848101265822783,-0.2616033755274262,0.38396624472573837,-0.3924050632911392,0.4978902953586498,-0.4472573839662447,0.12658227848101267,-0.45147679324894513,0.1729957805907173,-0.679324894514768,0.189873417721519,-0.8143459915611815,0.20253164556962025,-0.919831223628692,0.0,-0.46835443037974683,-0.004219409282700422,-0.7257383966244726,-0.008438818565400843,-0.8860759493670886,-0.016877637130801686,-1.0,-0.11814345991561181,-0.4430379746835443,-0.16877637130801687,-0.6708860759493671,-0.1940928270042194,-0.8143459915611815,-0.21518987341772153,-0.9156118143459916,-0.2109704641350211,-0.3881856540084388,-0.2911392405063291,-0.5654008438818565,-0.33755274261603374,-0.6708860759493671,-0.37130801687763715,-0.7637130801687764
1,0.0,0.0,0.0,0.0,0.0,0.0,0.0,0.0,0.0,0.0,0.0,0.0,0.0,0.0,0.0,0.0,0.0,0.0,0.0,0.0,0.0,0.0,0.0,0.0,0.0,0.0,0.0,0.0,0.0,0.0,0.0,0.0,0.0,0.0,0.0,0.0,0.0,0.0,0.0,0.0,0.0,0.0,0.0,0.0,0.1722689075630252,-0.12184873949579832,0.2773109243697479,-0.2605042016806723,0.38235294117647056,-0.3949579831932773,0.49159663865546216,-0.4495798319327731,0.12605042016806722,-0.453781512605042,0.16806722689075632,-0.680672268907563,0.18487394957983194,-0.819327731092437,0.19747899159663865,-0.9243697478991597,-0.004201680672268907,-0.46638655462184875,-0.004201680672268907,-0.726890756302521,-0.012605042016806723,-0.8865546218487395,-0.01680672268907563,-1.0,-0.11764705882352941,-0.4411764705882353,-0.16806722689075632,-0.6722689075630253,-0.19747899159663865,-0.8151260504201681,-0.2184873949579832,-0.9159663865546218,-0.21008403361344538,-0.3865546218487395,-0.28991596638655465,-0.5630252100840336,-0.33613445378151263,-0.6680672268907563,-0.3697478991596639,-0.7605042016806722
1,0.0,0.0,0.0,0.0,0.0,0.0,0.0,0.0,0.0,0.0,0.0,0.0,0.0,0.0,0.0,0.0,0.0,0.0,0.0,0.0,0.0,0.0,0.0,0.0,0.0,0.0,0.0,0.0,0.0,0.0,0.0,0.0,0.0,0.0,0.0,0.0,0.0,0.0,0.0,0.0,0.0,0.0,0.0,0.0,0.1078838174273859,-0.15352697095435686,0.14107883817427386,-0.2987551867219917,0.16597510373443983,-0.4315352697095436,0.23236514522821577,-0.5103734439834025,0.0912863070539419,-0.45228215767634855,0.05394190871369295,-0.6929460580912863,0.02074688796680498,-0.8298755186721992,0.004149377593360996,-0.9294605809128631,0.012448132780082987,-0.44813278008298757,-0.07468879668049792,-0.7261410788381742,-0.13278008298755187,-0.8879668049792531,-0.16597510373443983,-1.0,-0.08298755186721991,-0.42323651452282157,-0.1908713692946058,-0.6721991701244814,-0.2572614107883817,-0.8174273858921162,-0.2946058091286307,-0.9253112033195021,-0.18672199170124482,-0.3651452282157676,-0.2987551867219917,-0.5643153526970954,-0.35684647302904565,-0.6763485477178424,-0.3941908713692946,-0.7759336099585062
1,0.0,0.0,0.0,0.0,0.0,0.0,0.0,0.0,0.0,0.0,0.0,0.0,0.0,0.0,0.0,0.0,0.0,0.0,0.0,0.0,0.0,0.0,0.0,0.0,0.0,0.0,0.0,0.0,0.0,0.0,0.0,0.0,0.0,0.0,0.0,0.0,0.0,0.0,0.0,0.0,0.0,0.0,0.0,0.0,0.1115702479338843,-0.15702479338842976,0.1446280991735537,-0.30165289256198347,0.1652892561983471,-0.4297520661157025,0.2190082644628099,-0.512396694214876,0.08677685950413223,-0.45041322314049587,0.049586776859504134,-0.6900826446280992,0.02066115702479339,-0.8305785123966942,0.008264462809917356,-0.9256198347107438,0.004132231404958678,-0.45041322314049587,-0.07024793388429752,-0.731404958677686,-0.128099173553719,-0.8925619834710744,-0.16115702479338842,-1.0,-0.09090909090909091,-0.4132231404958678,-0.19008264462809918,-0.6694214876033058,-0.2603305785123967,-0.8181818181818182,-0.2975206611570248,-0.9297520661157025,-0.19421487603305784,-0.34710743801652894,-0.30165289256198347,-0.5578512396694215,-0.36363636363636365,-0.6735537190082644,-0.4049586776859504,-0.78099173553719
1,0.0,0.0,0.0,0.0,0.0,0.0,0.0,0.0,0.0,0.0,0.0,0.0,0.0,0.0,0.0,0.0,0.0,0.0,0.0,0.0,0.0,0.0,0.0,0.0,0.0,0.0,0.0,0.0,0.0,0.0,0.0,0.0,0.0,0.0,0.0,0.0,0.0,0.0,0.0,0.0,0.0,0.0,0.0,0.0,0.1087866108786611,-0.1589958158995816,0.14644351464435146,-0.3054393305439331,0.16317991631799164,-0.4351464435146444,0.22594142259414227,-0.5188284518828452,0.08786610878661087,-0.4560669456066946,0.05439330543933055,-0.698744769874477,0.02510460251046025,-0.8368200836820083,0.012552301255230125,-0.9330543933054394,0.0041841004184100415,-0.4560669456066946,-0.07112970711297072,-0.7447698744769874,-0.1297071129707113,-0.895397489539749,-0.1589958158995816,-1.0,-0.08786610878661087,-0.4225941422594142,-0.19246861924686193,-0.6820083682008368,-0.26359832635983266,-0.8284518828451883,-0.301255230125523,-0.9414225941422594,-0.19246861924686193,-0.3598326359832636,-0.30962343096234307,-0.5690376569037657,-0.3723849372384937,-0.6861924686192469,-0.4100418410041841,-0.7949790794979079
1,0.0,0.0,0.0,0.0,0.0,0.0,0.0,0.0,0.0,0.0,0.0,0.0,0.0,0.0,0.0,0.0,0.0,0.0,0.0,0.0,0.0,0.0,0.0,0.0,0.0,0.0,0.0,0.0,0.0,0.0,0.0,0.0,0.0,0.0,0.0,0.0,0.0,0.0,0.0,0.0,0.0,0.0,0.0,0.0,0.11203319502074689,-0.16597510373443983,0.14937759336099585,-0.3029045643153527,0.16597510373443983,-0.4315352697095436,0.22821576763485477,-0.5145228215767634,0.08713692946058091,-0.45643153526970953,0.05394190871369295,-0.6970954356846473,0.024896265560165973,-0.8340248962655602,0.016597510373443983,-0.9253112033195021,0.004149377593360996,-0.45643153526970953,-0.07053941908713693,-0.7385892116182573,-0.12448132780082988,-0.8921161825726142,-0.14937759336099585,-1.0,-0.0912863070539419,-0.4190871369294606,-0.1908713692946058,-0.6763485477178424,-0.2572614107883817,-0.8257261410788381,-0.2946058091286307,-0.9377593360995851,-0.1908713692946058,-0.35269709543568467,-0.3029045643153527,-0.5643153526970954,-0.3651452282157676,-0.6846473029045643,-0.4024896265560166,-0.7925311203319502
1,0.0,0.0,0.0,0.0,0.0,0.0,0.0,0.0,0.0,0.0,0.0,0.0,0.0,0.0,0.0,0.0,0.0,0.0,0.0,0.0,0.0,0.0,0.0,0.0,0.0,0.0,0.0,0.0,0.0,0.0,0.0,0.0,0.0,0.0,0.0,0.0,0.0,0.0,0.0,0.0,0.0,0.0,0.0,0.0,0.11297071129707113,-0.16317991631799164,0.1506276150627615,-0.301255230125523,0.17154811715481172,-0.4309623430962343,0.23430962343096234,-0.5146443514644351,0.09205020920502092,-0.4560669456066946,0.058577405857740586,-0.698744769874477,0.029288702928870293,-0.8368200836820083,0.016736401673640166,-0.9288702928870293,0.008368200836820083,-0.4560669456066946,-0.06694560669456066,-0.7447698744769874,-0.12552301255230125,-0.895397489539749,-0.15481171548117154,-1.0,-0.08786610878661087,-0.41841004184100417,-0.18828451882845187,-0.6820083682008368,-0.2594142259414226,-0.8284518828451883,-0.29707112970711297,-0.9414225941422594,-0.19246861924686193,-0.35564853556485354,-0.3054393305439331,-0.5690376569037657,-0.36401673640167365,-0.6861924686192469,-0.40585774058577406,-0.7949790794979079
1,0.0,0.0,0.0,0.0,0.0,0.0,0.0,0.0,0.0,0.0,0.0,0.0,0.0,0.0,0.0,0.0,0.0,0.0,0.0,0.0,0.0,0.0,0.0,0.0,0.0,0.0,0.0,0.0,0.0,0.0,0.0,0.0,0.0,0.0,0.0,0.0,0.0,0.0,0.0,0.0,0.0,0.0,0.0,0.0,0.1087866108786611,-0.1589958158995816,0.14644351464435146,-0.301255230125523,0.16736401673640167,-0.4309623430962343,0.2301255230125523,-0.5146443514644351,0.08368200836820083,-0.4602510460251046,0.05439330543933055,-0.702928870292887,0.02510460251046025,-0.8368200836820083,0.016736401673640166,-0.9330543933054394,0.0,-0.4560669456066946,-0.07112970711297072,-0.7447698744769874,-0.12552301255230125,-0.895397489539749,-0.1506276150627615,-1.0,-0.09623430962343096,-0.4225941422594142,-0.19246861924686193,-0.6861924686192469,-0.2594142259414226,-0.8368200836820083,-0.29707112970711297,-0.9456066945606695,-0.19665271966527198,-0.35564853556485354,-0.30962343096234307,-0.5732217573221757,-0.3682008368200837,-0.6903765690376569,-0.4100418410041841,-0.799163179916318
1,0.0,0.0,0.0,0.0,0.0,0.0,0.0,0.0,0.0,0.0,0.0,0.0,0.0,0.0,0.0,0.0,0.0,0.0,0.0,0.0,0.0,0.0,0.0,0.0,0.0,0.0,0.0,0.0,0.0,0.0,0.0,0.0,0.0,0.0,0.0,0.0,0.0,0.0,0.0,0.0,0.0,0.0,0.0,0.0,0.1092436974789916,-0.15966386554621848,0.14705882352941177,-0.3025210084033613,0.16806722689075632,-0.4327731092436975,0.226890756302521,-0.5126050420168067,0.08403361344537816,-0.46218487394957986,0.0546218487394958,-0.7016806722689075,0.029411764705882353,-0.8361344537815126,0.02100840336134454,-0.9285714285714286,0.0,-0.46218487394957986,-0.07142857142857142,-0.7478991596638656,-0.12605042016806722,-0.8991596638655462,-0.15126050420168066,-1.0,-0.09243697478991597,-0.42857142857142855,-0.19327731092436976,-0.6890756302521008,-0.2647058823529412,-0.8361344537815126,-0.3025210084033613,-0.9453781512605042,-0.19747899159663865,-0.36134453781512604,-0.31092436974789917,-0.5756302521008403,-0.3697478991596639,-0.6932773109243697,-0.4117647058823529,-0.7983193277310925
1,0.0,0.0,0.0,0.0,0.0,0.0,0.0,0.0,0.0,0.0,0.0,0.0,0.0,0.0,0.0,0.0,0.0,0.0,0.0,0.0,0.0,0.0,0.0,0.0,0.0,0.0,0.0,0.0,0.0,0.0,0.0,0.0,0.0,0.0,0.0,0.0,0.0,0.0,0.0,0.0,0.0,0.0,0.0,0.0,0.1087866108786611,-0.1589958158995816,0.14644351464435146,-0.301255230125523,0.16736401673640167,-0.4309623430962343,0.2301255230125523,-0.5146443514644351,0.08786610878661087,-0.4602510460251046,0.058577405857740586,-0.702928870292887,0.029288702928870293,-0.8368200836820083,0.02092050209205021,-0.9288702928870293,0.0041841004184100415,-0.4560669456066946,-0.07112970711297072,-0.7447698744769874,-0.12552301255230125,-0.895397489539749,-0.15481171548117154,-1.0,-0.09205020920502092,-0.4225941422594142,-0.19246861924686193,-0.6820083682008368,-0.2594142259414226,-0.8326359832635983,-0.2928870292887029,-0.9414225941422594,-0.19246861924686193,-0.35564853556485354,-0.30962343096234307,-0.5690376569037657,-0.3682008368200837,-0.6861924686192469,-0.40585774058577406,-0.7949790794979079
1,0.0,0.0,0.0,0.0,0.0,0.0,0.0,0.0,0.0,0.0,0.0,0.0,0.0,0.0,0.0,0.0,0.0,0.0,0.0,0.0,0.0,0.0,0.0,0.0,0.0,0.0,0.0,0.0,0.0,0.0,0.0,0.0,0.0,0.0,0.0,0.0,0.0,0.0,0.0,0.0,0.0,0.0,0.0,0.0,0.1115702479338843,-0.1652892561983471,0.1487603305785124,-0.30578512396694213,0.1652892561983471,-0.4297520661157025,0.2231404958677686,-0.512396694214876,0.08677685950413223,-0.45867768595041325,0.05785123966942149,-0.6983471074380165,0.028925619834710745,-0.8347107438016529,0.02066115702479339,-0.9214876033057852,0.004132231404958678,-0.45454545454545453,-0.07024793388429752,-0.743801652892562,-0.128099173553719,-0.8966942148760331,-0.15289256198347106,-1.0,-0.08677685950413223,-0.41735537190082644,-0.19008264462809918,-0.6776859504132231,-0.256198347107438,-0.8264462809917356,-0.2892561983471074,-0.9380165289256198,-0.19008264462809918,-0.3512396694214876,-0.30165289256198347,-0.5661157024793388,-0.359504132231405,-0.6859504132231405,-0.40082644628099173,-0.7892561983471075
1,0.0,0.0,0.0,0.0,0.0,0.0,0.0,0.0,0.0,0.0,0.0,0.0,0.0,0.0,0.0,0.0,0.0,0.0,0.0,0.0,0.0,0.0,0.0,0.0,0.0,0.0,0.0,0.0,0.0,0.0,0.0,0.0,0.0,0.0,0.0,0.0,0.0,0.0,0.0,0.0,0.0,0.0,0.0,0.0,0.10743801652892562,-0.16115702479338842,0.14049586776859505,-0.30165289256198347,0.16115702479338842,-0.4256198347107438,0.2231404958677686,-0.5082644628099173,0.08264462809917356,-0.45867768595041325,0.049586776859504134,-0.6983471074380165,0.02066115702479339,-0.8305785123966942,0.012396694214876033,-0.9214876033057852,0.0,-0.45454545454545453,-0.0743801652892562,-0.7396694214876033,-0.128099173553719,-0.8966942148760331,-0.15702479338842976,-1.0,-0.09090909090909091,-0.41735537190082644,-0.19008264462809918,-0.6776859504132231,-0.2603305785123967,-0.8264462809917356,-0.2975206611570248,-0.9380165289256198,-0.19421487603305784,-0.3512396694214876,-0.30578512396694213,-0.5661157024793388,-0.36363636363636365,-0.6859504132231405,-0.4049586776859504,-0.7933884297520661
1,0.0,0.0,0.0,0.0,0.0,0.0,0.0,0.0,0.0,0.0,0.0,0.0,0.0,0.0,0.0,0.0,0.0,0.0,0.0,0.0,0.0,0.0,0.0,0.0,0.0,0.0,0.0,0.0,0.0,0.0,0.0,0.0,0.0,0.0,0.0,0.0,0.0,0.0,0.0,0.0,0.0,0.0,0.0,0.0,0.1087866108786611,-0.1589958158995816,0.1506276150627615,-0.2928870292887029,0.17154811715481172,-0.4225941422594142,0.23430962343096234,-0.5062761506276151,0.08368200836820083,-0.4560669456066946,0.05439330543933055,-0.694560669456067,0.029288702928870293,-0.8284518828451883,0.016736401673640166,-0.9205020920502092,0.0,-0.4560669456066946,-0.07112970711297072,-0.7405857740585774,-0.1297071129707113,-0.895397489539749,-0.15481171548117154,-1.0,-0.09205020920502092,-0.41841004184100417,-0.19246861924686193,-0.6778242677824268,-0.2594142259414226,-0.8242677824267782,-0.29707112970711297,-0.9372384937238494,-0.19246861924686193,-0.3514644351464435,-0.301255230125523,-0.5648535564853556,-0.36401673640167365,-0.6820083682008368,-0.40585774058577406,-0.7866108786610879
1,0.0,0.0,0.0,0.0,0.0,0.0,0.0,0.0,0.0,0.0,0.0,0.0,0.0,0.0,0.0,0.0,0.0,0.0,0.0,0.0,0.0,0.0,0.0,0.0,0.0,0.0,0.0,0.0,0.0,0.0,0.0,0.0,0.0,0.0,0.0,0.0,0.0,0.0,0.0,0.0,0.0,0.0,0.0,0.0,0.1125,-0.15833333333333333,0.15,-0.29583333333333334,0.17083333333333334,-0.425,0.2375,-0.5041666666666667,0.09166666666666666,-0.45416666666666666,0.058333333333333334,-0.6916666666666667,0.03333333333333333,-0.825,0.020833333333333332,-0.9166666666666666,0.004166666666666667,-0.45416666666666666,-0.06666666666666667,-0.7375,-0.125,-0.8916666666666667,-0.15,-1.0,-0.0875,-0.4166666666666667,-0.1875,-0.6791666666666667,-0.25416666666666665,-0.825,-0.2916666666666667,-0.9375,-0.1875,-0.3541666666666667,-0.3,-0.5666666666666667,-0.35833333333333334,-0.6833333333333333,-0.4,-0.7875
2,0.0,0.0,0.0,0.0,0.0,0.0,0.0,0.0,0.0,0.0,0.0,0.0,0.0,0.0,0.0,0.0,0.0,0.0,0.0,0.0,0.0,0.0,0.0,0.0,0.0,0.0,0.0,0.0,0.0,0.0,0.0,0.0,0.0,0.0,0.0,0.0,0.0,0.0,0.0,0.0,0.0,0.0,0.0,0.0,0.03205128205128205,-0.3076923076923077,0.14743589743589744,-0.6153846153846154,0.1987179487179487,-0.8717948717948718,0.08333333333333333,-1.0,0.5961538461538461,-0.4551282051282051,0.8717948717948718,-0.391025641025641,0.6089743589743589,-0.3269230769230769,0.44871794871794873,-0.34615384615384615,0.6282051282051282,-0.23717948717948717,0.8589743589743589,-0.15384615384615385,0.5512820512820513,-0.14743589743589744,0.4166666666666667,-0.21153846153846154,0.6153846153846154,-0.04487179487179487,0.8269230769230769,0.03205128205128205,0.5384615384615384,0.019230769230769232,0.40384615384615385,-0.05128205128205128,0.5769230769230769,0.12179487179487179,0.7628205128205128,0.1794871794871795,0.5641025641025641,0.14743589743589744,0.4358974358974359,0.07692307692307693
2,0.0,0.0,0.0,0.0,0.0,0.0,0.0,0.0,0.0,0.0,0.0,0.0,0.0,0.0,0.0,0.0,0.0,0.0,0.0,0.0,0.0,0.0,0.0,0.0,0.0,0.0,0.0,0.0,0.0,0.0,0.0,0.0,0.0,0.0,0.0,0.0,0.0,0.0,0.0,0.0,0.0,0.0,0.0,0.0,0.07894736842105263,-0.3157894736842105,0.18421052631578946,-0.618421052631579,0.24342105263157895,-0.8947368421052632,0.11842105263157894,-1.0,0.6513157894736842,-0.4605263157894737,0.9144736842105263,-0.3881578947368421,0.6644736842105263,-0.3355263157894737,0.5,-0.375,0.6776315789473685,-0.23684210526315788,0.9078947368421053,-0.15789473684210525,0.5921052631578947,-0.1513157894736842,0.46710526315789475,-0.21710526315789475,0.6644736842105263,-0.039473684210526314,0.868421052631579,0.03289473684210526,0.5855263157894737,0.013157894736842105,0.4473684210526316,-0.05263157894736842,0.6118421052631579,0.125,0.8026315789473685,0.18421052631578946,0.6052631578947368,0.15789473684210525,0.48026315789473684,0.09210526315789473
2,0.0,0.0,0.0,0.0,0.0,0.0,0.0,0.0,0.0,0.0,0.0,0.0,0.0,0.0,0.0,0.0,0.0,0.0,0.0,0.0,0.0,0.0,0.0,0.0,0.0,0.0,0.0,0.0,0.0,0.0,0.0,0.0,0.0,0.0,0.0,0.0,0.0,0.0,0.0,0.0,0.0,0.0,0.0,0.0,0.06535947712418301,-0.3137254901960784,0.17647058823529413,-0.6143790849673203,0.23529411764705882,-0.8954248366013072,0.11764705882352941,-1.0,0.6339869281045751,-0.45751633986928103,0.9019607843137255,-0.39215686274509803,0.6535947712418301,-0.3333333333333333,0.49019607843137253,-0.35947712418300654,0.6601307189542484,-0.23529411764705882,0.8888888888888888,-0.1568627450980392,0.5816993464052288,-0.1437908496732026,0.45751633986928103,-0.20915032679738563,0.6470588235294118,-0.0392156862745098,0.8562091503267973,0.032679738562091505,0.5816993464052288,0.0196078431372549,0.43790849673202614,-0.0457516339869281,0.6013071895424836,0.12418300653594772,0.7908496732026143,0.1895424836601307,0.5947712418300654,0.1568627450980392,0.47058823529411764,0.0915032679738562
2,0.0,0.0,0.0,0.0,0.0,0.0,0.0,0.0,0.0,0.0,0.0,0.0,0.0,0.0,0.0,0.0,0.0,0.0,0.0,0.0,0.0,0.0,0.0,0.0,0.0,0.0,0.0,0.0,0.0,0.0,0.0,0.0,0.0,0.0,0.0,0.0,0.0,0.0,0.0,0.0,0.0,0.0,0.0,0.0,0.06622516556291391,-0.31788079470198677,0.17880794701986755,-0.6158940397350994,0.23841059602649006,-0.9006622516556292,0.11920529801324503,-1.0,0.6423841059602649,-0.4503311258278146,0.9139072847682119,-0.3841059602649007,0.6622516556291391,-0.33112582781456956,0.4966887417218543,-0.36423841059602646,0.6688741721854304,-0.23178807947019867,0.9006622516556292,-0.152317880794702,0.5894039735099338,-0.1456953642384106,0.46357615894039733,-0.2052980132450331,0.6556291390728477,-0.033112582781456956,0.8609271523178808,0.039735099337748346,0.5894039735099338,0.026490066225165563,0.44370860927152317,-0.039735099337748346,0.609271523178808,0.13245033112582782,0.8013245033112583,0.1986754966887417,0.6026490066225165,0.16556291390728478,0.4768211920529801,0.10596026490066225
2,0.0,0.0,0.0,0.0,0.0,0.0,0.0,0.0,0.0,0.0,0.0,0.0,0.0,0.0,0.0,0.0,0.0,0.0,0.0,0.0,0.0,0.0,0.0,0.0,0.0,0.0,0.0,0.0,0.0,0.0,0.0,0.0,0.0,0.0,0.0,0.0,0.0,0.0,0.0,0.0,0.0,0.0,0.0,0.0,0.06578947368421052,-0.3223684210526316,0.17763157894736842,-0.618421052631579,0.23684210526315788,-0.9013157894736842,0.11842105263157894,-1.0,0.6381578947368421,-0.4605263157894737,0.9078947368421053,-0.39473684210526316,0.6578947368421053,-0.3355263157894737,0.4934210526315789,-0.3618421052631579,0.6644736842105263,-0.23684210526315788,0.8947368421052632,-0.16447368421052633,0.5855263157894737,-0.1513157894736842,0.4605263157894737,-0.21052631578947367,0.6513157894736842,-0.039473684210526314,0.8618421052631579,0.03289473684210526,0.5789473684210527,0.013157894736842105,0.4407894736842105,-0.046052631578947366,0.6052631578947368,0.125,0.7960526315789473,0.19078947368421054,0.5986842105263158,0.15789473684210525,0.47368421052631576,0.09210526315789473
2,0.0,0.0,0.0,0.0,0.0,0.0,0.0,0.0,0.0,0.0,0.0,0.0,0.0,0.0,0.0,0.0,0.0,0.0,0.0,0.0,0.0,0.0,0.0,0.0,0.0,0.0,0.0,0.0,0.0,0.0,0.0,0.0,0.0,0.0,0.0,0.0,0.0,0.0,0.0,0.0,0.0,0.0,0.0,0.0,0.0136986301369863,-0.3219178082191781,0.136986301369863,-0.6301369863013698,0.18493150684931506,-0.8904109589041096,0.06164383561643835,-1.0,0.541095890410959,-0.4452054794520548,0.8356164383561644,-0.3767123287671233,0.589041095890411,-0.3287671232876712,0.4246575342465753,-0.363013698630137,0.5684931506849316,-0.2191780821917808,0.815068493150685,-0.1506849315068493,0.5205479452054794,-0.14383561643835616,0.3972602739726027,-0.21232876712328766,0.5821917808219178,-0.0273972602739726,0.7945205479452054,0.0410958904109589,0.5136986301369864,0.02054794520547945,0.3835616438356164,-0.04794520547945205,0.5616438356164384,0.1506849315068493,0.7534246575342466,0.19863013698630136,0.5547945205479452,0.1780821917808219,0.4315068493150685,0.13013698630136986
2,0.0,0.0,0.0,0.0,0.0,0.0,0.0,0.0,0.0,0.0,0.0,0.0,0.0,0.0,0.0,0.0,0.0,0.0,0.0,0.0,0.0,0.0,0.0,0.0,0.0,0.0,0.0,0.0,0.0,0.0,0.0,0.0,0.0,0.0,0.0,0.0,0.0,0.0,0.0,0.0,0.0,0.0,0.0,0.0,0.06040268456375839,-0.3087248322147651,0.18120805369127516,-0.610738255033557,0.24161073825503357,-0.8859060402684564,0.12080536912751678,-1.0,0.610738255033557,-0.46308724832214765,0.87248322147651,-0.38926174496644295,0.610738255033557,-0.3422818791946309,0.46308724832214765,-0.3825503355704698,0.6375838926174496,-0.24161073825503357,0.8791946308724832,-0.16778523489932887,0.5637583892617449,-0.1610738255033557,0.4563758389261745,-0.2214765100671141,0.6375838926174496,-0.040268456375838924,0.8389261744966443,0.026845637583892617,0.5637583892617449,0.0,0.4429530201342282,-0.06040268456375839,0.610738255033557,0.12751677852348994,0.785234899328859,0.174496644295302,0.5838926174496645,0.1476510067114094,0.4697986577181208,0.09395973154362416
2,0.0,0.0,0.0,0.0,0.0,0.0,0.0,0.0,0.0,0.0,0.0,0.0,0.0,0.0,0.0,0.0,0.0,0.0,0.0,0.0,0.0,0.0,0.0,0.0,0.0,0.0,0.0,0.0,0.0,0.0,0.0,0.0,0.0,0.0,0.0,0.0,0.0,0.0,0.0,0.0,0.0,0.0,0.0,0.0,0.05333333333333334,-0.31333333333333335,0.16666666666666666,-0.6066666666666667,0.22666666666666666,-0.88,0.11333333333333333,-1.0,0.5866666666666667,-0.46,0.8466666666666667,-0.3933333333333333,0.5933333333333334,-0.34,0.44666666666666666,-0.37333333333333335,0.6133333333333333,-0.24666666666666667,0.8466666666666667,-0.17333333333333334,0.54,-0.16,0.44,-0.22,0.6133333333333333,-0.05333333333333334,0.8266666666666667,0.02,0.5466666666666666,0.006666666666666667,0.42,-0.05333333333333334,0.5866666666666667,0.11333333333333333,0.7666666666666667,0.16666666666666666,0.5666666666666667,0.14666666666666667,0.44666666666666666,0.09333333333333334
2,0.0,0.0,0.0,0.0,0.0,0.0,0.0,0.0,0.0,0.0,0.0,0.0,0.0,0.0,0.0,0.0,0.0,0.0,0.0,0.0,0.0,0.0,0.0,0.0,0.0,0.0,0.0,0.0,0.0,0.0,0.0,0.0,0.0,0.0,0.0,0.0,0.0,0.0,0.0,0.0,0.0,0.0,0.0,0.0,0.05333333333333334,-0.30666666666666664,0.16666666666666666,-0.6,0.22666666666666666,-0.8733333333333333,0.11333333333333333,-1.0,0.5866666666666667,-0.4533333333333333,0.8533333333333334,-0.38666666666666666,0.5933333333333334,-0.3333333333333333,0.44666666666666666,-0.36666666666666664,0.6133333333333333,-0.23333333333333334,0.8466666666666667,-0.16,0.54,-0.14666666666666667,0.43333333333333335,-0.21333333333333335,0.6133333333333333,-0.04666666666666667,0.82,0.02666666666666667,0.5466666666666666,0.013333333333333334,0.4266666666666667,-0.04666666666666667,0.5866666666666667,0.12666666666666668,0.7666666666666667,0.18,0.5666666666666667,0.15333333333333332,0.4533333333333333,0.1
2,0.0,0.0,0.0,0.0,0.0,0.0,0.0,0.0,0.0,0.0,0.0,0.0,0.0,0.0,0.0,0.0,0.0,0.0,0.0,0.0,0.0,0.0,0.0,0.0,0.0,0.0,0.0,0.0,0.0,0.0,0.0,0.0,0.0,0.0,0.0,0.0,0.0,0.0,0.0,0.0,0.0,0.0,0.0,0.0,0.07207207207207207,-0.38738738738738737,0.14414414414414414,-0.6846846846846847,0.0990990990990991,-0.9009009009009009,-0.09009009009009009,-1.0,0.6306306306306306,-0.42342342342342343,0.963963963963964,-0.38738738738738737,0.7297297297297297,-0.34234234234234234,0.5225225225225225,-0.35135135135135137,0.6486486486486487,-0.1891891891891892,0.9279279279279279,-0.10810810810810811,0.6306306306306306,-0.11711711711711711,0.45045045045045046,-0.17117117117117117,0.6216216216216216,0.018018018018018018,0.8648648648648649,0.0990990990990991,0.5945945945945946,0.04504504504504504,0.42342342342342343,-0.009009009009009009,0.5765765765765766,0.1981981981981982,0.7837837837837838,0.26126126126126126,0.5675675675675675,0.1891891891891892,0.42342342342342343,0.12612612612612611
2,0.0,0.0,0.0,0.0,0.0,0.0,0.0,0.0,0.0,0.0,0.0,0.0,0.0,0.0,0.0,0.0,0.0,0.0,0.0,0.0,0.0,0.0,0.0,0.0,0.0,0.0,0.0,0.0,0.0,0.0,0.0,0.0,0.0,0.0,0.0,0.0,0.0,0.0,0.0,0.0,0.0,0.0,0.0,0.0,0.03669724770642202,-0.3669724770642202,0.11926605504587157,-0.6788990825688074,0.09174311926605505,-0.8990825688073395,-0.05504587155963303,-1.0,0.6330275229357798,-0.43119266055045874,0.981651376146789,-0.3853211009174312,0.7522935779816514,-0.3394495412844037,0.5596330275229358,-0.3486238532110092,0.6513761467889908,-0.1926605504587156,0.944954128440367,-0.11926605504587157,0.6330275229357798,-0.11926605504587157,0.45871559633027525,-0.1651376146788991,0.6330275229357798,0.01834862385321101,0.8899082568807339,0.10091743119266056,0.5963302752293578,0.06422018348623854,0.43119266055045874,0.009174311926605505,0.5871559633027523,0.2018348623853211,0.7981651376146789,0.26605504587155965,0.5871559633027523,0.22935779816513763,0.45871559633027525,0.1743119266055046
2,0.0,0.0,0.0,0.0,0.0,0.0,0.0,0.0,0.0,0.0,0.0,0.0,0.0,0.0,0.0,0.0,0.0,0.0,0.0,0.0,0.0,0.0,0.0,0.0,0.0,0.0,0.0,0.0,0.0,0.0,0.0,0.0,0.0,0.0,0.0,0.0,0.0,0.0,0.0,0.0,0.0,0.0,0.0,0.0,0.046296296296296294,-0.37962962962962965,0.12037037037037036,-0.6851851851851852,0.09259259259259259,-0.9074074074074074,-0.06481481481481481,-1.0,0.6388888888888888,-0.4351851851851852,0.9814814814814815,-0.39814814814814814,0.7685185185185185,-0.35185185185185186,0.5740740740740741,-0.3611111111111111,0.6481481481481481,-0.2037037037037037,0.9537037037037037,-0.12037037037037036,0.6481481481481481,-0.12962962962962962,0.46296296296296297,-0.17592592592592593,0.6296296296296297,0.018518518518518517,0.8981481481481481,0.09259259259259259,0.6111111111111112,0.06481481481481481,0.42592592592592593,0.0,0.5925925925925926,0.2037037037037037,0.7962962962962963,0.25925925925925924,0.5925925925925926,0.2222222222222222,0.4537037037037037,0.16666666666666666
2,0.0,0.0,0.0,0.0,0.0,0.0,0.0,0.0,0.0,0.0,0.0,0.0,0.0,0.0,0.0,0.0,0.0,0.0,0.0,0.0,0.0,0.0,0.0,0.0,0.0,0.0,0.0,0.0,0.0,0.0,0.0,0.0,0.0,0.0,0.0,0.0,0.0,0.0,0.0,0.0,0.0,0.0,0.0,0.0,0.045454545454545456,-0.38181818181818183,0.12727272727272726,-0.6909090909090909,0.1,-0.9181818181818182,-0.045454545454545456,-1.0,0.6272727272727273,-0.43636363636363634,0.9727272727272728,-0.4,0.7727272727272727,-0.35454545454545455,0.5727272727272728,-0.36363636363636365,0.6454545454545455,-0.20909090909090908,0.9454545454545454,-0.12727272727272726,0.6454545454545455,-0.12727272727272726,0.4636363636363636,-0.17272727272727273,0.6272727272727273,0.0,0.8909090909090909,0.08181818181818182,0.6090909090909091,0.05454545454545454,0.43636363636363634,0.0,0.5818181818181818,0.19090909090909092,0.7909090909090909,0.24545454545454545,0.6,0.20909090909090908,0.4636363636363636,0.15454545454545454
2,0.0,0.0,0.0,0.0,0.0,0.0,0.0,0.0,0.0,0.0,0.0,0.0,0.0,0.0,0.0,0.0,0.0,0.0,0.0,0.0,0.0,0.0,0.0,0.0,0.0,0.0,0.0,0.0,0.0,0.0,0.0,0.0,0.0,0.0,0.0,0.0,0.0,0.0,0.0,0.0,0.0,0.0,0.0,0.0,0.044642857142857144,-0.375,0.125,-0.6785714285714286,0.08035714285714286,-0.9017857142857143,-0.08035714285714286,-1.0,0.6071428571428571,-0.4375,0.9464285714285714,-0.38392857142857145,0.75,-0.3482142857142857,0.5535714285714286,-0.35714285714285715,0.625,-0.20535714285714285,0.9196428571428571,-0.125,0.625,-0.125,0.44642857142857145,-0.16964285714285715,0.6071428571428571,0.0,0.8571428571428571,0.08035714285714286,0.5892857142857143,0.044642857142857144,0.41964285714285715,-0.008928571428571428,0.5625,0.17857142857142858,0.7678571428571429,0.24107142857142858,0.5803571428571429,0.20535714285714285,0.44642857142857145,0.15178571428571427
2,0.0,0.0,0.0,0.0,0.0,0.0,0.0,0.0,0.0,0.0,0.0,0.0,0.0,0.0,0.0,0.0,0.0,0.0,0.0,0.0,0.0,0.0,0.0,0.0,0.0,0.0,0.0,0.0,0.0,0.0,0.0,0.0,0.0,0.0,0.0,0.0,0.0,0.0,0.0,0.0,0.0,0.0,0.0,0.0,0.044642857142857144,-0.375,0.125,-0.6785714285714286,0.08928571428571429,-0.9017857142857143,-0.07142857142857142,-1.0,0.6071428571428571,-0.4375,0.9464285714285714,-0.38392857142857145,0.75,-0.3482142857142857,0.5625,-0.35714285714285715,0.625,-0.20535714285714285,0.9196428571428571,-0.125,0.625,-0.125,0.44642857142857145,-0.16964285714285715,0.5982142857142857,0.0,0.8571428571428571,0.08035714285714286,0.5892857142857143,0.044642857142857144,0.41964285714285715,-0.008928571428571428,0.5535714285714286,0.17857142857142858,0.7678571428571429,0.24107142857142858,0.5803571428571429,0.20535714285714285,0.44642857142857145,0.15178571428571427
2,0.0,0.0,0.0,0.0,0.0,0.0,0.0,0.0,0.0,0.0,0.0,0.0,0.0,0.0,0.0,0.0,0.0,0.0,0.0,0.0,0.0,0.0,0.0,0.0,0.0,0.0,0.0,0.0,0.0,0.0,0.0,0.0,0.0,0.0,0.0,0.0,0.0,0.0,0.0,0.0,0.0,0.0,0.0,0.0,0.044642857142857144,-0.375,0.125,-0.6785714285714286,0.08035714285714286,-0.9017857142857143,-0.08035714285714286,-1.0,0.6071428571428571,-0.4375,0.9464285714285714,-0.38392857142857145,0.75,-0.3482142857142857,0.5535714285714286,-0.35714285714285715,0.6160714285714286,-0.20535714285714285,0.9196428571428571,-0.125,0.625,-0.125,0.44642857142857145,-0.16964285714285715,0.5982142857142857,0.0,0.8571428571428571,0.08035714285714286,0.5892857142857143,0.044642857142857144,0.41964285714285715,-0.008928571428571428,0.5535714285714286,0.17857142857142858,0.7678571428571429,0.24107142857142858,0.5803571428571429,0.20535714285714285,0.44642857142857145,0.15178571428571427
2,0.0,0.0,0.0,0.0,0.0,0.0,0.0,0.0,0.0,0.0,0.0,0.0,0.0,0.0,0.0,0.0,0.0,0.0,0.0,0.0,0.0,0.0,0.0,0.0,0.0,0.0,0.0,0.0,0.0,0.0,0.0,0.0,0.0,0.0,0.0,0.0,0.0,0.0,0.0,0.0,0.0,0.0,0.0,0.0,0.044642857142857144,-0.375,0.125,-0.6785714285714286,0.08035714285714286,-0.9017857142857143,-0.08035714285714286,-1.0,0.6071428571428571,-0.4375,0.9464285714285714,-0.38392857142857145,0.75,-0.3482142857142857,0.5535714285714286,-0.35714285714285715,0.625,-0.20535714285714285,0.9196428571428571,-0.125,0.625,-0.125,0.44642857142857145,-0.16964285714285715,0.5982142857142857,0.0,0.8571428571428571,0.08035714285714286,0.5892857142857143,0.05357142857142857,0.41964285714285715,-0.008928571428571428,0.5535714285714286,0.17857142857142858,0.7678571428571429,0.24107142857142858,0.5803571428571429,0.20535714285714285,0.44642857142857145,0.15178571428571427
2,0.0,0.0,0.0,0.0,0.0,0.0,0.0,0.0,0.0,0.0,0.0,0.0,0.0,0.0,0.0,0.0,0.0,0.0,0.0,0.0,0.0,0.0,0.0,0.0,0.0,0.0,0.0,0.0,0.0,0.0,0.0,0.0,0.0,0.0,0.0,0.0,0.0,0.0,0.0,0.0,0.0,0.0,0.0,0.0,0.044642857142857144,-0.375,0.125,-0.6785714285714286,0.08035714285714286,-0.9017857142857143,-0.08035714285714286,-1.0,0.6071428571428571,-0.4375,0.9464285714285714,-0.38392857142857145,0.75,-0.3482142857142857,0.5535714285714286,-0.35714285714285715,0.625,-0.20535714285714285,0.9196428571428571,-0.125,0.625,-0.125,0.44642857142857145,-0.16964285714285715,0.5982142857142857,0.0,0.8571428571428571,0.08928571428571429,0.5892857142857143,0.05357142857142857,0.41964285714285715,-0.008928571428571428,0.5535714285714286,0.17857142857142858,0.7678571428571429,0.24107142857142858,0.5803571428571429,0.20535714285714285,0.44642857142857145,0.15178571428571427
2,0.0,0.0,0.0,0.0,0.0,0.0,0.0,0.0,0.0,0.0,0.0,0.0,0.0,0.0,0.0,0.0,0.0,0.0,0.0,0.0,0.0,0.0,0.0,0.0,0.0,0.0,0.0,0.0,0.0,0.0,0.0,0.0,0.0,0.0,0.0,0.0,0.0,0.0,0.0,0.0,0.0,0.0,0.0,0.0,0.044642857142857144,-0.375,0.125,-0.6785714285714286,0.08035714285714286,-0.9017857142857143,-0.08035714285714286,-1.0,0.6071428571428571,-0.4375,0.9464285714285714,-0.38392857142857145,0.75,-0.3482142857142857,0.5535714285714286,-0.35714285714285715,0.625,-0.20535714285714285,0.9196428571428571,-0.125,0.625,-0.125,0.44642857142857145,-0.16964285714285715,0.5982142857142857,0.0,0.8571428571428571,0.08928571428571429,0.5892857142857143,0.05357142857142857,0.41964285714285715,-0.008928571428571428,0.5535714285714286,0.17857142857142858,0.7678571428571429,0.24107142857142858,0.5803571428571429,0.20535714285714285,0.44642857142857145,0.15178571428571427
2,0.0,0.0,0.0,0.0,0.0,0.0,0.0,0.0,0.0,0.0,0.0,0.0,0.0,0.0,0.0,0.0,0.0,0.0,0.0,0.0,0.0,0.0,0.0,0.0,0.0,0.0,0.0,0.0,0.0,0.0,0.0,0.0,0.0,0.0,0.0,0.0,0.0,0.0,0.0,0.0,0.0,0.0,0.0,0.0,0.044642857142857144,-0.375,0.125,-0.6785714285714286,0.08035714285714286,-0.9017857142857143,-0.08035714285714286,-1.0,0.6071428571428571,-0.4375,0.9464285714285714,-0.38392857142857145,0.75,-0.3482142857142857,0.5535714285714286,-0.35714285714285715,0.625,-0.20535714285714285,0.9196428571428571,-0.125,0.625,-0.125,0.44642857142857145,-0.16964285714285715,0.6071428571428571,0.0,0.8571428571428571,0.08928571428571429,0.5892857142857143,0.05357142857142857,0.41964285714285715,-0.008928571428571428,0.5535714285714286,0.17857142857142858,0.7678571428571429,0.24107142857142858,0.5803571428571429,0.20535714285714285,0.44642857142857145,0.15178571428571427
2,0.0,0.0,0.0,0.0,0.0,0.0,0.0,0.0,0.0,0.0,0.0,0.0,0.0,0.0,0.0,0.0,0.0,0.0,0.0,0.0,0.0,0.0,0.0,0.0,0.0,0.0,0.0,0.0,0.0,0.0,0.0,0.0,0.0,0.0,0.0,0.0,0.0,0.0,0.0,0.0,0.0,0.0,0.0,0.0,-0.017045454545454544,-0.3352272727272727,0.13636363636363635,-0.625,0.2159090909090909,-0.8295454545454546,0.23863636363636365,-1.0,0.5852272727272727,-0.42613636363636365,0.8693181818181818,-0.35795454545454547,0.6590909090909091,-0.3125,0.5340909090909091,-0.3522727272727273,0.5909090909090909,-0.2159090909090909,0.8295454545454546,-0.10795454545454546,0.5454545454545454,-0.10227272727272728,0.44886363636363635,-0.18181818181818182,0.5738636363636364,-0.022727272727272728,0.7840909090909091,0.06818181818181818,0.5227272727272727,0.0625,0.42613636363636365,-0.011363636363636364,0.5340909090909091,0.14772727272727273,0.7045454545454546,0.23295454545454544,0.5284090909090909,0.2215909090909091,0.4318181818181818,0.1534090909090909
2,0.0,0.0,0.0,0.0,0.0,0.0,0.0,0.0,0.0,0.0,0.0,0.0,0.0,0.0,0.0,0.0,0.0,0.0,0.0,0.0,0.0,0.0,0.0,0.0,0.0,0.0,0.0,0.0,0.0,0.0,0.0,0.0,0.0,0.0,0.0,0.0,0.0,0.0,0.0,0.0,0.0,0.0,0.0,0.0,0.10326086956521739,-0.29347826086956524,0.22282608695652173,-0.5652173913043478,0.28804347826086957,-0.8478260869565217,0.19021739130434784,-1.0,0.6847826086956522,-0.375,0.9510869565217391,-0.266304347826087,0.717391304347826,-0.24456521739130435,0.5869565217391305,-0.29891304347826086,0.6739130434782609,-0.15760869565217392,0.8913043478260869,-0.03260869565217391,0.592391304347826,-0.07065217391304347,0.5217391304347826,-0.16304347826086957,0.6304347826086957,0.03804347826086957,0.8206521739130435,0.14130434782608695,0.5543478260869565,0.08152173913043478,0.46195652173913043,0.0,0.5652173913043478,0.20108695652173914,0.7336956521739131,0.2826086956521739,0.5434782608695652,0.22826086956521738,0.44565217391304346,0.15217391304347827
2,0.0,0.0,0.0,0.0,0.0,0.0,0.0,0.0,0.0,0.0,0.0,0.0,0.0,0.0,0.0,0.0,0.0,0.0,0.0,0.0,0.0,0.0,0.0,0.0,0.0,0.0,0.0,0.0,0.0,0.0,0.0,0.0,0.0,0.0,0.0,0.0,0.0,0.0,0.0,0.0,0.0,0.0,0.0,0.0,0.08196721311475409,-0.28415300546448086,0.2185792349726776,-0.5737704918032787,0.2786885245901639,-0.8579234972677595,0.16939890710382513,-1.0,0.6229508196721312,-0.39344262295081966,0.8961748633879781,-0.28415300546448086,0.6666666666666666,-0.26229508196721313,0.5355191256830601,-0.3224043715846995,0.6229508196721312,-0.17486338797814208,0.8415300546448088,-0.06557377049180328,0.5573770491803278,-0.09836065573770492,0.4808743169398907,-0.18032786885245902,0.6010928961748634,0.01639344262295082,0.8032786885245902,0.1092896174863388,0.546448087431694,0.04918032786885246,0.4426229508196721,-0.03278688524590164,0.5519125683060109,0.17486338797814208,0.7213114754098361,0.2459016393442623,0.5409836065573771,0.1912568306010929,0.43169398907103823,0.1092896174863388
2,0.0,0.0,0.0,0.0,0.0,0.0,0.0,0.0,0.0,0.0,0.0,0.0,0.0,0.0,0.0,0.0,0.0,0.0,0.0,0.0,0.0,0.0,0.0,0.0,0.0,0.0,0.0,0.0,0.0,0.0,0.0,0.0,0.0,0.0,0.0,0.0,0.0,0.0,0.0,0.0,0.0,0.0,0.0,0.0,0.06,-0.29,0.165,-0.585,0.22,-0.85,0.135,-1.0,0.585,-0.44,0.86,-0.35,0.625,-0.3,0.5,-0.35,0.585,-0.23,0.805,-0.13,0.515,-0.125,0.45,-0.215,0.57,-0.04,0.775,0.05,0.515,0.025,0.425,-0.06,0.535,0.115,0.705,0.185,0.515,0.155,0.415,0.085
2,0.0,0.0,0.0,0.0,0.0,0.0,0.0,0.0,0.0,0.0,0.0,0.0,0.0,0.0,0.0,0.0,0.0,0.0,0.0,0.0,0.0,0.0,0.0,0.0,0.0,0.0,0.0,0.0,0.0,0.0,0.0,0.0,0.0,0.0,0.0,0.0,0.0,0.0,0.0,0.0,0.0,0.0,0.0,0.0,0.057291666666666664,-0.28125,0.18229166666666666,-0.5833333333333334,0.24479166666666666,-0.859375,0.14583333333333334,-1.0,0.609375,-0.4375,0.8802083333333334,-0.3541666666666667,0.65625,-0.3177083333333333,0.5260416666666666,-0.359375,0.6197916666666666,-0.21354166666666666,0.8385416666666666,-0.11979166666666667,0.5520833333333334,-0.13020833333333334,0.4791666666666667,-0.20833333333333334,0.609375,-0.020833333333333332,0.8125,0.0625,0.546875,0.020833333333333332,0.453125,-0.052083333333333336,0.5729166666666666,0.14583333333333334,0.7447916666666666,0.203125,0.5520833333333334,0.16666666666666666,0.453125,0.09895833333333333
2,0.0,0.0,0.0,0.0,0.0,0.0,0.0,0.0,0.0,0.0,0.0,0.0,0.0,0.0,0.0,0.0,0.0,0.0,0.0,0.0,0.0,0.0,0.0,0.0,0.0,0.0,0.0,0.0,0.0,0.0,0.0,0.0,0.0,0.0,0.0,0.0,0.0,0.0,0.0,0.0,0.0,0.0,0.0,0.0,0.05154639175257732,-0.28350515463917525,0.16494845360824742,-0.5876288659793815,0.23711340206185566,-0.8711340206185567,0.13402061855670103,-1.0,0.5979381443298969,-0.4484536082474227,0.8505154639175257,-0.3711340206185567,0.6134020618556701,-0.32989690721649484,0.4896907216494845,-0.3711340206185567,0.6134020618556701,-0.23195876288659795,0.8195876288659794,-0.14432989690721648,0.5309278350515464,-0.14948453608247422,0.4690721649484536,-0.2268041237113402,0.6030927835051546,-0.03608247422680412,0.7938144329896907,0.041237113402061855,0.5309278350515464,0.010309278350515464,0.44329896907216493,-0.061855670103092786,0.5670103092783505,0.12886597938144329,0.7371134020618557,0.18556701030927836,0.5412371134020618,0.14948453608247422,0.4381443298969072,0.08247422680412371
2,0.0,0.0,0.0,0.0,0.0,0.0,0.0,0.0,0.0,0.0,0.0,0.0,0.0,0.0,0.0,0.0,0.0,0.0,0.0,0.0,0.0,0.0,0.0,0.0,0.0,0.0,0.0,0.0,0.0,0.0,0.0,0.0,0.0,0.0,0.0,0.0,0.0,0.0,0.0,0.0,0.0,0.0,0.0,0.0,0.05583756345177665,-0.28426395939086296,0.17258883248730963,-0.5786802030456852,0.233502538071066,-0.8578680203045685,0.14213197969543148,-1.0,0.5786802030456852,-0.4517766497461929,0.8426395939086294,-0.37055837563451777,0.6091370558375635,-0.3248730964467005,0.4873096446700508,-0.36548223350253806,0.5939086294416244,-0.233502538071066,0.8020304568527918,-0.14213197969543148,0.5228426395939086,-0.14213197969543148,0.467005076142132,-0.2182741116751269,0.5888324873096447,-0.04060913705583756,0.7817258883248731,0.04060913705583756,0.5228426395939086,0.015228426395939087,0.4416243654822335,-0.06091370558375635,0.5634517766497462,0.1218274111675127,0.7258883248730964,0.17766497461928935,0.5329949238578681,0.15228426395939088,0.4365482233502538,0.08121827411167512
2,0.0,0.0,0.0,0.0,0.0,0.0,0.0,0.0,0.0,0.0,0.0,0.0,0.0,0.0,0.0,0.0,0.0,0.0,0.0,0.0,0.0,0.0,0.0,0.0,0.0,0.0,0.0,0.0,0.0,0.0,0.0,0.0,0.0,0.0,0.0,0.0,0.0,0.0,0.0,0.0,0.0,0.0,0.0,0.0,0.023148148148148147,-0.28703703703703703,0.1388888888888889,-0.5879629629629629,0.2037037037037037,-0.8518518518518519,0.08796296296296297,-1.0,0.5601851851851852,-0.4722222222222222,0.8240740740740741,-0.39814814814814814,0.6018518518518519,-0.35185185185185186,0.48148148148148145,-0.38425925925925924,0.5740740740740741,-0.26851851851851855,0.7870370370370371,-0.18055555555555555,0.5046296296296297,-0.16666666666666666,0.44907407407407407,-0.24074074074074073,0.5740740740740741,-0.08796296296296297,0.7592592592592593,-0.004629629629629629,0.5,-0.018518518518518517,0.4166666666666667,-0.08796296296296297,0.5555555555555556,0.06944444444444445,0.7129629629629629,0.125,0.5185185185185185,0.1111111111111111,0.4212962962962963,0.05092592592592592
2,0.0,0.0,0.0,0.0,0.0,0.0,0.0,0.0,0.0,0.0,0.0,0.0,0.0,0.0,0.0,0.0,0.0,0.0,0.0,0.0,0.0,0.0,0.0,0.0,0.0,0.0,0.0,0.0,0.0,0.0,0.0,0.0,0.0,0.0,0.0,0.0,0.0,0.0,0.0,0.0,0.0,0.0,0.0,0.0,0.030303030303030304,-0.27705627705627706,0.15151515151515152,-0.5844155844155844,0.2077922077922078,-0.8658008658008658,0.11255411255411256,-1.0,0.5454545454545454,-0.4805194805194805,0.8225108225108225,-0.42857142857142855,0.6017316017316018,-0.36363636363636365,0.48484848484848486,-0.3939393939393939,0.5627705627705628,-0.2727272727272727,0.7835497835497836,-0.20346320346320346,0.5064935064935064,-0.18181818181818182,0.4458874458874459,-0.2597402597402597,0.5627705627705628,-0.08658008658008658,0.7575757575757576,-0.025974025974025976,0.5021645021645021,-0.030303030303030304,0.4199134199134199,-0.09523809523809523,0.5454545454545454,0.0735930735930736,0.6926406926406926,0.12121212121212122,0.5064935064935064,0.11255411255411256,0.4155844155844156,0.06060606060606061
2,0.0,0.0,0.0,0.0,0.0,0.0,0.0,0.0,0.0,0.0,0.0,0.0,0.0,0.0,0.0,0.0,0.0,0.0,0.0,0.0,0.0,0.0,0.0,0.0,0.0,0.0,0.0,0.0,0.0,0.0,0.0,0.0,0.0,0.0,0.0,0.0,0.0,0.0,0.0,0.0,0.0,0.0,0.0,0.0,0.04219409282700422,-0.27848101265822783,0.1518987341772152,-0.5780590717299579,0.21940928270042195,-0.8565400843881856,0.11814345991561181,-1.0,0.5358649789029536,-0.48945147679324896,0.8059071729957806,-0.4388185654008439,0.5907172995780591,-0.379746835443038,0.48523206751054854,-0.4092827004219409,0.5569620253164557,-0.27848101265822783,0.7763713080168776,-0.21940928270042195,0.5021097046413502,-0.19831223628691982,0.4472573839662447,-0.270042194092827,0.5611814345991561,-0.08860759493670886,0.759493670886076,-0.04219409282700422,0.5063291139240507,-0.05063291139240506,0.4219409282700422,-0.10970464135021098,0.5443037974683544,0.0759493670886076,0.6962025316455697,0.10970464135021098,0.510548523206751,0.09282700421940929,0.41350210970464135,0.0379746835443038
2,0.0,0.0,0.0,0.0,0.0,0.0,0.0,0.0,0.0,0.0,0.0,0.0,0.0,0.0,0.0,0.0,0.0,0.0,0.0,0.0,0.0,0.0,0.0,0.0,0.0,0.0,0.0,0.0,0.0,0.0,0.0,0.0,0.0,0.0,0.0,0.0,0.0,0.0,0.0,0.0,0.0,0.0,0.0,0.0,0.045454545454545456,-0.28512396694214875,0.15702479338842976,-0.5826446280991735,0.2190082644628099,-0.8512396694214877,0.12396694214876033,-1.0,0.5165289256198347,-0.49173553719008267,0.7851239669421488,-0.44214876033057854,0.5785123966942148,-0.3925619834710744,0.4669421487603306,-0.4214876033057851,0.5413223140495868,-0.2768595041322314,0.7603305785123967,-0.2231404958677686,0.48760330578512395,-0.21074380165289255,0.4297520661157025,-0.2768595041322314,0.5454545454545454,-0.09090909090909091,0.7355371900826446,-0.049586776859504134,0.48760330578512395,-0.05785123966942149,0.4049586776859504,-0.11983471074380166,0.5289256198347108,0.0743801652892562,0.6776859504132231,0.09917355371900827,0.49586776859504134,0.07851239669421488,0.4049586776859504,0.03305785123966942
2,0.0,0.0,0.0,0.0,0.0,0.0,0.0,0.0,0.0,0.0,0.0,0.0,0.0,0.0,0.0,0.0,0.0,0.0,0.0,0.0,0.0,0.0,0.0,0.0,0.0,0.0,0.0,0.0,0.0,0.0,0.0,0.0,0.0,0.0,0.0,0.0,0.0,0.0,0.0,0.0,0.0,0.0,0.0,0.0,0.11904761904761904,-0.35714285714285715,-0.01904761904761905,-0.6428571428571429,-0.1619047619047619,-0.8380952380952381,-0.2571428571428571,-1.0,-0.38095238095238093,-0.5904761904761905,-0.42857142857142855,-0.7095238095238096,-0.38571428571428573,-0.7285714285714285,-0.3476190476190476,-0.7,-0.4857142857142857,-0.44761904761904764,-0.5523809523809524,-0.5714285714285714,-0.5142857142857142,-0.6,-0.5047619047619047,-0.6142857142857143,-0.5380952380952381,-0.3047619047619048,-0.6333333333333333,-0.4238095238095238,-0.6142857142857143,-0.46190476190476193,-0.5952380952380952,-0.4714285714285714,-0.5428571428571428,-0.18095238095238095,-0.638095238095238,-0.2904761904761905,-0.6285714285714286,-0.3380952380952381,-0.6095238095238096,-0.34285714285714286
2,0.0,0.0,0.0,0.0,0.0,0.0,0.0,0.0,0.0,0.0,0.0,0.0,0.0,0.0,0.0,0.0,0.0,0.0,0.0,0.0,0.0,0.0,0.0,0.0,0.0,0.0,0.0,0.0,0.0,0.0,0.0,0.0,0.0,0.0,0.0,0.0,0.0,0.0,0.0,0.0,0.0,0.0,0.0,0.0,0.10328638497652583,-0.38028169014084506,-0.09389671361502347,-0.6619718309859155,-0.29577464788732394,-0.8403755868544601,-0.4084507042253521,-1.0,-0.43661971830985913,-0.5727699530516432,-0.38497652582159625,-0.6666666666666666,-0.25821596244131456,-0.6291079812206573,-0.20187793427230047,-0.5774647887323944,-0.5164319248826291,-0.4084507042253521,-0.431924882629108,-0.5023474178403756,-0.3145539906103286,-0.49295774647887325,-0.25821596244131456,-0.4460093896713615,-0.5164319248826291,-0.23943661971830985,-0.460093896713615,-0.3615023474178404,-0.3568075117370892,-0.36619718309859156,-0.29107981220657275,-0.3192488262910798,-0.4835680751173709,-0.11267605633802817,-0.4460093896713615,-0.2300469483568075,-0.3615023474178404,-0.2300469483568075,-0.30985915492957744,-0.18779342723004694
2,0.0,0.0,0.0,0.0,0.0,0.0,0.0,0.0,0.0,0.0,0.0,0.0,0.0,0.0,0.0,0.0,0.0,0.0,0.0,0.0,0.0,0.0,0.0,0.0,0.0,0.0,0.0,0.0,0.0,0.0,0.0,0.0,0.0,0.0,0.0,0.0,0.0,0.0,0.0,0.0,0.0,0.0,0.0,0.0,0.08173076923076923,-0.36538461538461536,-0.1201923076923077,-0.6442307692307693,-0.3269230769230769,-0.8173076923076923,-0.42788461538461536,-1.0,-0.5096153846153846,-0.5192307692307693,-0.40865384615384615,-0.625,-0.2644230769230769,-0.5817307692307693,-0.20673076923076922,-0.5240384615384616,-0.5673076923076923,-0.3317307692307692,-0.44711538461538464,-0.4375,-0.32211538461538464,-0.41346153846153844,-0.2644230769230769,-0.36538461538461536,-0.5480769230769231,-0.15384615384615385,-0.46634615384615385,-0.27884615384615385,-0.3605769230769231,-0.27403846153846156,-0.30288461538461536,-0.22115384615384615,-0.5096153846153846,-0.014423076923076924,-0.46153846153846156,-0.11538461538461539,-0.375,-0.11538461538461539,-0.3173076923076923,-0.07211538461538461
2,0.0,0.0,0.0,0.0,0.0,0.0,0.0,0.0,0.0,0.0,0.0,0.0,0.0,0.0,0.0,0.0,0.0,0.0,0.0,0.0,0.0,0.0,0.0,0.0,0.0,0.0,0.0,0.0,0.0,0.0,0.0,0.0,0.0,0.0,0.0,0.0,0.0,0.0,0.0,0.0,0.0,0.0,0.0,0.0,-0.03255813953488372,-0.42790697674418604,-0.25116279069767444,-0.6837209302325581,-0.4418604651162791,-0.8418604651162791,-0.5720930232558139,-1.0,-0.6046511627906976,-0.44651162790697674,-0.5674418604651162,-0.5813953488372093,-0.4418604651162791,-0.586046511627907,-0.3627906976744186,-0.5395348837209303,-0.6093023255813953,-0.24651162790697675,-0.5813953488372093,-0.386046511627907,-0.4697674418604651,-0.413953488372093,-0.39069767441860465,-0.3813953488372093,-0.5581395348837209,-0.07441860465116279,-0.5534883720930233,-0.2372093023255814,-0.4604651162790698,-0.26046511627906976,-0.3767441860465116,-0.22325581395348837,-0.5023255813953489,0.046511627906976744,-0.5162790697674419,-0.09767441860465116,-0.4325581395348837,-0.10697674418604651,-0.37209302325581395,-0.07906976744186046
2,0.0,0.0,0.0,0.0,0.0,0.0,0.0,0.0,0.0,0.0,0.0,0.0,0.0,0.0,0.0,0.0,0.0,0.0,0.0,0.0,0.0,0.0,0.0,0.0,0.0,0.0,0.0,0.0,0.0,0.0,0.0,0.0,0.0,0.0,0.0,0.0,0.0,0.0,0.0,0.0,0.0,0.0,0.0,0.0,-0.017937219730941704,-0.40358744394618834,-0.25112107623318386,-0.6816143497757847,-0.47533632286995514,-0.8385650224215246,-0.6143497757847534,-1.0,-0.6188340807174888,-0.4170403587443946,-0.5829596412556054,-0.5739910313901345,-0.4349775784753363,-0.5650224215246636,-0.35874439461883406,-0.5067264573991032,-0.6322869955156951,-0.22869955156950672,-0.5829596412556054,-0.38565022421524664,-0.45739910313901344,-0.3991031390134529,-0.3811659192825112,-0.34977578475336324,-0.5874439461883408,-0.07174887892376682,-0.5695067264573991,-0.23766816143497757,-0.4618834080717489,-0.24663677130044842,-0.3901345291479821,-0.20179372197309417,-0.5291479820627802,0.04035874439461883,-0.5381165919282511,-0.09417040358744394,-0.4484304932735426,-0.09417040358744394,-0.38565022421524664,-0.04484304932735426
2,0.0,0.0,0.0,0.0,0.0,0.0,0.0,0.0,0.0,0.0,0.0,0.0,0.0,0.0,0.0,0.0,0.0,0.0,0.0,0.0,0.0,0.0,0.0,0.0,0.0,0.0,0.0,0.0,0.0,0.0,0.0,0.0,0.0,0.0,0.0,0.0,0.0,0.0,0.0,0.0,0.0,0.0,0.0,0.0,-0.022222222222222223,-0.41333333333333333,-0.25333333333333335,-0.68,-0.48444444444444446,-0.8355555555555556,-0.6266666666666667,-1.0,-0.6355555555555555,-0.41333333333333333,-0.5955555555555555,-0.5688888888888889,-0.4444444444444444,-0.56,-0.35555555555555557,-0.5022222222222222,-0.6444444444444445,-0.2311111111111111,-0.5866666666666667,-0.38222222222222224,-0.4577777777777778,-0.4,-0.37777777777777777,-0.3511111111111111,-0.6,-0.07555555555555556,-0.5644444444444444,-0.2311111111111111,-0.4533333333333333,-0.24888888888888888,-0.37777777777777777,-0.2088888888888889,-0.5333333333333333,0.04,-0.5333333333333333,-0.08888888888888889,-0.44,-0.09777777777777778,-0.3688888888888889,-0.057777777777777775
2,0.0,0.0,0.0,0.0,0.0,0.0,0.0,0.0,0.0,0.0,0.0,0.0,0.0,0.0,0.0,0.0,0.0,0.0,0.0,0.0,0.0,0.0,0.0,0.0,0.0,0.0,0.0,0.0,0.0,0.0,0.0,0.0,0.0,0.0,0.0,0.0,0.0,0.0,0.0,0.0,0.0,0.0,0.0,0.0,-0.05309734513274336,-0.4026548672566372,-0.3141592920353982,-0.6902654867256637,-0.5398230088495575,-0.8495575221238938,-0.6991150442477876,-1.0,-0.7168141592920354,-0.4247787610619469,-0.6769911504424779,-0.5796460176991151,-0.5309734513274337,-0.5663716814159292,-0.45132743362831856,-0.504424778761062,-0.7168141592920354,-0.2345132743362832,-0.668141592920354,-0.3805309734513274,-0.5442477876106194,-0.3938053097345133,-0.4690265486725664,-0.34513274336283184,-0.6592920353982301,-0.07079646017699115,-0.6460176991150443,-0.22123893805309736,-0.5398230088495575,-0.23893805309734514,-0.4646017699115044,-0.19911504424778761,-0.588495575221239,0.048672566371681415,-0.6061946902654868,-0.06637168141592921,-0.5176991150442478,-0.07964601769911504,-0.4557522123893805,-0.05309734513274336
2,0.0,0.0,0.0,0.0,0.0,0.0,0.0,0.0,0.0,0.0,0.0,0.0,0.0,0.0,0.0,0.0,0.0,0.0,0.0,0.0,0.0,0.0,0.0,0.0,0.0,0.0,0.0,0.0,0.0,0.0,0.0,0.0,0.0,0.0,0.0,0.0,0.0,0.0,0.0,0.0,0.0,0.0,0.0,0.0,-0.04932735426008968,-0.40358744394618834,-0.29596412556053814,-0.6905829596412556,-0.5381165919282511,-0.8475336322869955,-0.6995515695067265,-1.0,-0.7040358744394619,-0.4080717488789238,-0.6905829596412556,-0.5695067264573991,-0.5426008968609866,-0.5695067264573991,-0.45739910313901344,-0.5112107623318386,-0.6995515695067265,-0.21076233183856502,-0.672645739910314,-0.3721973094170404,-0.547085201793722,-0.39461883408071746,-0.4663677130044843,-0.3452914798206278,-0.6412556053811659,-0.04484304932735426,-0.6457399103139013,-0.2062780269058296,-0.5381165919282511,-0.22869955156950672,-0.45739910313901344,-0.18834080717488788,-0.5695067264573991,0.07623318385650224,-0.5964125560538116,-0.053811659192825115,-0.515695067264574,-0.07623318385650224,-0.4439461883408072,-0.04484304932735426
2,0.0,0.0,0.0,0.0,0.0,0.0,0.0,0.0,0.0,0.0,0.0,0.0,0.0,0.0,0.0,0.0,0.0,0.0,0.0,0.0,0.0,0.0,0.0,0.0,0.0,0.0,0.0,0.0,0.0,0.0,0.0,0.0,0.0,0.0,0.0,0.0,0.0,0.0,0.0,0.0,0.0,0.0,0.0,0.0,-0.04291845493562232,-0.4034334763948498,-0.26609442060085836,-0.6866952789699571,-0.4892703862660944,-0.8497854077253219,-0.648068669527897,-1.0,-0.6566523605150214,-0.4206008583690987,-0.6266094420600858,-0.5836909871244635,-0.48497854077253216,-0.5836909871244635,-0.4034334763948498,-0.5236051502145923,-0.6609442060085837,-0.2446351931330472,-0.6223175965665236,-0.40772532188841204,-0.4978540772532189,-0.4206008583690987,-0.4206008583690987,-0.3605150214592275,-0.6137339055793991,-0.09012875536480687,-0.6051502145922747,-0.24892703862660945,-0.5021459227467812,-0.2703862660944206,-0.4206008583690987,-0.22317596566523606,-0.5493562231759657,0.02575107296137339,-0.5708154506437768,-0.10300429184549356,-0.4892703862660944,-0.12017167381974249,-0.4206008583690987,-0.08583690987124463
2,0.0,0.0,0.0,0.0,0.0,0.0,0.0,0.0,0.0,0.0,0.0,0.0,0.0,0.0,0.0,0.0,0.0,0.0,0.0,0.0,0.0,0.0,0.0,0.0,0.0,0.0,0.0,0.0,0.0,0.0,0.0,0.0,0.0,0.0,0.0,0.0,0.0,0.0,0.0,0.0,0.0,0.0,0.0,0.0,-0.038135593220338986,-0.3940677966101695,-0.2584745762711864,-0.673728813559322,-0.4745762711864407,-0.8389830508474576,-0.6101694915254238,-1.0,-0.6440677966101694,-0.4152542372881356,-0.6271186440677966,-0.5889830508474576,-0.4872881355932203,-0.5847457627118644,-0.4067796610169492,-0.5296610169491526,-0.652542372881356,-0.25,-0.6271186440677966,-0.4152542372881356,-0.5,-0.4322033898305085,-0.423728813559322,-0.3813559322033898,-0.614406779661017,-0.1016949152542373,-0.6101694915254238,-0.2669491525423729,-0.5042372881355932,-0.2923728813559322,-0.4279661016949153,-0.2457627118644068,-0.5508474576271186,0.00847457627118644,-0.5805084745762712,-0.13135593220338984,-0.5,-0.15677966101694915,-0.4322033898305085,-0.11864406779661017
2,0.0,0.0,0.0,0.0,0.0,0.0,0.0,0.0,0.0,0.0,0.0,0.0,0.0,0.0,0.0,0.0,0.0,0.0,0.0,0.0,0.0,0.0,0.0,0.0,0.0,0.0,0.0,0.0,0.0,0.0,0.0,0.0,0.0,0.0,0.0,0.0,0.0,0.0,0.0,0.0,0.0,0.0,0.0,0.0,-0.034482758620689655,-0.40086206896551724,-0.2543103448275862,-0.6853448275862069,-0.47413793103448276,-0.8448275862068966,-0.6120689655172413,-1.0,-0.6422413793103449,-0.4224137931034483,-0.6163793103448276,-0.5905172413793104,-0.47413793103448276,-0.5862068965517241,-0.39655172413793105,-0.5258620689655172,-0.6508620689655172,-0.2413793103448276,-0.6163793103448276,-0.41379310344827586,-0.49137931034482757,-0.4267241379310345,-0.41810344827586204,-0.3706896551724138,-0.6120689655172413,-0.09051724137931035,-0.5991379310344828,-0.2629310344827586,-0.4956896551724138,-0.2801724137931034,-0.4224137931034483,-0.23275862068965517,-0.5474137931034483,0.021551724137931036,-0.5732758620689655,-0.125,-0.4870689655172414,-0.14224137931034483,-0.4224137931034483,-0.09913793103448276
3,0.0,0.0,-0.3858267716535433,-0.2204724409448819,-0.49606299212598426,-0.5433070866141733,-0.33858267716535434,-0.7637795275590551,-0.11811023622047244,-0.8110236220472441,-0.2677165354330709,-1.0,-0.25984251968503935,-0.8818897637795275,-0.25984251968503935,-0.7165354330708661,-0.2677165354330709,-0.6141732283464567,0.03937007874015748,-0.9606299212598425,0.007874015748031496,-0.8188976377952756,-0.015748031496062992,-0.6771653543307087,-0.015748031496062992,-0.5669291338582677,0.30708661417322836,-0.8346456692913385,0.25196850393700787,-0.7007874015748031,0.2047244094488189,-0.5826771653543307,0.1889763779527559,-0.4645669291338583,0.5039370078740157,-0.6850393700787402,0.4566929133858268,-0.5826771653543307,0.4094488188976378,-0.48031496062992124,0.3858267716535433,-0.4015748031496063,0.0,0.0,0.3464566929133858,-0.25984251968503935,0.4566929133858268,-0.5275590551181102,0.33858267716535434,-0.7244094488188977,0.14173228346456693,-0.7716535433070866,0.31496062992125984,-0.968503937007874,0.2440944881889764,-0.984251968503937,0.2283464566929134,-0.8188976377952756,0.2440944881889764,-0.6850393700787402,0.023622047244094488,-1.0,0.015748031496062992,-0.952755905511811,0.0,-0.7952755905511811,0.015748031496062992,-0.6614173228346457,-0.23622047244094488,-0.9133858267716536,-0.2204724409448819,-0.8661417322834646,-0.1968503937007874,-0.7322834645669292,-0.16535433070866143,-0.5905511811023622,-0.4645669291338583,-0.7795275590551181,-0.4409448818897638,-0.7401574803149606,-0.3937007874015748,-0.6062992125984252,-0.3543307086614173,-0.4881889763779528
3,0.0,0.0,-0.3153846153846154,-0.24615384615384617,-0.4230769230769231,-0.5538461538461539,-0.26153846153846155,-0.7615384615384615,-0.038461538461538464,-0.8,-0.24615384615384617,-1.0,-0.2153846153846154,-0.9,-0.2076923076923077,-0.7153846153846154,-0.2230769230769231,-0.6153846153846154,0.046153846153846156,-0.9846153846153847,0.038461538461538464,-0.8538461538461538,0.015384615384615385,-0.7076923076923077,0.007692307692307693,-0.5923076923076923,0.3,-0.8769230769230769,0.2692307692307692,-0.7461538461538462,0.2230769230769231,-0.6230769230769231,0.2,-0.5153846153846153,0.5,-0.7230769230769231,0.46923076923076923,-0.6307692307692307,0.4230769230769231,-0.5153846153846153,0.4076923076923077,-0.4307692307692308,0.0,0.0,0.3467741935483871,-0.24193548387096775,0.45161290322580644,-0.5,0.31451612903225806,-0.6935483870967742,0.12096774193548387,-0.7338709677419355,0.28225806451612906,-0.9758064516129032,0.20967741935483872,-0.9596774193548387,0.20161290322580644,-0.7983870967741935,0.21774193548387097,-0.6693548387096774,-0.008064516129032258,-1.0,-0.024193548387096774,-0.9274193548387096,-0.03225806451612903,-0.7661290322580645,-0.024193548387096774,-0.6290322580645161,-0.27419354838709675,-0.9112903225806451,-0.25806451612903225,-0.8548387096774194,-0.23387096774193547,-0.7096774193548387,-0.20967741935483872,-0.5725806451612904,-0.5,-0.7741935483870968,-0.49193548387096775,-0.7338709677419355,-0.4435483870967742,-0.6048387096774194,-0.4112903225806452,-0.4838709677419355
3,0.0,0.0,-0.30597014925373134,-0.26119402985074625,-0.41044776119402987,-0.5597014925373134,-0.2835820895522388,-0.753731343283582,-0.08208955223880597,-0.7985074626865671,-0.22388059701492538,-1.0,-0.1865671641791045,-0.9104477611940298,-0.1865671641791045,-0.7388059701492538,-0.20149253731343283,-0.6417910447761194,0.05223880597014925,-0.9626865671641791,0.04477611940298507,-0.8507462686567164,0.022388059701492536,-0.7089552238805971,0.014925373134328358,-0.5895522388059702,0.29850746268656714,-0.8582089552238806,0.27611940298507465,-0.746268656716418,0.23134328358208955,-0.6194029850746269,0.21641791044776118,-0.5074626865671642,0.5074626865671642,-0.7014925373134329,0.48507462686567165,-0.6567164179104478,0.44776119402985076,-0.5522388059701493,0.44029850746268656,-0.4626865671641791,0.0,0.0,0.34959349593495936,-0.24390243902439024,0.43902439024390244,-0.5121951219512195,0.2926829268292683,-0.6991869918699187,0.10569105691056911,-0.7317073170731707,0.3008130081300813,-0.967479674796748,0.21951219512195122,-0.959349593495935,0.1951219512195122,-0.7886178861788617,0.21138211382113822,-0.6504065040650406,0.0,-1.0,-0.024390243902439025,-0.926829268292683,-0.032520325203252036,-0.7560975609756098,-0.016260162601626018,-0.6097560975609756,-0.2682926829268293,-0.9186991869918699,-0.2601626016260163,-0.8373983739837398,-0.24390243902439024,-0.6829268292682927,-0.21138211382113822,-0.5447154471544715,-0.5040650406504065,-0.7723577235772358,-0.4878048780487805,-0.7073170731707317,-0.44715447154471544,-0.5691056910569106,-0.4146341463414634,-0.45528455284552843
3,0.0,0.0,-0.29411764705882354,-0.25735294117647056,-0.38235294117647056,-0.5588235294117647,-0.2426470588235294,-0.75,-0.04411764705882353,-0.7867647058823529,-0.2426470588235294,-1.0,-0.15441176470588236,-0.8970588235294118,-0.16176470588235295,-0.7279411764705882,-0.19852941176470587,-0.6397058823529411,0.03676470588235294,-0.9705882352941176,0.07352941176470588,-0.8382352941176471,0.04411764705882353,-0.6985294117647058,0.014705882352941176,-0.5955882352941176,0.27941176470588236,-0.8602941176470589,0.2867647058823529,-0.7279411764705882,0.23529411764705882,-0.5955882352941176,0.19852941176470587,-0.5,0.4852941176470588,-0.7058823529411765,0.4852941176470588,-0.6102941176470589,0.4338235294117647,-0.5,0.39705882352941174,-0.4264705882352941,0.0,0.0,0.3442622950819672,-0.2540983606557377,0.4344262295081967,-0.5163934426229508,0.29508196721311475,-0.7049180327868853,0.10655737704918032,-0.7377049180327869,0.3114754098360656,-0.9590163934426229,0.19672131147540983,-0.9754098360655737,0.1721311475409836,-0.8114754098360656,0.19672131147540983,-0.6639344262295082,0.0,-1.0,-0.040983606557377046,-0.9508196721311475,-0.04918032786885246,-0.7786885245901639,-0.03278688524590164,-0.6229508196721312,-0.27049180327868855,-0.9180327868852459,-0.2786885245901639,-0.860655737704918,-0.26229508196721313,-0.6967213114754098,-0.22950819672131148,-0.5491803278688525,-0.5081967213114754,-0.7786885245901639,-0.5081967213114754,-0.7213114754098361,-0.4672131147540984,-0.5737704918032787,-0.4262295081967213,-0.45901639344262296
3,0.0,0.0,-0.30434782608695654,-0.26811594202898553,-0.4057971014492754,-0.5579710144927537,-0.2608695652173913,-0.7463768115942029,-0.057971014492753624,-0.7753623188405797,-0.21739130434782608,-1.0,-0.18840579710144928,-0.8913043478260869,-0.1956521739130435,-0.7246376811594203,-0.21014492753623187,-0.6304347826086957,0.06521739130434782,-0.9637681159420289,0.050724637681159424,-0.8188405797101449,0.014492753623188406,-0.6811594202898551,0.007246376811594203,-0.5869565217391305,0.30434782608695654,-0.8478260869565217,0.2753623188405797,-0.7028985507246377,0.2246376811594203,-0.5797101449275363,0.18840579710144928,-0.4855072463768116,0.5,-0.6811594202898551,0.4782608695652174,-0.572463768115942,0.42028985507246375,-0.47101449275362317,0.391304347826087,-0.4057971014492754,0.0,0.0,0.35537190082644626,-0.2396694214876033,0.45454545454545453,-0.5041322314049587,0.30578512396694213,-0.7024793388429752,0.11570247933884298,-0.7355371900826446,0.2975206611570248,-0.9752066115702479,0.21487603305785125,-0.9752066115702479,0.2066115702479339,-0.8016528925619835,0.2231404958677686,-0.6611570247933884,-0.008264462809917356,-1.0,-0.01652892561983471,-0.9421487603305785,-0.008264462809917356,-0.7768595041322314,-0.008264462809917356,-0.6198347107438017,-0.2809917355371901,-0.9173553719008265,-0.2396694214876033,-0.859504132231405,-0.2231404958677686,-0.7107438016528925,-0.19834710743801653,-0.5619834710743802,-0.512396694214876,-0.7768595041322314,-0.47107438016528924,-0.743801652892562,-0.4214876033057851,-0.6033057851239669,-0.39669421487603307,-0.48760330578512395
3,0.0,0.0,-0.30656934306569344,-0.27007299270072993,-0.41605839416058393,-0.5620437956204379,-0.291970802919708,-0.7591240875912408,-0.08759124087591241,-0.8102189781021898,-0.22627737226277372,-1.0,-0.23357664233576642,-0.9343065693430657,-0.22627737226277372,-0.7591240875912408,-0.21897810218978103,-0.6496350364963503,0.058394160583941604,-0.9708029197080292,0.021897810218978103,-0.8686131386861314,-0.0072992700729927005,-0.7226277372262774,-0.0072992700729927005,-0.5985401459854015,0.29927007299270075,-0.8540145985401459,0.25547445255474455,-0.7445255474452555,0.20437956204379562,-0.6131386861313869,0.17518248175182483,-0.49635036496350365,0.5036496350364964,-0.6934306569343066,0.45985401459854014,-0.5985401459854015,0.40875912408759124,-0.48905109489051096,0.38686131386861317,-0.40875912408759124,0.0,0.0,0.35833333333333334,-0.23333333333333334,0.4583333333333333,-0.49166666666666664,0.325,-0.6833333333333333,0.14166666666666666,-0.725,0.31666666666666665,-0.9666666666666667,0.20833333333333334,-0.975,0.19166666666666668,-0.8,0.20833333333333334,-0.6583333333333333,0.016666666666666666,-1.0,-0.016666666666666666,-0.9416666666666667,-0.025,-0.775,-0.016666666666666666,-0.625,-0.25833333333333336,-0.9166666666666666,-0.25,-0.8583333333333333,-0.23333333333333334,-0.7,-0.20833333333333334,-0.55,-0.5,-0.7833333333333333,-0.475,-0.75,-0.43333333333333335,-0.6083333333333333,-0.4083333333333333,-0.48333333333333334
3,0.0,0.0,-0.30434782608695654,-0.26811594202898553,-0.41304347826086957,-0.5652173913043478,-0.2898550724637681,-0.7608695652173914,-0.10144927536231885,-0.8115942028985508,-0.2318840579710145,-1.0,-0.2318840579710145,-0.9420289855072463,-0.2318840579710145,-0.7753623188405797,-0.2246376811594203,-0.6666666666666666,0.050724637681159424,-0.9710144927536232,0.007246376811594203,-0.8695652173913043,-0.021739130434782608,-0.7318840579710145,-0.014492753623188406,-0.6086956521739131,0.2898550724637681,-0.8623188405797102,0.2318840579710145,-0.7463768115942029,0.18115942028985507,-0.6231884057971014,0.16666666666666666,-0.5144927536231884,0.4855072463768116,-0.7028985507246377,0.427536231884058,-0.6086956521739131,0.37681159420289856,-0.5,0.35507246376811596,-0.41304347826086957,0.0,0.0,0.35833333333333334,-0.23333333333333334,0.4583333333333333,-0.49166666666666664,0.325,-0.6833333333333333,0.14166666666666666,-0.7166666666666667,0.31666666666666665,-0.9666666666666667,0.21666666666666667,-0.9583333333333334,0.2,-0.7833333333333333,0.21666666666666667,-0.6416666666666667,0.008333333333333333,-1.0,-0.016666666666666666,-0.9333333333333333,-0.016666666666666666,-0.7583333333333333,-0.008333333333333333,-0.6083333333333333,-0.26666666666666666,-0.9166666666666666,-0.25,-0.85,-0.23333333333333334,-0.6916666666666667,-0.20833333333333334,-0.5416666666666666,-0.5,-0.7833333333333333,-0.475,-0.7333333333333333,-0.43333333333333335,-0.5916666666666667,-0.4,-0.475
3,0.0,0.0,-0.2949640287769784,-0.26618705035971224,-0.4028776978417266,-0.5611510791366906,-0.26618705035971224,-0.7553956834532374,-0.07913669064748201,-0.7985611510791367,-0.2158273381294964,-1.0,-0.2302158273381295,-0.920863309352518,-0.22302158273381295,-0.7553956834532374,-0.2158273381294964,-0.6474820143884892,0.05755395683453238,-0.9712230215827338,0.014388489208633094,-0.8489208633093526,-0.014388489208633094,-0.7122302158273381,-0.007194244604316547,-0.5971223021582733,0.2949640287769784,-0.8633093525179856,0.2446043165467626,-0.7266187050359713,0.18705035971223022,-0.60431654676259,0.16546762589928057,-0.5035971223021583,0.4892086330935252,-0.7050359712230215,0.4316546762589928,-0.5899280575539568,0.37410071942446044,-0.48201438848920863,0.35251798561151076,-0.41007194244604317,0.0,0.0,0.35294117647058826,-0.23529411764705882,0.453781512605042,-0.4957983193277311,0.31932773109243695,-0.680672268907563,0.13445378151260504,-0.7226890756302521,0.31932773109243695,-0.9663865546218487,0.20168067226890757,-0.9747899159663865,0.18487394957983194,-0.7983193277310925,0.20168067226890757,-0.6554621848739496,0.008403361344537815,-1.0,-0.03361344537815126,-0.9411764705882353,-0.04201680672268908,-0.773109243697479,-0.025210084033613446,-0.6218487394957983,-0.2689075630252101,-0.9243697478991597,-0.2689075630252101,-0.8571428571428571,-0.2605042016806723,-0.6974789915966386,-0.226890756302521,-0.5546218487394958,-0.5042016806722689,-0.7899159663865546,-0.4957983193277311,-0.7478991596638656,-0.453781512605042,-0.5966386554621849,-0.42016806722689076,-0.4789915966386555
3,0.0,0.0,-0.30434782608695654,-0.2753623188405797,-0.391304347826087,-0.572463768115942,-0.2463768115942029,-0.7681159420289855,-0.036231884057971016,-0.8043478260869565,-0.2246376811594203,-1.0,-0.21014492753623187,-0.927536231884058,-0.2028985507246377,-0.7608695652173914,-0.21014492753623187,-0.6521739130434783,0.057971014492753624,-0.9637681159420289,0.036231884057971016,-0.855072463768116,0.007246376811594203,-0.7246376811594203,0.0,-0.6086956521739131,0.30434782608695654,-0.8478260869565217,0.2608695652173913,-0.7391304347826086,0.21014492753623187,-0.6159420289855072,0.18840579710144928,-0.5072463768115942,0.5,-0.6956521739130435,0.47101449275362317,-0.6014492753623188,0.42028985507246375,-0.5,0.4057971014492754,-0.42028985507246375,0.0,0.0,0.34710743801652894,-0.24793388429752067,0.4380165289256198,-0.5041322314049587,0.30578512396694213,-0.6942148760330579,0.1322314049586777,-0.7272727272727273,0.32231404958677684,-0.9504132231404959,0.19834710743801653,-0.9586776859504132,0.17355371900826447,-0.7851239669421488,0.19834710743801653,-0.6446280991735537,0.024793388429752067,-1.0,-0.04132231404958678,-0.9173553719008265,-0.049586776859504134,-0.7520661157024794,-0.024793388429752067,-0.6115702479338843,-0.24793388429752067,-0.9256198347107438,-0.2809917355371901,-0.8347107438016529,-0.2644628099173554,-0.6776859504132231,-0.23140495867768596,-0.5371900826446281,-0.49586776859504134,-0.7933884297520661,-0.512396694214876,-0.7107438016528925,-0.47107438016528924,-0.5619834710743802,-0.4380165289256198,-0.4462809917355372
3,0.0,0.0,-0.3235294117647059,-0.2647058823529412,-0.4117647058823529,-0.5735294117647058,-0.25735294117647056,-0.7794117647058824,-0.058823529411764705,-0.8382352941176471,-0.3382352941176471,-0.9852941176470589,-0.25,-0.9485294117647058,-0.22794117647058823,-0.7794117647058824,-0.25,-0.6617647058823529,-0.058823529411764705,-1.0,-0.014705882352941176,-0.9044117647058824,-0.022058823529411766,-0.7647058823529411,-0.029411764705882353,-0.6323529411764706,0.19852941176470587,-0.9191176470588235,0.21323529411764705,-0.8308823529411765,0.18382352941176472,-0.6985294117647058,0.15441176470588236,-0.5735294117647058,0.4117647058823529,-0.7867647058823529,0.3897058823529412,-0.7352941176470589,0.3602941176470588,-0.6102941176470589,0.3382352941176471,-0.5147058823529411,0.0,0.0,0.37815126050420167,-0.2184873949579832,0.48739495798319327,-0.4789915966386555,0.33613445378151263,-0.6638655462184874,0.13445378151260504,-0.6974789915966386,0.31932773109243695,-0.9747899159663865,0.2605042016806723,-0.9327731092436975,0.23529411764705882,-0.7563025210084033,0.24369747899159663,-0.6218487394957983,0.0,-1.0,-0.008403361344537815,-0.907563025210084,-0.008403361344537815,-0.7394957983193278,-0.008403361344537815,-0.5882352941176471,-0.2857142857142857,-0.907563025210084,-0.25210084033613445,-0.8403361344537815,-0.23529411764705882,-0.680672268907563,-0.21008403361344538,-0.5294117647058824,-0.5294117647058824,-0.7647058823529411,-0.5126050420168067,-0.7142857142857143,-0.46218487394957986,-0.5714285714285714,-0.42857142857142855,-0.453781512605042
3,0.0,0.0,-0.3333333333333333,-0.26666666666666666,-0.42962962962962964,-0.562962962962963,-0.26666666666666666,-0.7555555555555555,-0.037037037037037035,-0.8,-0.2962962962962963,-1.0,-0.3037037037037037,-0.9259259259259259,-0.2962962962962963,-0.7555555555555555,-0.2814814814814815,-0.6518518518518519,-0.007407407407407408,-0.9925925925925926,-0.05185185185185185,-0.8962962962962963,-0.08148148148148149,-0.7481481481481481,-0.06666666666666667,-0.6296296296296297,0.2518518518518518,-0.8962962962962963,0.17777777777777778,-0.8148148148148148,0.1259259259259259,-0.674074074074074,0.1259259259259259,-0.562962962962963,0.45925925925925926,-0.7555555555555555,0.362962962962963,-0.6962962962962963,0.3111111111111111,-0.5851851851851851,0.3037037037037037,-0.5037037037037037,0.0,0.0,0.36363636363636365,-0.21487603305785125,0.47107438016528924,-0.45454545454545453,0.3305785123966942,-0.6611570247933884,0.1487603305785124,-0.7024793388429752,0.3305785123966942,-0.9586776859504132,0.23140495867768596,-0.9421487603305785,0.21487603305785125,-0.7603305785123967,0.23140495867768596,-0.628099173553719,0.024793388429752067,-1.0,-0.008264462809917356,-0.9090909090909091,-0.01652892561983471,-0.7355371900826446,0.0,-0.5867768595041323,-0.24793388429752067,-0.9173553719008265,-0.24793388429752067,-0.8429752066115702,-0.23140495867768596,-0.6859504132231405,-0.2066115702479339,-0.5371900826446281,-0.49586776859504134,-0.7851239669421488,-0.48760330578512395,-0.7355371900826446,-0.4380165289256198,-0.5867768595041323,-0.4049586776859504,-0.47107438016528924
3,0.0,0.0,0.26666666666666666,-0.14074074074074075,0.4740740740740741,-0.4074074074074074,0.4740740740740741,-0.6666666666666666,0.34074074074074073,-0.8518518518518519,0.4444444444444444,-0.837037037037037,0.4962962962962963,-1.0,0.4444444444444444,-0.7555555555555555,0.4,-0.6592592592592592,0.21481481481481482,-0.8814814814814815,0.21481481481481482,-0.9481481481481482,0.22962962962962963,-0.6370370370370371,0.23703703703703705,-0.5925925925925926,-0.02962962962962963,-0.8666666666666667,-0.02962962962962963,-0.8740740740740741,0.02962962962962963,-0.5555555555555556,0.05925925925925926,-0.4888888888888889,-0.2740740740740741,-0.8222222222222222,-0.23703703703703705,-0.7555555555555555,-0.16296296296296298,-0.5259259259259259,-0.1259259259259259,-0.48148148148148145,0.0,0.0,-0.3333333333333333,-0.13636363636363635,-0.5681818181818182,-0.4318181818181818,-0.4621212121212121,-0.7121212121212122,-0.22727272727272727,-0.7651515151515151,-0.3939393939393939,-0.7575757575757576,-0.4621212121212121,-1.0,-0.4318181818181818,-0.7272727272727273,-0.3787878787878788,-0.5909090909090909,-0.16666666666666666,-0.7803030303030303,-0.25,-0.9772727272727273,-0.2196969696969697,-0.6666666666666666,-0.17424242424242425,-0.5681818181818182,0.045454545454545456,-0.7575757575757576,-0.030303030303030304,-0.9166666666666666,-0.030303030303030304,-0.6136363636363636,0.007575757575757576,-0.5075757575757576,0.2803030303030303,-0.696969696969697,0.18181818181818182,-0.8409090909090909,0.13636363636363635,-0.6136363636363636,0.14393939393939395,-0.5
3,0.0,0.0,0.25984251968503935,-0.13385826771653545,0.5118110236220472,-0.4409448818897638,0.4645669291338583,-0.7559055118110236,0.23622047244094488,-0.905511811023622,0.44881889763779526,-0.84251968503937,0.48031496062992124,-0.984251968503937,0.41732283464566927,-0.7086614173228346,0.3858267716535433,-0.6535433070866141,0.1968503937007874,-0.889763779527559,0.2047244094488189,-1.0,0.2047244094488189,-0.6456692913385826,0.2047244094488189,-0.6535433070866141,-0.05511811023622047,-0.8661417322834646,-0.06299212598425197,-0.9448818897637795,0.0,-0.5748031496062992,0.007874015748031496,-0.5275590551181102,-0.31496062992125984,-0.8031496062992126,-0.28346456692913385,-0.8267716535433071,-0.1968503937007874,-0.5748031496062992,-0.16535433070866143,-0.5275590551181102,0.0,0.0,-0.3333333333333333,-0.12878787878787878,-0.5757575757575758,-0.4166666666666667,-0.4696969696969697,-0.6893939393939394,-0.23484848484848486,-0.7651515151515151,-0.38636363636363635,-0.7575757575757576,-0.4772727272727273,-1.0,-0.4393939393939394,-0.7272727272727273,-0.3787878787878788,-0.5984848484848485,-0.16666666666666666,-0.7803030303030303,-0.25757575757575757,-0.9848484848484849,-0.22727272727272727,-0.6742424242424242,-0.17424242424242425,-0.5833333333333334,0.045454545454545456,-0.7575757575757576,-0.03787878787878788,-0.9393939393939394,-0.03787878787878788,-0.6212121212121212,0.007575757575757576,-0.5227272727272727,0.2878787878787879,-0.696969696969697,0.17424242424242425,-0.8636363636363636,0.12878787878787878,-0.6287878787878788,0.15151515151515152,-0.5227272727272727
3,0.0,0.0,0.24193548387096775,-0.10483870967741936,0.5241935483870968,-0.41935483870967744,0.46774193548387094,-0.7419354838709677,0.21774193548387097,-0.8790322580645161,0.45161290322580644,-0.8306451612903226,0.4838709677419355,-0.9758064516129032,0.41935483870967744,-0.7016129032258065,0.3629032258064516,-0.6370967741935484,0.1935483870967742,-0.8870967741935484,0.20161290322580644,-1.0,0.20161290322580644,-0.6290322580645161,0.1935483870967742,-0.6290322580645161,-0.056451612903225805,-0.8709677419354839,-0.07258064516129033,-0.9435483870967742,-0.016129032258064516,-0.5645161290322581,-0.008064516129032258,-0.5241935483870968,-0.33064516129032256,-0.8145161290322581,-0.29838709677419356,-0.8387096774193549,-0.21774193548387097,-0.5725806451612904,-0.1935483870967742,-0.532258064516129,0.0,0.0,-0.3435114503816794,-0.12213740458015267,-0.5801526717557252,-0.40458015267175573,-0.48854961832061067,-0.6793893129770993,-0.26717557251908397,-0.7709923664122137,-0.40458015267175573,-0.7633587786259542,-0.4961832061068702,-1.0,-0.45038167938931295,-0.7251908396946565,-0.3816793893129771,-0.5954198473282443,-0.183206106870229,-0.7862595419847328,-0.26717557251908397,-0.9847328244274809,-0.2366412213740458,-0.6717557251908397,-0.17557251908396945,-0.5801526717557252,0.03816793893129771,-0.7709923664122137,-0.03816793893129771,-0.9465648854961832,-0.030534351145038167,-0.6335877862595419,0.007633587786259542,-0.5343511450381679,0.2824427480916031,-0.7099236641221374,0.17557251908396945,-0.8702290076335878,0.13740458015267176,-0.6335877862595419,0.15267175572519084,-0.5267175572519084
3,0.0,0.0,0.24793388429752067,-0.09917355371900827,0.5371900826446281,-0.4049586776859504,0.48760330578512395,-0.7355371900826446,0.24793388429752067,-0.8925619834710744,0.45454545454545453,-0.8429752066115702,0.48760330578512395,-0.9586776859504132,0.4214876033057851,-0.6776859504132231,0.371900826446281,-0.6198347107438017,0.19834710743801653,-0.9008264462809917,0.21487603305785125,-1.0,0.21487603305785125,-0.6198347107438017,0.2066115702479339,-0.6115702479338843,-0.05785123966942149,-0.8925619834710744,-0.0743801652892562,-0.9421487603305785,-0.01652892561983471,-0.5619834710743802,-0.008264462809917356,-0.5289256198347108,-0.33884297520661155,-0.8347107438016529,-0.32231404958677684,-0.8347107438016529,-0.2231404958677686,-0.5702479338842975,-0.19008264462809918,-0.5371900826446281,0.0,0.0,-0.35877862595419846,-0.12213740458015267,-0.6106870229007634,-0.40458015267175573,-0.5038167938931297,-0.6717557251908397,-0.2824427480916031,-0.7633587786259542,-0.44274809160305345,-0.7633587786259542,-0.5190839694656488,-1.0,-0.4732824427480916,-0.7251908396946565,-0.4198473282442748,-0.5954198473282443,-0.21374045801526717,-0.7862595419847328,-0.2900763358778626,-0.9847328244274809,-0.2595419847328244,-0.6717557251908397,-0.20610687022900764,-0.5801526717557252,0.007633587786259542,-0.7709923664122137,-0.061068702290076333,-0.9389312977099237,-0.05343511450381679,-0.6183206106870229,-0.015267175572519083,-0.5267175572519084,0.25190839694656486,-0.7175572519083969,0.16030534351145037,-0.8625954198473282,0.12213740458015267,-0.6259541984732825,0.1297709923664122,-0.5190839694656488
3,0.0,0.0,0.25210084033613445,-0.07563025210084033,0.5630252100840336,-0.40336134453781514,0.48739495798319327,-0.7394957983193278,0.2184873949579832,-0.8907563025210085,0.47058823529411764,-0.8319327731092437,0.5294117647058824,-0.9411764705882353,0.4369747899159664,-0.6638655462184874,0.35294117647058826,-0.6302521008403361,0.20168067226890757,-0.907563025210084,0.24369747899159663,-1.0,0.2184873949579832,-0.6218487394957983,0.19327731092436976,-0.6302521008403361,-0.05042016806722689,-0.8991596638655462,-0.05042016806722689,-0.9411764705882353,-0.008403361344537815,-0.5546218487394958,-0.025210084033613446,-0.5462184873949579,-0.33613445378151263,-0.8487394957983193,-0.29411764705882354,-0.8235294117647058,-0.2184873949579832,-0.5630252100840336,-0.20168067226890757,-0.5462184873949579,0.0,0.0,-0.3458646616541353,-0.12781954887218044,-0.5939849624060151,-0.41353383458646614,-0.48872180451127817,-0.6766917293233082,-0.24060150375939848,-0.7293233082706767,-0.42105263157894735,-0.7518796992481203,-0.5263157894736842,-1.0,-0.47368421052631576,-0.7218045112781954,-0.40601503759398494,-0.5939849624060151,-0.20300751879699247,-0.7744360902255639,-0.3082706766917293,-0.9774436090225563,-0.2556390977443609,-0.6616541353383458,-0.19548872180451127,-0.5714285714285714,0.022556390977443608,-0.7669172932330827,-0.07518796992481203,-0.9398496240601504,-0.06015037593984962,-0.6165413533834586,-0.007518796992481203,-0.5112781954887218,0.2631578947368421,-0.7218045112781954,0.13533834586466165,-0.8646616541353384,0.10526315789473684,-0.631578947368421,0.12781954887218044,-0.5263157894736842
3,0.0,0.0,0.2542372881355932,-0.09322033898305085,0.5677966101694916,-0.4067796610169492,0.4830508474576271,-0.7457627118644068,0.2288135593220339,-0.8898305084745762,0.4830508474576271,-0.8305084745762712,0.5084745762711864,-0.9491525423728814,0.4322033898305085,-0.6779661016949152,0.3644067796610169,-0.6186440677966102,0.22033898305084745,-0.9067796610169492,0.22033898305084745,-1.0,0.211864406779661,-0.6271186440677966,0.19491525423728814,-0.6186440677966102,-0.0423728813559322,-0.8983050847457628,-0.07627118644067797,-0.9322033898305084,-0.025423728813559324,-0.5677966101694916,-0.01694915254237288,-0.5423728813559322,-0.3220338983050847,-0.847457627118644,-0.3220338983050847,-0.8220338983050848,-0.23728813559322035,-0.576271186440678,-0.2033898305084746,-0.5677966101694916,0.0,0.0,-0.3458646616541353,-0.12781954887218044,-0.6015037593984962,-0.42105263157894735,-0.48872180451127817,-0.6842105263157895,-0.23308270676691728,-0.7218045112781954,-0.42857142857142855,-0.7669172932330827,-0.5338345864661654,-1.0,-0.48120300751879697,-0.7142857142857143,-0.41353383458646614,-0.5939849624060151,-0.20300751879699247,-0.7969924812030075,-0.3082706766917293,-0.9849624060150376,-0.2706766917293233,-0.6616541353383458,-0.20300751879699247,-0.5789473684210527,0.015037593984962405,-0.7819548872180451,-0.08270676691729323,-0.9473684210526315,-0.06766917293233082,-0.6240601503759399,-0.007518796992481203,-0.5338345864661654,0.2631578947368421,-0.7293233082706767,0.13533834586466165,-0.8721804511278195,0.09774436090225563,-0.631578947368421,0.12030075187969924,-0.5338345864661654
3,0.0,0.0,0.25210084033613445,-0.08403361344537816,0.5546218487394958,-0.3949579831932773,0.48739495798319327,-0.7226890756302521,0.23529411764705882,-0.865546218487395,0.4789915966386555,-0.8487394957983193,0.48739495798319327,-0.9411764705882353,0.4117647058823529,-0.6722689075630253,0.36134453781512604,-0.5966386554621849,0.21008403361344538,-0.9243697478991597,0.21008403361344538,-1.0,0.20168067226890757,-0.6218487394957983,0.19327731092436976,-0.5966386554621849,-0.05042016806722689,-0.907563025210084,-0.07563025210084033,-0.9159663865546218,-0.025210084033613446,-0.5546218487394958,-0.01680672268907563,-0.5294117647058824,-0.3277310924369748,-0.8403361344537815,-0.31932773109243695,-0.8067226890756303,-0.24369747899159663,-0.5630252100840336,-0.20168067226890757,-0.5546218487394958,0.0,0.0,-0.3560606060606061,-0.12878787878787878,-0.6136363636363636,-0.4166666666666667,-0.5075757575757576,-0.6742424242424242,-0.25757575757575757,-0.7272727272727273,-0.4318181818181818,-0.7727272727272727,-0.5303030303030303,-1.0,-0.48484848484848486,-0.7121212121212122,-0.4166666666666667,-0.5909090909090909,-0.20454545454545456,-0.803030303030303,-0.3106060606060606,-0.9848484848484849,-0.2727272727272727,-0.6590909090909091,-0.20454545454545456,-0.5757575757575758,0.015151515151515152,-0.7878787878787878,-0.07575757575757576,-0.9393939393939394,-0.06818181818181818,-0.6136363636363636,-0.015151515151515152,-0.5227272727272727,0.25757575757575757,-0.7348484848484849,0.14393939393939395,-0.8712121212121212,0.09848484848484848,-0.6287878787878788,0.11363636363636363,-0.5303030303030303
3,0.0,0.0,0.25210084033613445,-0.08403361344537816,0.5630252100840336,-0.3949579831932773,0.5042016806722689,-0.7310924369747899,0.2605042016806723,-0.865546218487395,0.4789915966386555,-0.8319327731092437,0.5042016806722689,-0.9411764705882353,0.42857142857142855,-0.6722689075630253,0.3697478991596639,-0.5966386554621849,0.2184873949579832,-0.907563025210084,0.2184873949579832,-1.0,0.21008403361344538,-0.6218487394957983,0.19327731092436976,-0.5966386554621849,-0.04201680672268908,-0.8907563025210085,-0.06722689075630252,-0.9243697478991597,-0.025210084033613446,-0.5630252100840336,-0.01680672268907563,-0.5294117647058824,-0.31932773109243695,-0.8319327731092437,-0.31092436974789917,-0.8235294117647058,-0.23529411764705882,-0.5798319327731093,-0.21008403361344538,-0.5630252100840336,0.0,0.0,-0.3484848484848485,-0.12121212121212122,-0.6136363636363636,-0.4090909090909091,-0.5151515151515151,-0.6818181818181818,-0.2727272727272727,-0.7424242424242424,-0.42424242424242425,-0.7803030303030303,-0.5303030303030303,-1.0,-0.48484848484848486,-0.7121212121212122,-0.4090909090909091,-0.5909090909090909,-0.19696969696969696,-0.803030303030303,-0.3106060606060606,-0.9848484848484849,-0.2727272727272727,-0.6515151515151515,-0.19696969696969696,-0.5833333333333334,0.022727272727272728,-0.7954545454545454,-0.07575757575757576,-0.9393939393939394,-0.06818181818181818,-0.6060606060606061,-0.007575757575757576,-0.5227272727272727,0.26515151515151514,-0.7424242424242424,0.14393939393939395,-0.8712121212121212,0.10606060606060606,-0.6287878787878788,0.12878787878787878,-0.5378787878787878
3,0.0,0.0,0.24369747899159663,-0.07563025210084033,0.5546218487394958,-0.37815126050420167,0.48739495798319327,-0.7142857142857143,0.23529411764705882,-0.8739495798319328,0.48739495798319327,-0.8403361344537815,0.5294117647058824,-0.9495798319327731,0.453781512605042,-0.6638655462184874,0.40336134453781514,-0.6134453781512605,0.226890756302521,-0.9159663865546218,0.25210084033613445,-1.0,0.23529411764705882,-0.6302521008403361,0.226890756302521,-0.6302521008403361,-0.03361344537815126,-0.907563025210084,-0.04201680672268908,-0.9327731092436975,0.0,-0.5630252100840336,-0.008403361344537815,-0.5462184873949579,-0.31932773109243695,-0.8571428571428571,-0.29411764705882354,-0.8235294117647058,-0.2184873949579832,-0.5798319327731093,-0.19327731092436976,-0.5714285714285714,0.0,0.0,-0.3458646616541353,-0.12030075187969924,-0.6090225563909775,-0.42105263157894735,-0.5263157894736842,-0.6842105263157895,-0.2631578947368421,-0.7218045112781954,-0.41353383458646614,-0.7593984962406015,-0.5263157894736842,-1.0,-0.48120300751879697,-0.7218045112781954,-0.40601503759398494,-0.5939849624060151,-0.19548872180451127,-0.7969924812030075,-0.3007518796992481,-0.9774436090225563,-0.2631578947368421,-0.6541353383458647,-0.18796992481203006,-0.5639097744360902,0.022556390977443608,-0.7819548872180451,-0.08270676691729323,-0.9323308270676691,-0.06015037593984962,-0.6090225563909775,0.0,-0.518796992481203,0.2631578947368421,-0.7368421052631579,0.13533834586466165,-0.8646616541353384,0.09022556390977443,-0.6240601503759399,0.12030075187969924,-0.518796992481203
3,0.0,0.0,0.26666666666666666,-0.08333333333333333,0.575,-0.375,0.5,-0.7083333333333334,0.24166666666666667,-0.85,0.5083333333333333,-0.8166666666666667,0.525,-0.9416666666666667,0.45,-0.6666666666666666,0.4083333333333333,-0.5833333333333334,0.24166666666666667,-0.9,0.25,-1.0,0.23333333333333334,-0.6333333333333333,0.225,-0.6,-0.016666666666666666,-0.9,-0.041666666666666664,-0.9166666666666666,0.0,-0.5583333333333333,0.016666666666666666,-0.5083333333333333,-0.3,-0.85,-0.275,-0.8083333333333333,-0.20833333333333334,-0.5666666666666667,-0.175,-0.55,0.0,0.0,-0.3560606060606061,-0.11363636363636363,-0.6363636363636364,-0.42424242424242425,-0.5303030303030303,-0.6818181818181818,-0.26515151515151514,-0.7196969696969697,-0.4318181818181818,-0.7954545454545454,-0.553030303030303,-1.0,-0.49242424242424243,-0.7045454545454546,-0.4166666666666667,-0.5984848484848485,-0.20454545454545456,-0.8333333333333334,-0.32575757575757575,-0.9848484848484849,-0.2803030303030303,-0.6515151515151515,-0.20454545454545456,-0.5833333333333334,0.022727272727272728,-0.8181818181818182,-0.09848484848484848,-0.9318181818181818,-0.07575757575757576,-0.5984848484848485,-0.007575757575757576,-0.5303030303030303,0.26515151515151514,-0.7651515151515151,0.12121212121212122,-0.8560606060606061,0.08333333333333333,-0.6136363636363636,0.11363636363636363,-0.5303030303030303
3,0.0,0.0,0.2540983606557377,-0.09836065573770492,0.5573770491803278,-0.38524590163934425,0.4918032786885246,-0.7049180327868853,0.2540983606557377,-0.8278688524590164,0.48360655737704916,-0.8032786885245902,0.5245901639344263,-0.9262295081967213,0.45081967213114754,-0.6967213114754098,0.38524590163934425,-0.5983606557377049,0.22131147540983606,-0.8770491803278688,0.23770491803278687,-1.0,0.22950819672131148,-0.6475409836065574,0.21311475409836064,-0.5901639344262295,-0.03278688524590164,-0.8770491803278688,-0.04918032786885246,-0.9180327868852459,-0.00819672131147541,-0.5737704918032787,-0.00819672131147541,-0.5163934426229508,-0.30327868852459017,-0.8360655737704918,-0.28688524590163933,-0.8278688524590164,-0.21311475409836064,-0.5901639344262295,-0.1885245901639344,-0.5655737704918032,0.0,0.0,-0.3560606060606061,-0.11363636363636363,-0.6287878787878788,-0.4166666666666667,-0.5303030303030303,-0.6742424242424242,-0.25757575757575757,-0.7196969696969697,-0.42424242424242425,-0.7954545454545454,-0.5454545454545454,-1.0,-0.49242424242424243,-0.696969696969697,-0.4166666666666667,-0.5984848484848485,-0.1893939393939394,-0.8257575757575758,-0.32575757575757575,-0.9848484848484849,-0.2878787878787879,-0.6439393939393939,-0.20454545454545456,-0.5833333333333334,0.030303030303030304,-0.8106060606060606,-0.09090909090909091,-0.9242424242424242,-0.07575757575757576,-0.5909090909090909,0.0,-0.5303030303030303,0.2803030303030303,-0.7575757575757576,0.12121212121212122,-0.8484848484848485,0.08333333333333333,-0.6060606060606061,0.12121212121212122,-0.5227272727272727
3,0.0,0.0,0.0,0.0,0.0,0.0,0.0,0.0,0.0,0.0,0.0,0.0,0.0,0.0,0.0,0.0,0.0,0.0,0.0,0.0,0.0,0.0,0.0,0.0,0.0,0.0,0.0,0.0,0.0,0.0,0.0,0.0,0.0,0.0,0.0,0.0,0.0,0.0,0.0,0.0,0.0,0.0,0.0,0.0,0.3793103448275862,-0.2672413793103448,0.46551724137931033,-0.5344827586206896,0.3706896551724138,-0.7068965517241379,0.16379310344827586,-0.7586206896551724,0.3448275862068966,-0.9741379310344828,0.3275862068965517,-0.8793103448275862,0.29310344827586204,-0.6810344827586207,0.2672413793103448,-0.5517241379310345,0.05172413793103448,-1.0,0.05172413793103448,-0.853448275862069,0.034482758620689655,-0.6637931034482759,0.04310344827586207,-0.5344827586206896,-0.22413793103448276,-0.9051724137931034,-0.21551724137931033,-0.7672413793103449,-0.1810344827586207,-0.6120689655172413,-0.15517241379310345,-0.4827586206896552,-0.47413793103448276,-0.7672413793103449,-0.46551724137931033,-0.6551724137931034,-0.4051724137931034,-0.5172413793103449,-0.3706896551724138,-0.41379310344827586
3,0.0,0.0,-0.1595744680851064,-0.22872340425531915,-0.17553191489361702,-0.4734042553191489,-0.0851063829787234,-0.6223404255319149,0.02127659574468085,-0.6968085106382979,-0.16489361702127658,-0.601063829787234,-0.07446808510638298,-0.7819148936170213,-0.015957446808510637,-0.9148936170212766,0.026595744680851064,-1.0,0.005319148936170213,-0.5797872340425532,0.07446808510638298,-0.7606382978723404,0.12234042553191489,-0.8776595744680851,0.15425531914893617,-0.973404255319149,0.1702127659574468,-0.5319148936170213,0.22872340425531915,-0.6861702127659575,0.26595744680851063,-0.8031914893617021,0.2978723404255319,-0.898936170212766,0.324468085106383,-0.4574468085106383,0.3670212765957447,-0.5531914893617021,0.39361702127659576,-0.6223404255319149,0.4095744680851064,-0.6861702127659575,0.0,0.0,0.4051724137931034,-0.16379310344827586,0.5431034482758621,-0.41379310344827586,0.4396551724137931,-0.6206896551724138,0.2672413793103448,-0.6982758620689655,0.4051724137931034,-0.9310344827586207,0.3793103448275862,-0.8620689655172413,0.33620689655172414,-0.7155172413793104,0.3103448275862069,-0.603448275862069,0.11206896551724138,-1.0,0.10344827586206896,-0.853448275862069,0.08620689655172414,-0.6810344827586207,0.07758620689655173,-0.5431034482758621,-0.15517241379310345,-0.9396551724137931,-0.14655172413793102,-0.7844827586206896,-0.12931034482758622,-0.6293103448275862,-0.1206896551724138,-0.5,-0.4051724137931034,-0.8103448275862069,-0.39655172413793105,-0.6810344827586207,-0.35344827586206895,-0.5344827586206896,-0.3448275862068966,-0.43103448275862066
3,0.0,0.0,-0.36885245901639346,-0.26229508196721313,-0.4672131147540984,-0.5491803278688525,-0.3360655737704918,-0.7622950819672131,-0.1557377049180328,-0.8278688524590164,-0.4180327868852459,-0.9672131147540983,-0.36885245901639346,-0.9836065573770492,-0.30327868852459017,-0.819672131147541,-0.28688524590163933,-0.6967213114754098,-0.12295081967213115,-1.0,-0.07377049180327869,-0.9508196721311475,-0.07377049180327869,-0.7950819672131147,-0.07377049180327869,-0.6639344262295082,0.16393442622950818,-0.9344262295081968,0.1721311475409836,-0.8360655737704918,0.1557377049180328,-0.6967213114754098,0.13934426229508196,-0.5655737704918032,0.4016393442622951,-0.8114754098360656,0.4098360655737705,-0.7049180327868853,0.3770491803278688,-0.5901639344262295,0.3442622950819672,-0.4918032786885246,0.0,0.0,0.47706422018348627,-0.10091743119266056,0.6422018348623854,-0.30275229357798167,0.5412844036697247,-0.48623853211009177,0.3577981651376147,-0.5596330275229358,0.44954128440366975,-0.9357798165137615,0.48623853211009177,-0.8623853211009175,0.45871559633027525,-0.7064220183486238,0.41284403669724773,-0.6055045871559633,0.14678899082568808,-1.0,0.21100917431192662,-0.8807339449541285,0.2018348623853211,-0.7064220183486238,0.1651376146788991,-0.5779816513761468,-0.11009174311926606,-0.926605504587156,-0.03669724770642202,-0.8256880733944955,-0.009174311926605505,-0.6788990825688074,-0.027522935779816515,-0.5412844036697247,-0.3486238532110092,-0.7981651376146789,-0.27522935779816515,-0.7339449541284404,-0.22935779816513763,-0.6055045871559633,-0.22935779816513763,-0.4954128440366973
3,0.0,0.0,-0.3416666666666667,-0.23333333333333334,-0.4583333333333333,-0.525,-0.30833333333333335,-0.7166666666666667,-0.10833333333333334,-0.775,-0.38333333333333336,-0.975,-0.3416666666666667,-0.8583333333333333,-0.3,-0.6916666666666667,-0.2916666666666667,-0.5916666666666667,-0.09166666666666666,-1.0,-0.058333333333333334,-0.8583333333333333,-0.058333333333333334,-0.7166666666666667,-0.05,-0.6083333333333333,0.18333333333333332,-0.9166666666666666,0.19166666666666668,-0.7833333333333333,0.15833333333333333,-0.65,0.14166666666666666,-0.5416666666666666,0.425,-0.7833333333333333,0.4166666666666667,-0.6666666666666666,0.375,-0.5583333333333333,0.3416666666666667,-0.48333333333333334,0.0,0.0,0.48148148148148145,-0.09259259259259259,0.6388888888888888,-0.2962962962962963,0.5370370370370371,-0.48148148148148145,0.3425925925925926,-0.5370370370370371,0.4444444444444444,-0.9351851851851852,0.49074074074074076,-0.8333333333333334,0.46296296296296297,-0.6574074074074074,0.4166666666666667,-0.5648148148148148,0.12962962962962962,-1.0,0.21296296296296297,-0.8518518518518519,0.2037037037037037,-0.6759259259259259,0.16666666666666666,-0.5648148148148148,-0.12962962962962962,-0.9259259259259259,-0.05555555555555555,-0.8055555555555556,-0.018518518518518517,-0.6481481481481481,-0.027777777777777776,-0.5185185185185185,-0.3611111111111111,-0.7962962962962963,-0.2962962962962963,-0.7129629629629629,-0.25,-0.5833333333333334,-0.25,-0.48148148148148145
3,0.0,0.0,-0.35294117647058826,-0.2184873949579832,-0.48739495798319327,-0.5042016806722689,-0.3277310924369748,-0.7058823529411765,-0.11764705882352941,-0.773109243697479,-0.3949579831932773,-0.9747899159663865,-0.35294117647058826,-0.8823529411764706,-0.3025210084033613,-0.7226890756302521,-0.29411764705882354,-0.6134453781512605,-0.1092436974789916,-1.0,-0.06722689075630252,-0.8823529411764706,-0.058823529411764705,-0.7394957983193278,-0.05042016806722689,-0.6218487394957983,0.16806722689075632,-0.9243697478991597,0.19327731092436976,-0.8067226890756303,0.16806722689075632,-0.6722689075630253,0.15966386554621848,-0.5630252100840336,0.4117647058823529,-0.7899159663865546,0.4117647058823529,-0.6974789915966386,0.37815126050420167,-0.5798319327731093,0.36134453781512604,-0.4957983193277311,0.0,0.0,0.48148148148148145,-0.10185185185185185,0.6481481481481481,-0.3055555555555556,0.5462962962962963,-0.49074074074074076,0.3611111111111111,-0.5462962962962963,0.4537037037037037,-0.9444444444444444,0.49074074074074076,-0.8611111111111112,0.46296296296296297,-0.6851851851851852,0.4166666666666667,-0.5925925925925926,0.1388888888888889,-1.0,0.21296296296296297,-0.8703703703703703,0.2037037037037037,-0.7037037037037037,0.16666666666666666,-0.5833333333333334,-0.12037037037037036,-0.9259259259259259,-0.046296296296296294,-0.8240740740740741,-0.018518518518518517,-0.6666666666666666,-0.037037037037037035,-0.5370370370370371,-0.3611111111111111,-0.7962962962962963,-0.28703703703703703,-0.7222222222222222,-0.24074074074074073,-0.5925925925925926,-0.24074074074074073,-0.48148148148148145
3,0.0,0.0,-0.35537190082644626,-0.21487603305785125,-0.4793388429752066,-0.49586776859504134,-0.32231404958677684,-0.7024793388429752,-0.11570247933884298,-0.7768595041322314,-0.4132231404958678,-0.9752066115702479,-0.34710743801652894,-0.7933884297520661,-0.30578512396694213,-0.6198347107438017,-0.30578512396694213,-0.5206611570247934,-0.11570247933884298,-1.0,-0.06611570247933884,-0.8181818181818182,-0.05785123966942149,-0.6694214876033058,-0.05785123966942149,-0.5619834710743802,0.1652892561983471,-0.9256198347107438,0.19008264462809918,-0.7520661157024794,0.15702479338842976,-0.6115702479338843,0.14049586776859505,-0.5041322314049587,0.4049586776859504,-0.7851239669421488,0.4049586776859504,-0.628099173553719,0.35537190082644626,-0.5041322314049587,0.32231404958677684,-0.4380165289256198,0.0,0.0,0.46296296296296297,-0.09259259259259259,0.6296296296296297,-0.28703703703703703,0.5370370370370371,-0.4722222222222222,0.3611111111111111,-0.5370370370370371,0.4351851851851852,-0.9537037037037037,0.4537037037037037,-0.8518518518518519,0.42592592592592593,-0.6759259259259259,0.39814814814814814,-0.5740740740740741,0.1111111111111111,-1.0,0.17592592592592593,-0.8703703703703703,0.17592592592592593,-0.7037037037037037,0.14814814814814814,-0.5740740740740741,-0.1574074074074074,-0.9166666666666666,-0.08333333333333333,-0.8240740740740741,-0.05555555555555555,-0.6759259259259259,-0.06481481481481481,-0.5370370370370371,-0.39814814814814814,-0.7777777777777778,-0.32407407407407407,-0.7129629629629629,-0.2777777777777778,-0.5833333333333334,-0.26851851851851855,-0.48148148148148145
3,0.0,0.0,-0.3524590163934426,-0.22131147540983606,-0.4672131147540984,-0.5081967213114754,-0.3114754098360656,-0.7049180327868853,-0.09016393442622951,-0.7622950819672131,-0.4098360655737705,-0.9754098360655737,-0.3360655737704918,-0.8524590163934426,-0.28688524590163933,-0.6721311475409836,-0.29508196721311475,-0.5655737704918032,-0.11475409836065574,-1.0,-0.04918032786885246,-0.8524590163934426,-0.040983606557377046,-0.7049180327868853,-0.04918032786885246,-0.5901639344262295,0.16393442622950818,-0.9344262295081968,0.20491803278688525,-0.7950819672131147,0.18032786885245902,-0.6557377049180327,0.1557377049180328,-0.5327868852459017,0.4098360655737705,-0.8114754098360656,0.4262295081967213,-0.7049180327868853,0.39344262295081966,-0.5819672131147541,0.36065573770491804,-0.5,0.0,0.0,0.45871559633027525,-0.10091743119266056,0.6513761467889908,-0.29357798165137616,0.5504587155963303,-0.46788990825688076,0.3577981651376147,-0.5321100917431193,0.43119266055045874,-0.9357798165137615,0.46788990825688076,-0.8440366972477065,0.44036697247706424,-0.6697247706422018,0.4036697247706422,-0.5688073394495413,0.12844036697247707,-1.0,0.1926605504587156,-0.8532110091743119,0.1834862385321101,-0.6788990825688074,0.14678899082568808,-0.5596330275229358,-0.13761467889908258,-0.9174311926605505,-0.07339449541284404,-0.7981651376146789,-0.045871559633027525,-0.6513761467889908,-0.05504587155963303,-0.5321100917431193,-0.3761467889908257,-0.7798165137614679,-0.3119266055045872,-0.6972477064220184,-0.26605504587155965,-0.5779816513761468,-0.25688073394495414,-0.46788990825688076
3,0.0,0.0,-0.36666666666666664,-0.19166666666666668,-0.5166666666666667,-0.4583333333333333,-0.375,-0.6666666666666666,-0.15833333333333333,-0.75,-0.425,-0.9666666666666667,-0.39166666666666666,-0.85,-0.3416666666666667,-0.6833333333333333,-0.325,-0.575,-0.13333333333333333,-1.0,-0.10833333333333334,-0.8666666666666667,-0.09166666666666666,-0.725,-0.075,-0.6,0.15,-0.9333333333333333,0.15833333333333333,-0.8083333333333333,0.13333333333333333,-0.675,0.13333333333333333,-0.55,0.39166666666666666,-0.8083333333333333,0.39166666666666666,-0.725,0.35833333333333334,-0.6,0.3416666666666667,-0.5,0.0,0.0,0.4636363636363636,-0.10909090909090909,0.6363636363636364,-0.3090909090909091,0.5181818181818182,-0.4909090909090909,0.33636363636363636,-0.5454545454545454,0.43636363636363634,-0.9454545454545454,0.44545454545454544,-0.8181818181818182,0.41818181818181815,-0.6454545454545455,0.4,-0.5454545454545454,0.11818181818181818,-1.0,0.16363636363636364,-0.8363636363636363,0.16363636363636364,-0.6727272727272727,0.14545454545454545,-0.5545454545454546,-0.14545454545454545,-0.9181818181818182,-0.09090909090909091,-0.7909090909090909,-0.06363636363636363,-0.6454545454545455,-0.06363636363636363,-0.5272727272727272,-0.39090909090909093,-0.7909090909090909,-0.32727272727272727,-0.6909090909090909,-0.2727272727272727,-0.5636363636363636,-0.2636363636363636,-0.4636363636363636
3,0.0,0.0,-0.4235294117647059,-0.15294117647058825,-0.5882352941176471,-0.4470588235294118,-0.43529411764705883,-0.6588235294117647,-0.16470588235294117,-0.7294117647058823,-0.4823529411764706,-0.9764705882352941,-0.4,-0.8470588235294118,-0.36470588235294116,-0.5764705882352941,-0.35294117647058826,-0.4117647058823529,-0.09411764705882353,-1.0,-0.07058823529411765,-0.8705882352941177,-0.09411764705882353,-0.6235294117647059,-0.09411764705882353,-0.4235294117647059,0.27058823529411763,-0.9176470588235294,0.23529411764705882,-0.8,0.2,-0.5764705882352941,0.2,-0.38823529411764707,0.5647058823529412,-0.788235294117647,0.5294117647058824,-0.6588235294117647,0.4823529411764706,-0.47058823529411764,0.47058823529411764,-0.3411764705882353,0.0,0.0,0.0,0.0,0.0,0.0,0.0,0.0,0.0,0.0,0.0,0.0,0.0,0.0,0.0,0.0,0.0,0.0,0.0,0.0,0.0,0.0,0.0,0.0,0.0,0.0,0.0,0.0,0.0,0.0,0.0,0.0,0.0,0.0,0.0,0.0,0.0,0.0,0.0,0.0,0.0,0.0
3,0.0,0.0,-0.36036036036036034,-0.1981981981981982,-0.44144144144144143,-0.4954954954954955,-0.26126126126126126,-0.6936936936936937,-0.04504504504504504,-0.7477477477477478,-0.38738738738738737,-0.963963963963964,-0.2972972972972973,-0.7567567567567568,-0.26126126126126126,-0.5585585585585585,-0.2882882882882883,-0.44144144144144143,-0.07207207207207207,-1.0,-0.02702702702702703,-0.7837837837837838,-0.02702702702702703,-0.6036036036036037,-0.02702702702702703,-0.4864864864864865,0.22522522522522523,-0.918918918918919,0.25225225225225223,-0.7117117117117117,0.2072072072072072,-0.5405405405405406,0.18018018018018017,-0.42342342342342343,0.4864864864864865,-0.7747747747747747,0.5045045045045045,-0.5675675675675675,0.45045045045045046,-0.42342342342342343,0.4144144144144144,-0.34234234234234234,0.0,0.0,0.2682926829268293,-0.34146341463414637,0.2601626016260163,-0.6504065040650406,0.10569105691056911,-0.8048780487804879,-0.08943089430894309,-0.8211382113821138,0.3252032520325203,-0.9349593495934959,0.04065040650406504,-1.0,0.0,-0.8211382113821138,0.056910569105691054,-0.6666666666666666,0.056910569105691054,-0.959349593495935,-0.17073170731707318,-0.926829268292683,-0.1951219512195122,-0.7479674796747967,-0.13821138211382114,-0.6097560975609756,-0.21951219512195122,-0.8780487804878049,-0.3983739837398374,-0.8048780487804879,-0.3902439024390244,-0.6341463414634146,-0.3008130081300813,-0.5121951219512195,-0.4796747967479675,-0.7560975609756098,-0.6016260162601627,-0.6504065040650406,-0.5691056910569106,-0.4878048780487805,-0.4878048780487805,-0.3902439024390244
3,0.0,0.0,-0.3305785123966942,-0.18181818181818182,-0.4462809917355372,-0.4628099173553719,-0.30578512396694213,-0.6694214876033058,-0.11570247933884298,-0.743801652892562,-0.38016528925619836,-0.9504132231404959,-0.32231404958677684,-0.768595041322314,-0.2809917355371901,-0.5867768595041323,-0.2727272727272727,-0.48760330578512395,-0.09917355371900827,-1.0,-0.04132231404958678,-0.7768595041322314,-0.049586776859504134,-0.6198347107438017,-0.04132231404958678,-0.5041322314049587,0.18181818181818182,-0.9256198347107438,0.2231404958677686,-0.7024793388429752,0.17355371900826447,-0.5454545454545454,0.14049586776859505,-0.4380165289256198,0.4297520661157025,-0.7851239669421488,0.4628099173553719,-0.5702479338842975,0.4049586776859504,-0.4380165289256198,0.371900826446281,-0.34710743801652894,0.0,0.0,0.2857142857142857,-0.36134453781512604,0.3025210084033613,-0.6554621848739496,0.17647058823529413,-0.8067226890756303,-0.008403361344537815,-0.8403361344537815,0.35294117647058826,-0.9663865546218487,0.08403361344537816,-1.0,0.04201680672268908,-0.8235294117647058,0.09243697478991597,-0.6722689075630253,0.07563025210084033,-1.0,-0.11764705882352941,-0.9495798319327731,-0.15966386554621848,-0.7815126050420168,-0.10084033613445378,-0.6302521008403361,-0.20168067226890757,-0.9243697478991597,-0.36134453781512604,-0.8403361344537815,-0.36134453781512604,-0.6722689075630253,-0.2857142857142857,-0.5462184873949579,-0.47058823529411764,-0.7983193277310925,-0.5966386554621849,-0.6974789915966386,-0.5714285714285714,-0.5294117647058824,-0.48739495798319327,-0.42016806722689076
3,0.0,0.0,-0.288,-0.24,-0.368,-0.52,-0.24,-0.72,-0.056,-0.784,-0.384,-0.952,-0.248,-0.8,-0.216,-0.624,-0.256,-0.528,-0.112,-1.0,0.0,-0.816,0.0,-0.672,-0.024,-0.56,0.168,-0.952,0.248,-0.752,0.208,-0.6,0.16,-0.496,0.424,-0.832,0.488,-0.632,0.448,-0.496,0.4,-0.416,0.0,0.0,0.3050847457627119,-0.3474576271186441,0.3220338983050847,-0.652542372881356,0.19491525423728814,-0.788135593220339,0.0,-0.8050847457627118,0.3389830508474576,-0.9576271186440678,0.13559322033898305,-0.9322033898305084,0.1016949152542373,-0.7711864406779662,0.13559322033898305,-0.6271186440677966,0.059322033898305086,-1.0,-0.1016949152542373,-0.8983050847457628,-0.1271186440677966,-0.7372881355932204,-0.0847457627118644,-0.5932203389830508,-0.22033898305084745,-0.923728813559322,-0.3389830508474576,-0.8135593220338984,-0.3389830508474576,-0.6610169491525424,-0.2711864406779661,-0.5338983050847458,-0.4830508474576271,-0.7966101694915254,-0.576271186440678,-0.6779661016949152,-0.5423728813559322,-0.5254237288135594,-0.4745762711864407,-0.4152542372881356
3,0.0,0.0,-0.288,-0.232,-0.376,-0.512,-0.248,-0.704,-0.056,-0.776,-0.376,-0.96,-0.272,-0.816,-0.24,-0.648,-0.256,-0.552,-0.096,-1.0,-0.008,-0.824,-0.008,-0.688,-0.024,-0.576,0.184,-0.936,0.24,-0.76,0.208,-0.616,0.168,-0.512,0.432,-0.808,0.48,-0.624,0.44,-0.496,0.408,-0.424,0.0,0.0,0.3162393162393162,-0.3247863247863248,0.3333333333333333,-0.6239316239316239,0.21367521367521367,-0.7863247863247863,0.017094017094017096,-0.811965811965812,0.358974358974359,-0.9487179487179487,0.17094017094017094,-0.9230769230769231,0.1452991452991453,-0.7606837606837606,0.17094017094017094,-0.6153846153846154,0.07692307692307693,-1.0,-0.08547008547008547,-0.8888888888888888,-0.10256410256410256,-0.7264957264957265,-0.06837606837606838,-0.5897435897435898,-0.21367521367521367,-0.9316239316239316,-0.3333333333333333,-0.8034188034188035,-0.3247863247863248,-0.6495726495726496,-0.2564102564102564,-0.5213675213675214,-0.47863247863247865,-0.8034188034188035,-0.5811965811965812,-0.6752136752136753,-0.5470085470085471,-0.5213675213675214,-0.47863247863247865,-0.41025641025641024
3,0.0,0.0,-0.2903225806451613,-0.23387096774193547,-0.3870967741935484,-0.5241935483870968,-0.25806451612903225,-0.7258064516129032,-0.07258064516129033,-0.7983870967741935,-0.3790322580645161,-0.967741935483871,-0.28225806451612906,-0.8145161290322581,-0.25,-0.6532258064516129,-0.27419354838709675,-0.5645161290322581,-0.0967741935483871,-1.0,-0.024193548387096774,-0.8306451612903226,-0.024193548387096774,-0.6854838709677419,-0.04032258064516129,-0.5725806451612904,0.1774193548387097,-0.9354838709677419,0.23387096774193547,-0.7580645161290323,0.1935483870967742,-0.6129032258064516,0.16129032258064516,-0.5080645161290323,0.4274193548387097,-0.8145161290322581,0.46774193548387094,-0.6370967741935484,0.43548387096774194,-0.5080645161290323,0.4032258064516129,-0.43548387096774194,0.0,0.0,0.3162393162393162,-0.3418803418803419,0.3333333333333333,-0.6324786324786325,0.21367521367521367,-0.7863247863247863,0.017094017094017096,-0.811965811965812,0.3418803418803419,-0.9487179487179487,0.17094017094017094,-0.9230769230769231,0.1282051282051282,-0.7606837606837606,0.1623931623931624,-0.6153846153846154,0.05982905982905983,-1.0,-0.08547008547008547,-0.8974358974358975,-0.1111111111111111,-0.7350427350427351,-0.07692307692307693,-0.5897435897435898,-0.23076923076923078,-0.9230769230769231,-0.3418803418803419,-0.8034188034188035,-0.3333333333333333,-0.6495726495726496,-0.26495726495726496,-0.5213675213675214,-0.48717948717948717,-0.7948717948717948,-0.5897435897435898,-0.6581196581196581,-0.5555555555555556,-0.5128205128205128,-0.48717948717948717,-0.4017094017094017
3,0.0,0.0,-0.29838709677419356,-0.22580645161290322,-0.4112903225806452,-0.49193548387096775,-0.28225806451612906,-0.6854838709677419,-0.08064516129032258,-0.7661290322580645,-0.3709677419354839,-0.967741935483871,-0.2661290322580645,-0.8145161290322581,-0.23387096774193547,-0.6532258064516129,-0.27419354838709675,-0.5645161290322581,-0.08870967741935484,-1.0,-0.008064516129032258,-0.8225806451612904,-0.008064516129032258,-0.6854838709677419,-0.03225806451612903,-0.5725806451612904,0.1935483870967742,-0.9354838709677419,0.25,-0.7580645161290323,0.20967741935483872,-0.6129032258064516,0.1693548387096774,-0.5,0.4435483870967742,-0.8064516129032258,0.49193548387096775,-0.6370967741935484,0.4596774193548387,-0.5080645161290323,0.41935483870967744,-0.4274193548387097,0.0,0.0,0.3391304347826087,-0.3391304347826087,0.3652173913043478,-0.6260869565217392,0.22608695652173913,-0.782608695652174,0.02608695652173913,-0.8,0.3652173913043478,-0.9565217391304348,0.20869565217391303,-0.9130434782608695,0.1826086956521739,-0.7391304347826086,0.2,-0.6,0.06956521739130435,-1.0,-0.043478260869565216,-0.8782608695652174,-0.06956521739130435,-0.7130434782608696,-0.034782608695652174,-0.5739130434782609,-0.22608695652173913,-0.9217391304347826,-0.2956521739130435,-0.782608695652174,-0.28695652173913044,-0.6347826086956522,-0.22608695652173913,-0.5043478260869565,-0.48695652173913045,-0.7739130434782608,-0.5478260869565217,-0.6347826086956522,-0.5130434782608696,-0.48695652173913045,-0.45217391304347826,-0.3826086956521739
3,0.0,0.0,-0.296,-0.216,-0.408,-0.48,-0.304,-0.688,-0.128,-0.768,-0.384,-0.96,-0.32,-0.848,-0.28,-0.68,-0.272,-0.568,-0.112,-1.0,-0.048,-0.848,-0.048,-0.696,-0.048,-0.576,0.168,-0.936,0.216,-0.76,0.176,-0.616,0.136,-0.504,0.416,-0.816,0.464,-0.64,0.432,-0.512,0.392,-0.424,0.0,0.0,0.3157894736842105,-0.3508771929824561,0.3333333333333333,-0.6403508771929824,0.19298245614035087,-0.7894736842105263,-0.008771929824561403,-0.8070175438596491,0.3508771929824561,-0.9473684210526315,0.19298245614035087,-0.9298245614035088,0.15789473684210525,-0.7719298245614035,0.16666666666666666,-0.6228070175438597,0.05263157894736842,-1.0,-0.05263157894736842,-0.9210526315789473,-0.07894736842105263,-0.7543859649122807,-0.05263157894736842,-0.6140350877192983,-0.23684210526315788,-0.9298245614035088,-0.30701754385964913,-0.8245614035087719,-0.2982456140350877,-0.6666666666666666,-0.2543859649122807,-0.5350877192982456,-0.5,-0.7894736842105263,-0.5526315789473685,-0.6842105263157895,-0.5175438596491229,-0.5350877192982456,-0.47368421052631576,-0.42105263157894735
3,0.0,0.0,-0.30327868852459017,-0.22131147540983606,-0.4180327868852459,-0.48360655737704916,-0.30327868852459017,-0.680327868852459,-0.11475409836065574,-0.7540983606557377,-0.38524590163934425,-0.9590163934426229,-0.36065573770491804,-0.8688524590163934,-0.30327868852459017,-0.6885245901639344,-0.2786885245901639,-0.5655737704918032,-0.09836065573770492,-1.0,-0.06557377049180328,-0.8688524590163934,-0.05737704918032787,-0.7131147540983607,-0.05737704918032787,-0.5737704918032787,0.18032786885245902,-0.9344262295081968,0.21311475409836064,-0.7786885245901639,0.18032786885245902,-0.6311475409836066,0.14754098360655737,-0.5081967213114754,0.4344262295081967,-0.8114754098360656,0.4672131147540984,-0.6475409836065574,0.4344262295081967,-0.5245901639344263,0.4016393442622951,-0.4344262295081967,0.0,0.0,0.3333333333333333,-0.3157894736842105,0.3508771929824561,-0.5964912280701754,0.21929824561403508,-0.7543859649122807,0.017543859649122806,-0.7807017543859649,0.35964912280701755,-0.9473684210526315,0.20175438596491227,-0.8859649122807017,0.17543859649122806,-0.7192982456140351,0.20175438596491227,-0.5789473684210527,0.06140350877192982,-1.0,-0.06140350877192982,-0.8596491228070176,-0.07894736842105263,-0.6929824561403509,-0.043859649122807015,-0.5526315789473685,-0.22807017543859648,-0.9210526315789473,-0.3157894736842105,-0.7719298245614035,-0.2982456140350877,-0.6140350877192983,-0.24561403508771928,-0.49122807017543857,-0.49122807017543857,-0.7807017543859649,-0.5701754385964912,-0.6403508771929824,-0.5263157894736842,-0.49122807017543857,-0.47368421052631576,-0.37719298245614036
3,0.0,0.0,-0.28225806451612906,-0.22580645161290322,-0.3870967741935484,-0.4838709677419355,-0.27419354838709675,-0.6774193548387096,-0.08870967741935484,-0.75,-0.3709677419354839,-0.9596774193548387,-0.2903225806451613,-0.8629032258064516,-0.24193548387096775,-0.6854838709677419,-0.25,-0.5725806451612904,-0.0967741935483871,-1.0,-0.016129032258064516,-0.8629032258064516,-0.008064516129032258,-0.7096774193548387,-0.024193548387096774,-0.5806451612903226,0.18548387096774194,-0.9435483870967742,0.24193548387096775,-0.7741935483870968,0.20967741935483872,-0.6209677419354839,0.16129032258064516,-0.5080645161290323,0.4435483870967742,-0.8225806451612904,0.49193548387096775,-0.6532258064516129,0.4596774193548387,-0.5241935483870968,0.41935483870967744,-0.4435483870967742,0.0,0.0,0.34513274336283184,-0.3008849557522124,0.37168141592920356,-0.5752212389380531,0.23008849557522124,-0.7433628318584071,0.035398230088495575,-0.7699115044247787,0.36283185840707965,-0.9557522123893806,0.24778761061946902,-0.8761061946902655,0.21238938053097345,-0.7079646017699115,0.21238938053097345,-0.5663716814159292,0.07079646017699115,-1.0,-0.02654867256637168,-0.8672566371681416,-0.04424778761061947,-0.6991150442477876,-0.02654867256637168,-0.5486725663716814,-0.23008849557522124,-0.911504424778761,-0.2920353982300885,-0.7699115044247787,-0.2743362831858407,-0.6106194690265486,-0.23893805309734514,-0.4778761061946903,-0.49557522123893805,-0.7699115044247787,-0.5486725663716814,-0.6283185840707964,-0.504424778761062,-0.4778761061946903,-0.45132743362831856,-0.37168141592920356
3,0.0,0.0,-0.28,-0.232,-0.376,-0.504,-0.248,-0.704,-0.072,-0.776,-0.368,-0.968,-0.288,-0.864,-0.24,-0.688,-0.248,-0.576,-0.088,-1.0,-0.008,-0.864,-0.008,-0.712,-0.024,-0.592,0.192,-0.944,0.248,-0.776,0.216,-0.632,0.176,-0.512,0.448,-0.824,0.496,-0.648,0.464,-0.52,0.424,-0.432,0.0,0.0,0.32142857142857145,-0.3125,0.3482142857142857,-0.6071428571428571,0.20535714285714285,-0.7678571428571429,0.017857142857142856,-0.7946428571428571,0.35714285714285715,-0.9642857142857143,0.20535714285714285,-0.9107142857142857,0.17857142857142858,-0.7410714285714286,0.19642857142857142,-0.5982142857142857,0.0625,-1.0,-0.03571428571428571,-0.9017857142857143,-0.05357142857142857,-0.7321428571428571,-0.03571428571428571,-0.5892857142857143,-0.23214285714285715,-0.9196428571428571,-0.29464285714285715,-0.8035714285714286,-0.2767857142857143,-0.6517857142857143,-0.23214285714285715,-0.5178571428571429,-0.5,-0.7857142857142857,-0.5357142857142857,-0.6607142857142857,-0.49107142857142855,-0.5178571428571429,-0.4375,-0.4107142857142857
3,0.0,0.0,-0.28,-0.24,-0.376,-0.512,-0.248,-0.704,-0.056,-0.776,-0.368,-0.96,-0.272,-0.864,-0.224,-0.696,-0.24,-0.584,-0.08,-1.0,0.008,-0.864,0.008,-0.712,-0.008,-0.592,0.2,-0.944,0.264,-0.768,0.232,-0.624,0.184,-0.512,0.456,-0.824,0.512,-0.64,0.472,-0.504,0.432,-0.416,0.0,0.0,0.3333333333333333,-0.32432432432432434,0.35135135135135137,-0.6216216216216216,0.1981981981981982,-0.7837837837837838,-0.018018018018018018,-0.7927927927927928,0.32432432432432434,-0.972972972972973,0.1891891891891892,-0.8918918918918919,0.17117117117117117,-0.7207207207207207,0.1891891891891892,-0.5765765765765766,0.02702702702702703,-1.0,-0.07207207207207207,-0.8738738738738738,-0.08108108108108109,-0.7027027027027027,-0.05405405405405406,-0.5585585585585585,-0.2702702702702703,-0.9099099099099099,-0.32432432432432434,-0.7837837837837838,-0.2972972972972973,-0.6306306306306306,-0.25225225225225223,-0.5045045045045045,-0.5315315315315315,-0.7657657657657657,-0.5765765765765766,-0.6486486486486487,-0.5135135135135135,-0.5045045045045045,-0.4594594594594595,-0.38738738738738737
3,0.0,0.0,-0.12195121951219512,-0.34959349593495936,-0.0975609756097561,-0.6504065040650406,0.07317073170731707,-0.8048780487804879,0.24390243902439024,-0.8455284552845529,-0.2682926829268293,-0.943089430894309,0.14634146341463414,-1.0,0.17886178861788618,-0.8048780487804879,0.08943089430894309,-0.6747967479674797,-0.0975609756097561,-0.991869918699187,0.3089430894308943,-0.991869918699187,0.3089430894308943,-0.7886178861788617,0.2032520325203252,-0.6422764227642277,0.0975609756097561,-0.959349593495935,0.4634146341463415,-0.9105691056910569,0.43902439024390244,-0.6829268292682927,0.34146341463414637,-0.5691056910569106,0.3252032520325203,-0.8699186991869918,0.5853658536585366,-0.7073170731707317,0.5447154471544715,-0.5040650406504065,0.45528455284552843,-0.4146341463414634,0.0,0.0,-0.17796610169491525,-0.3305084745762712,-0.1271186440677966,-0.6271186440677966,-0.07627118644067797,-0.788135593220339,-0.11016949152542373,-0.8898305084745762,0.3220338983050847,-0.9491525423728814,-0.2457627118644068,-1.0,-0.3135593220338983,-0.7627118644067796,-0.2033898305084746,-0.6101694915254238,0.3220338983050847,-0.9576271186440678,-0.3305084745762712,-0.9745762711864406,-0.3644067796610169,-0.7033898305084746,-0.2457627118644068,-0.5677966101694916,0.2457627118644068,-0.9152542372881356,-0.3728813559322034,-0.9152542372881356,-0.3898305084745763,-0.6440677966101694,-0.2627118644067797,-0.5338983050847458,0.13559322033898305,-0.8305084745762712,-0.3474576271186441,-0.7796610169491526,-0.3728813559322034,-0.5508474576271186,-0.2627118644067797,-0.4576271186440678
3,0.0,0.0,0.06666666666666667,-0.2916666666666667,0.13333333333333333,-0.5833333333333334,0.275,-0.775,0.4083333333333333,-0.875,-0.13333333333333333,-0.975,0.4,-0.95,0.4666666666666667,-0.6916666666666667,0.39166666666666666,-0.5,-0.041666666666666664,-1.0,0.5,-0.95,0.5166666666666667,-0.6916666666666667,0.425,-0.5,0.1,-0.9666666666666667,0.5833333333333334,-0.8666666666666667,0.5833333333333334,-0.5916666666666667,0.49166666666666664,-0.43333333333333335,0.275,-0.8916666666666667,0.6666666666666666,-0.7833333333333333,0.6666666666666666,-0.5833333333333334,0.5833333333333334,-0.475,0.0,0.0,0.0,-0.2558139534883721,-0.007751937984496124,-0.5503875968992248,-0.10077519379844961,-0.7364341085271318,-0.24806201550387597,-0.8217054263565892,0.20155038759689922,-0.9457364341085271,-0.34108527131782945,-1.0,-0.3875968992248062,-0.7674418604651163,-0.27906976744186046,-0.6434108527131783,0.13178294573643412,-0.9689922480620154,-0.4573643410852713,-0.9689922480620154,-0.4418604651162791,-0.7209302325581395,-0.32558139534883723,-0.6124031007751938,0.015503875968992248,-0.9224806201550387,-0.5193798449612403,-0.9069767441860465,-0.49612403100775193,-0.6511627906976745,-0.3798449612403101,-0.5426356589147286,-0.12403100775193798,-0.8217054263565892,-0.5271317829457365,-0.7364341085271318,-0.5038759689922481,-0.5426356589147286,-0.3875968992248062,-0.46511627906976744
3,0.0,0.0,-0.03418803418803419,-0.3076923076923077,0.017094017094017096,-0.6153846153846154,0.18803418803418803,-0.8034188034188035,0.3504273504273504,-0.8974358974358975,-0.20512820512820512,-0.9743589743589743,0.29914529914529914,-0.9914529914529915,0.3418803418803419,-0.7435897435897436,0.23931623931623933,-0.5897435897435898,-0.08547008547008547,-1.0,0.4188034188034188,-0.9829059829059829,0.42735042735042733,-0.7521367521367521,0.3418803418803419,-0.5982905982905983,0.06837606837606838,-0.9572649572649573,0.5470085470085471,-0.8888888888888888,0.5470085470085471,-0.6324786324786325,0.4444444444444444,-0.5042735042735043,0.2564102564102564,-0.8717948717948718,0.6324786324786325,-0.7606837606837606,0.6153846153846154,-0.5641025641025641,0.5128205128205128,-0.4700854700854701,0.0,0.0,-0.023076923076923078,-0.3076923076923077,-0.03076923076923077,-0.5923076923076923,-0.1,-0.7692307692307693,-0.2230769230769231,-0.8538461538461538,0.2153846153846154,-0.9461538461538461,-0.3230769230769231,-1.0,-0.36153846153846153,-0.7846153846153846,-0.24615384615384617,-0.6692307692307692,0.16153846153846155,-0.9461538461538461,-0.4307692307692308,-0.9538461538461539,-0.4153846153846154,-0.7230769230769231,-0.2923076923076923,-0.6307692307692307,0.046153846153846156,-0.8846153846153846,-0.5,-0.8923076923076924,-0.47692307692307695,-0.6461538461538462,-0.34615384615384615,-0.5615384615384615,-0.08461538461538462,-0.7769230769230769,-0.5,-0.7153846153846154,-0.4846153846153846,-0.5307692307692308,-0.36153846153846153,-0.46923076923076923
3,0.0,0.0,-0.049586776859504134,-0.2975206611570248,-0.06611570247933884,-0.5785123966942148,0.03305785123966942,-0.743801652892562,0.1487603305785124,-0.8099173553719008,-0.3140495867768595,-0.9090909090909091,0.15702479338842976,-0.9669421487603306,0.2066115702479339,-0.7272727272727273,0.14049586776859505,-0.5785123966942148,-0.21487603305785125,-0.9752066115702479,0.2644628099173554,-1.0,0.2809917355371901,-0.7603305785123967,0.19008264462809918,-0.6115702479338843,-0.04132231404958678,-0.9834710743801653,0.4049586776859504,-0.9504132231404959,0.4214876033057851,-0.7024793388429752,0.32231404958677684,-0.5702479338842975,0.17355371900826447,-0.9504132231404959,0.5619834710743802,-0.8181818181818182,0.5371900826446281,-0.628099173553719,0.4214876033057851,-0.5454545454545454,0.0,0.0,-0.032,-0.288,-0.064,-0.576,-0.128,-0.76,-0.248,-0.864,0.184,-0.976,-0.392,-0.984,-0.392,-0.752,-0.248,-0.656,0.144,-1.0,-0.488,-0.96,-0.44,-0.704,-0.288,-0.608,0.04,-0.96,-0.528,-0.912,-0.48,-0.656,-0.328,-0.568,-0.08,-0.88,-0.504,-0.776,-0.464,-0.568,-0.312,-0.512
3,0.0,0.0,-0.1,-0.3,-0.125,-0.5916666666666667,-0.016666666666666666,-0.7583333333333333,0.10833333333333334,-0.825,-0.30833333333333335,-0.9166666666666666,0.025,-0.975,0.09166666666666666,-0.775,0.03333333333333333,-0.6333333333333333,-0.18333333333333332,-0.9916666666666667,0.19166666666666668,-0.9833333333333333,0.21666666666666667,-0.7833333333333333,0.15,-0.6416666666666667,0.0,-1.0,0.375,-0.925,0.4,-0.7,0.325,-0.5916666666666667,0.23333333333333334,-0.9583333333333334,0.5833333333333334,-0.8166666666666667,0.5666666666666667,-0.625,0.4666666666666667,-0.5416666666666666,0.0,0.0,-0.05737704918032787,-0.2786885245901639,-0.10655737704918032,-0.5491803278688525,-0.1885245901639344,-0.7213114754098361,-0.3114754098360656,-0.819672131147541,0.18032786885245902,-0.9754098360655737,-0.4098360655737705,-0.9508196721311475,-0.4180327868852459,-0.7131147540983607,-0.29508196721311475,-0.6147540983606558,0.12295081967213115,-1.0,-0.5245901639344263,-0.9344262295081968,-0.48360655737704916,-0.6639344262295082,-0.3442622950819672,-0.5655737704918032,0.01639344262295082,-0.9672131147540983,-0.5737704918032787,-0.8934426229508197,-0.5327868852459017,-0.6229508196721312,-0.38524590163934425,-0.5409836065573771,-0.12295081967213115,-0.8852459016393442,-0.5491803278688525,-0.7459016393442623,-0.5,-0.5491803278688525,-0.3524590163934426,-0.5
3,0.0,0.0,-0.049586776859504134,-0.2892561983471074,-0.05785123966942149,-0.5785123966942148,0.04132231404958678,-0.7520661157024794,0.15702479338842976,-0.8181818181818182,-0.30578512396694213,-0.9173553719008265,0.04132231404958678,-0.9834710743801653,0.10743801652892562,-0.7851239669421488,0.049586776859504134,-0.6363636363636364,-0.19008264462809918,-0.9834710743801653,0.18181818181818182,-1.0,0.2231404958677686,-0.7933884297520661,0.1652892561983471,-0.6363636363636364,-0.008264462809917356,-0.9834710743801653,0.371900826446281,-0.9421487603305785,0.39669421487603307,-0.7107438016528925,0.3305785123966942,-0.5867768595041323,0.2231404958677686,-0.9421487603305785,0.5785123966942148,-0.8347107438016529,0.5702479338842975,-0.6528925619834711,0.4793388429752066,-0.5537190082644629,0.0,0.0,-0.016666666666666666,-0.2833333333333333,-0.05,-0.5583333333333333,-0.13333333333333333,-0.7333333333333333,-0.26666666666666666,-0.825,0.2,-0.975,-0.38333333333333336,-0.9666666666666667,-0.39166666666666666,-0.7333333333333333,-0.26666666666666666,-0.625,0.125,-1.0,-0.5083333333333333,-0.9416666666666667,-0.4666666666666667,-0.6833333333333333,-0.325,-0.575,0.008333333333333333,-0.9583333333333334,-0.575,-0.9,-0.525,-0.6333333333333333,-0.38333333333333336,-0.55,-0.13333333333333333,-0.875,-0.5583333333333333,-0.75,-0.5083333333333333,-0.55,-0.35833333333333334,-0.49166666666666664
3,0.0,0.0,-0.01639344262295082,-0.2786885245901639,-0.02459016393442623,-0.5655737704918032,0.07377049180327869,-0.7377049180327869,0.1721311475409836,-0.8114754098360656,-0.319672131147541,-0.9098360655737705,0.040983606557377046,-0.9754098360655737,0.10655737704918032,-0.7786885245901639,0.04918032786885246,-0.639344262295082,-0.20491803278688525,-0.9836065573770492,0.1721311475409836,-1.0,0.21311475409836064,-0.7950819672131147,0.14754098360655737,-0.6475409836065574,-0.03278688524590164,-0.9836065573770492,0.3524590163934426,-0.9508196721311475,0.38524590163934425,-0.7213114754098361,0.3114754098360656,-0.5983606557377049,0.19672131147540983,-0.9426229508196722,0.5491803278688525,-0.8360655737704918,0.5491803278688525,-0.6557377049180327,0.45901639344262296,-0.5573770491803278,0.0,0.0,-0.025,-0.2833333333333333,-0.058333333333333334,-0.55,-0.15,-0.725,-0.2833333333333333,-0.825,0.2,-0.975,-0.38333333333333336,-0.9666666666666667,-0.4,-0.7333333333333333,-0.275,-0.6166666666666667,0.14166666666666666,-1.0,-0.5083333333333333,-0.9416666666666667,-0.475,-0.675,-0.3333333333333333,-0.5666666666666667,0.025,-0.9583333333333334,-0.5666666666666667,-0.9,-0.525,-0.6333333333333333,-0.38333333333333336,-0.5416666666666666,-0.11666666666666667,-0.875,-0.5416666666666666,-0.75,-0.49166666666666664,-0.5416666666666666,-0.3416666666666667,-0.48333333333333334
3,0.0,0.0,-0.04132231404958678,-0.2727272727272727,-0.049586776859504134,-0.5619834710743802,0.05785123966942149,-0.7355371900826446,0.1652892561983471,-0.8099173553719008,-0.3140495867768595,-0.9090909090909091,0.04132231404958678,-0.9752066115702479,0.11570247933884298,-0.7768595041322314,0.06611570247933884,-0.6363636363636364,-0.19834710743801653,-0.9834710743801653,0.18181818181818182,-1.0,0.21487603305785125,-0.7933884297520661,0.1487603305785124,-0.6363636363636364,-0.024793388429752067,-0.9917355371900827,0.35537190082644626,-0.9421487603305785,0.3884297520661157,-0.7107438016528925,0.3140495867768595,-0.5950413223140496,0.2066115702479339,-0.9504132231404959,0.5619834710743802,-0.8181818181818182,0.5537190082644629,-0.6363636363636364,0.45454545454545453,-0.5454545454545454,0.0,0.0,-0.025,-0.2916666666666667,-0.05,-0.5583333333333333,-0.14166666666666666,-0.7333333333333333,-0.275,-0.825,0.2,-0.975,-0.38333333333333336,-0.975,-0.4,-0.7333333333333333,-0.275,-0.625,0.14166666666666666,-1.0,-0.5,-0.95,-0.475,-0.6833333333333333,-0.325,-0.575,0.03333333333333333,-0.9583333333333334,-0.5583333333333333,-0.9083333333333333,-0.5166666666666667,-0.6416666666666667,-0.375,-0.55,-0.10833333333333334,-0.875,-0.525,-0.75,-0.48333333333333334,-0.55,-0.3333333333333333,-0.49166666666666664
3,0.0,0.0,-0.049586776859504134,-0.2727272727272727,-0.049586776859504134,-0.5702479338842975,0.049586776859504134,-0.7355371900826446,0.15702479338842976,-0.8099173553719008,-0.32231404958677684,-0.9173553719008265,0.04132231404958678,-0.9834710743801653,0.10743801652892562,-0.7851239669421488,0.05785123966942149,-0.6363636363636364,-0.2066115702479339,-0.9834710743801653,0.17355371900826447,-1.0,0.21487603305785125,-0.7933884297520661,0.1487603305785124,-0.6446280991735537,-0.024793388429752067,-0.9917355371900827,0.35537190082644626,-0.9504132231404959,0.38016528925619836,-0.71900826446281,0.3140495867768595,-0.5950413223140496,0.2066115702479339,-0.9421487603305785,0.5537190082644629,-0.8347107438016529,0.5454545454545454,-0.6446280991735537,0.45454545454545453,-0.5537190082644629,0.0,0.0,-0.024793388429752067,-0.2809917355371901,-0.05785123966942149,-0.5619834710743802,-0.1487603305785124,-0.7355371900826446,-0.2809917355371901,-0.8264462809917356,0.2066115702479339,-0.9752066115702479,-0.371900826446281,-0.9752066115702479,-0.38016528925619836,-0.7355371900826446,-0.256198347107438,-0.6363636363636364,0.1487603305785124,-1.0,-0.48760330578512395,-0.9504132231404959,-0.45454545454545453,-0.6859504132231405,-0.30578512396694213,-0.5785123966942148,0.03305785123966942,-0.9586776859504132,-0.5537190082644629,-0.9090909090909091,-0.5041322314049587,-0.6446280991735537,-0.36363636363636365,-0.5537190082644629,-0.10743801652892562,-0.8760330578512396,-0.5289256198347108,-0.7520661157024794,-0.4793388429752066,-0.5537190082644629,-0.3305785123966942,-0.49586776859504134
3,0.0,0.0,0.2676056338028169,-0.19014084507042253,0.45774647887323944,-0.4154929577464789,0.528169014084507,-0.6197183098591549,0.45774647887323944,-0.8028169014084507,0.30985915492957744,-0.7323943661971831,0.39436619718309857,-1.0,0.47183098591549294,-0.9154929577464789,0.4859154929577465,-0.8028169014084507,0.14788732394366197,-0.7464788732394366,0.2676056338028169,-0.9577464788732394,0.2676056338028169,-0.6619718309859155,0.2112676056338028,-0.5845070422535211,-0.028169014084507043,-0.7394366197183099,0.09859154929577464,-0.9507042253521126,0.11267605633802817,-0.6690140845070423,0.04225352112676056,-0.5704225352112676,-0.23943661971830985,-0.7112676056338029,-0.11267605633802817,-0.9014084507042254,-0.07042253521126761,-0.7183098591549296,-0.11971830985915492,-0.6197183098591549,0.0,0.0,-0.3178294573643411,-0.17054263565891473,-0.5658914728682171,-0.4728682170542636,-0.5503875968992248,-0.7441860465116279,-0.3178294573643411,-0.7751937984496124,-0.26356589147286824,-0.8527131782945736,-0.4573643410852713,-1.0,-0.43410852713178294,-0.7131782945736435,-0.32558139534883723,-0.6511627906976745,-0.05426356589147287,-0.8604651162790697,-0.2868217054263566,-0.9767441860465116,-0.27906976744186046,-0.6589147286821705,-0.15503875968992248,-0.6124031007751938,0.13953488372093023,-0.8217054263565892,-0.10852713178294573,-0.9224806201550387,-0.13178294573643412,-0.6046511627906976,-0.007751937984496124,-0.5426356589147286,0.3333333333333333,-0.7364341085271318,0.06976744186046512,-0.813953488372093,0.015503875968992248,-0.5891472868217055,0.11627906976744186,-0.5116279069767442
3,0.0,0.0,0.29770992366412213,-0.183206106870229,0.5114503816793893,-0.4122137404580153,0.6106870229007634,-0.648854961832061,0.48854961832061067,-0.8320610687022901,0.33587786259541985,-0.7480916030534351,0.4732824427480916,-0.9618320610687023,0.48854961832061067,-0.732824427480916,0.42748091603053434,-0.6106870229007634,0.16793893129770993,-0.7862595419847328,0.31297709923664124,-0.9770992366412213,0.29770992366412213,-0.6641221374045801,0.21374045801526717,-0.5954198473282443,-0.015267175572519083,-0.8015267175572519,0.13740458015267176,-1.0,0.1450381679389313,-0.6946564885496184,0.05343511450381679,-0.6030534351145038,-0.2366412213740458,-0.7862595419847328,-0.08396946564885496,-0.9923664122137404,-0.03816793893129771,-0.7862595419847328,-0.0916030534351145,-0.6641221374045801,0.0,0.0,-0.312,-0.176,-0.552,-0.48,-0.52,-0.76,-0.296,-0.776,-0.272,-0.864,-0.464,-1.0,-0.432,-0.712,-0.328,-0.648,-0.056,-0.888,-0.272,-0.992,-0.256,-0.664,-0.144,-0.624,0.144,-0.856,-0.08,-0.968,-0.088,-0.632,0.016,-0.568,0.36,-0.768,0.104,-0.848,0.064,-0.616,0.144,-0.536
3,0.0,0.0,0.26153846153846155,-0.15384615384615385,0.49230769230769234,-0.4,0.5615384615384615,-0.6538461538461539,0.4153846153846154,-0.823076923076923,0.3076923076923077,-0.7384615384615385,0.4230769230769231,-0.9538461538461539,0.4230769230769231,-0.7384615384615385,0.35384615384615387,-0.6153846153846154,0.12307692307692308,-0.7769230769230769,0.25384615384615383,-0.9846153846153847,0.23846153846153847,-0.6615384615384615,0.15384615384615385,-0.5923076923076923,-0.05384615384615385,-0.7846153846153846,0.06923076923076923,-1.0,0.08461538461538462,-0.7,0.0,-0.5923076923076923,-0.27692307692307694,-0.7692307692307693,-0.13846153846153847,-0.9692307692307692,-0.1,-0.7615384615384615,-0.15384615384615385,-0.6538461538461539,0.0,0.0,-0.3225806451612903,-0.1774193548387097,-0.5725806451612904,-0.4838709677419355,-0.532258064516129,-0.7661290322580645,-0.2903225806451613,-0.7741935483870968,-0.3064516129032258,-0.8870967741935484,-0.5,-1.0,-0.45161290322580644,-0.7096774193548387,-0.3467741935483871,-0.6451612903225806,-0.08064516129032258,-0.9112903225806451,-0.29838709677419356,-1.0,-0.27419354838709675,-0.6693548387096774,-0.1693548387096774,-0.6290322580645161,0.12903225806451613,-0.8709677419354839,-0.08064516129032258,-0.9596774193548387,-0.08870967741935484,-0.6290322580645161,0.016129032258064516,-0.5645161290322581,0.3629032258064516,-0.7741935483870968,0.12096774193548387,-0.8709677419354839,0.07258064516129033,-0.6290322580645161,0.14516129032258066,-0.5403225806451613
3,0.0,0.0,0.25196850393700787,-0.14173228346456693,0.47244094488188976,-0.3937007874015748,0.5354330708661418,-0.6535433070866141,0.4094488188976378,-0.84251968503937,0.2992125984251969,-0.7401574803149606,0.4094488188976378,-0.9763779527559056,0.41732283464566927,-0.7244094488188977,0.3543307086614173,-0.5905511811023622,0.12598425196850394,-0.7716535433070866,0.2440944881889764,-0.984251968503937,0.23622047244094488,-0.6456692913385826,0.14960629921259844,-0.5748031496062992,-0.06299212598425197,-0.7716535433070866,0.06299212598425197,-1.0,0.07086614173228346,-0.6771653543307087,-0.015748031496062992,-0.5669291338582677,-0.29133858267716534,-0.7559055118110236,-0.16535433070866143,-0.9606299212598425,-0.12598425196850394,-0.7559055118110236,-0.18110236220472442,-0.6377952755905512,0.0,0.0,-0.32,-0.184,-0.568,-0.488,-0.52,-0.752,-0.272,-0.768,-0.296,-0.872,-0.488,-1.0,-0.448,-0.704,-0.344,-0.648,-0.08,-0.888,-0.288,-0.992,-0.264,-0.664,-0.152,-0.632,0.128,-0.856,-0.072,-0.96,-0.088,-0.624,0.024,-0.568,0.352,-0.768,0.128,-0.856,0.072,-0.624,0.152,-0.544
3,0.0,0.0,0.26153846153846155,-0.13076923076923078,0.4846153846153846,-0.38461538461538464,0.5461538461538461,-0.6307692307692307,0.4076923076923077,-0.8,0.3,-0.7384615384615385,0.3923076923076923,-0.9538461538461539,0.3923076923076923,-0.7,0.33076923076923076,-0.5692307692307692,0.12307692307692308,-0.7692307692307693,0.2230769230769231,-0.9769230769230769,0.2153846153846154,-0.6461538461538462,0.14615384615384616,-0.5615384615384615,-0.06923076923076923,-0.7769230769230769,0.038461538461538464,-1.0,0.05384615384615385,-0.6846153846153846,-0.023076923076923078,-0.5692307692307692,-0.2923076923076923,-0.7538461538461538,-0.17692307692307693,-0.9692307692307692,-0.13846153846153847,-0.7615384615384615,-0.18461538461538463,-0.6461538461538462,0.0,0.0,-0.3253968253968254,-0.19047619047619047,-0.5714285714285714,-0.48412698412698413,-0.5317460317460317,-0.7380952380952381,-0.30158730158730157,-0.7698412698412699,-0.29365079365079366,-0.873015873015873,-0.48412698412698413,-1.0,-0.4523809523809524,-0.7063492063492064,-0.3412698412698413,-0.6428571428571429,-0.07936507936507936,-0.8888888888888888,-0.29365079365079366,-0.9920634920634921,-0.2777777777777778,-0.6587301587301587,-0.15873015873015872,-0.6190476190476191,0.12698412698412698,-0.8650793650793651,-0.0873015873015873,-0.9603174603174603,-0.09523809523809523,-0.626984126984127,0.015873015873015872,-0.5714285714285714,0.3492063492063492,-0.7777777777777778,0.1111111111111111,-0.8571428571428571,0.06349206349206349,-0.6190476190476191,0.15873015873015872,-0.5476190476190477
3,0.0,0.0,0.25384615384615383,-0.13076923076923078,0.47692307692307695,-0.36923076923076925,0.5461538461538461,-0.6153846153846154,0.4230769230769231,-0.7923076923076923,0.3,-0.7307692307692307,0.3923076923076923,-0.9538461538461539,0.38461538461538464,-0.7,0.3230769230769231,-0.5615384615384615,0.12307692307692308,-0.7615384615384615,0.2230769230769231,-0.9769230769230769,0.2153846153846154,-0.6461538461538462,0.14615384615384616,-0.5615384615384615,-0.06153846153846154,-0.7692307692307693,0.038461538461538464,-1.0,0.05384615384615385,-0.6846153846153846,-0.015384615384615385,-0.5692307692307692,-0.2846153846153846,-0.7538461538461538,-0.16923076923076924,-0.9615384615384616,-0.13076923076923078,-0.7615384615384615,-0.17692307692307693,-0.6461538461538462,0.0,0.0,-0.3253968253968254,-0.1746031746031746,-0.5714285714285714,-0.47619047619047616,-0.5317460317460317,-0.746031746031746,-0.30158730158730157,-0.7619047619047619,-0.30158730158730157,-0.8650793650793651,-0.48412698412698413,-1.0,-0.4523809523809524,-0.7142857142857143,-0.3412698412698413,-0.6507936507936508,-0.0873015873015873,-0.8968253968253969,-0.29365079365079366,-0.9920634920634921,-0.2777777777777778,-0.6666666666666666,-0.15873015873015872,-0.626984126984127,0.11904761904761904,-0.8650793650793651,-0.07936507936507936,-0.9603174603174603,-0.09523809523809523,-0.626984126984127,0.015873015873015872,-0.5714285714285714,0.3412698412698413,-0.7698412698412699,0.11904761904761904,-0.8650793650793651,0.07142857142857142,-0.626984126984127,0.15079365079365079,-0.5555555555555556
3,0.0,0.0,0.2558139534883721,-0.13178294573643412,0.4883720930232558,-0.3643410852713178,0.5658914728682171,-0.6124031007751938,0.43410852713178294,-0.7984496124031008,0.31007751937984496,-0.7286821705426356,0.4108527131782946,-0.9612403100775194,0.4108527131782946,-0.7209302325581395,0.35658914728682173,-0.5736434108527132,0.13178294573643412,-0.7596899224806202,0.24031007751937986,-0.9689922480620154,0.23255813953488372,-0.6356589147286822,0.15503875968992248,-0.5503875968992248,-0.06201550387596899,-0.7674418604651163,0.05426356589147287,-1.0,0.07751937984496124,-0.6821705426356589,0.0,-0.5581395348837209,-0.27906976744186046,-0.751937984496124,-0.17829457364341086,-0.9767441860465116,-0.12403100775193798,-0.7751937984496124,-0.16279069767441862,-0.6434108527131783,0.0,0.0,-0.3253968253968254,-0.19047619047619047,-0.5793650793650794,-0.48412698412698413,-0.5396825396825397,-0.753968253968254,-0.30158730158730157,-0.7698412698412699,-0.30952380952380953,-0.8809523809523809,-0.5,-1.0,-0.4603174603174603,-0.7142857142857143,-0.35714285714285715,-0.6587301587301587,-0.09523809523809523,-0.9047619047619048,-0.30952380952380953,-1.0,-0.2857142857142857,-0.6666666666666666,-0.16666666666666666,-0.6349206349206349,0.1111111111111111,-0.873015873015873,-0.09523809523809523,-0.9682539682539683,-0.09523809523809523,-0.6349206349206349,0.007936507936507936,-0.5793650793650794,0.3412698412698413,-0.7857142857142857,0.1111111111111111,-0.873015873015873,0.06349206349206349,-0.6349206349206349,0.14285714285714285,-0.5634920634920635
3,0.0,0.0,0.24806201550387597,-0.11627906976744186,0.4883720930232558,-0.3643410852713178,0.5581395348837209,-0.6201550387596899,0.3953488372093023,-0.7984496124031008,0.29457364341085274,-0.751937984496124,0.40310077519379844,-0.9844961240310077,0.43410852713178294,-0.7441860465116279,0.3875968992248062,-0.6046511627906976,0.11627906976744186,-0.7751937984496124,0.24031007751937986,-0.9844961240310077,0.24031007751937986,-0.6356589147286822,0.15503875968992248,-0.5348837209302325,-0.07751937984496124,-0.7751937984496124,0.046511627906976744,-1.0,0.06976744186046512,-0.6744186046511628,-0.015503875968992248,-0.5426356589147286,-0.29457364341085274,-0.751937984496124,-0.18604651162790697,-0.9689922480620154,-0.13178294573643412,-0.7674418604651163,-0.17054263565891473,-0.6434108527131783,0.0,0.0,-0.3333333333333333,-0.19047619047619047,-0.5793650793650794,-0.48412698412698413,-0.5317460317460317,-0.753968253968254,-0.29365079365079366,-0.7698412698412699,-0.30952380952380953,-0.873015873015873,-0.5,-1.0,-0.4603174603174603,-0.7063492063492064,-0.35714285714285715,-0.6507936507936508,-0.09523809523809523,-0.8968253968253969,-0.30952380952380953,-0.9920634920634921,-0.2777777777777778,-0.6587301587301587,-0.16666666666666666,-0.626984126984127,0.11904761904761904,-0.8571428571428571,-0.0873015873015873,-0.9603174603174603,-0.09523809523809523,-0.626984126984127,0.015873015873015872,-0.5714285714285714,0.3412698412698413,-0.7698412698412699,0.1111111111111111,-0.8650793650793651,0.06349206349206349,-0.626984126984127,0.14285714285714285,-0.5476190476190477
3,0.0,0.0,0.25757575757575757,-0.12121212121212122,0.49242424242424243,-0.3712121212121212,0.5454545454545454,-0.6287878787878788,0.38636363636363635,-0.7878787878787878,0.29545454545454547,-0.7424242424242424,0.4015151515151515,-0.9621212121212122,0.4166666666666667,-0.7045454545454546,0.36363636363636365,-0.5681818181818182,0.12121212121212122,-0.7651515151515151,0.24242424242424243,-0.9772727272727273,0.24242424242424243,-0.6439393939393939,0.1590909090909091,-0.5454545454545454,-0.06818181818181818,-0.7727272727272727,0.045454545454545456,-1.0,0.07575757575757576,-0.6818181818181818,-0.007575757575757576,-0.553030303030303,-0.2878787878787879,-0.75,-0.16666666666666666,-0.9621212121212122,-0.12121212121212122,-0.7651515151515151,-0.16666666666666666,-0.6439393939393939,0.0,0.0,-0.328,-0.184,-0.576,-0.48,-0.536,-0.744,-0.304,-0.768,-0.296,-0.872,-0.496,-1.0,-0.456,-0.712,-0.352,-0.648,-0.08,-0.896,-0.296,-1.0,-0.28,-0.664,-0.16,-0.624,0.128,-0.864,-0.08,-0.968,-0.096,-0.624,0.016,-0.568,0.352,-0.768,0.12,-0.864,0.064,-0.624,0.144,-0.544
3,0.0,0.0,0.25384615384615383,-0.13076923076923078,0.4846153846153846,-0.36923076923076925,0.5461538461538461,-0.6230769230769231,0.3923076923076923,-0.8076923076923077,0.3153846153846154,-0.7461538461538462,0.4230769230769231,-0.9692307692307692,0.45384615384615384,-0.7615384615384615,0.4230769230769231,-0.6307692307692307,0.13076923076923078,-0.7692307692307693,0.26153846153846155,-0.9846153846153847,0.25384615384615383,-0.6461538461538462,0.17692307692307693,-0.5384615384615384,-0.06153846153846154,-0.7769230769230769,0.06153846153846154,-1.0,0.07692307692307693,-0.6692307692307692,0.0,-0.5307692307692308,-0.2846153846153846,-0.7538461538461538,-0.16923076923076924,-0.9615384615384616,-0.12307692307692308,-0.7615384615384615,-0.16923076923076924,-0.6384615384615384,0.0,0.0,-0.3253968253968254,-0.19047619047619047,-0.5714285714285714,-0.47619047619047616,-0.5396825396825397,-0.7380952380952381,-0.30952380952380953,-0.7619047619047619,-0.29365079365079366,-0.8809523809523809,-0.49206349206349204,-1.0,-0.4523809523809524,-0.7063492063492064,-0.3412698412698413,-0.6507936507936508,-0.07936507936507936,-0.8968253968253969,-0.30158730158730157,-0.9920634920634921,-0.2777777777777778,-0.6587301587301587,-0.15873015873015872,-0.6190476190476191,0.12698412698412698,-0.8650793650793651,-0.0873015873015873,-0.9682539682539683,-0.09523809523809523,-0.626984126984127,0.015873015873015872,-0.5714285714285714,0.3492063492063492,-0.7777777777777778,0.1111111111111111,-0.8650793650793651,0.06349206349206349,-0.626984126984127,0.14285714285714285,-0.5476190476190477
3,0.0,0.0,0.26356589147286824,-0.12403100775193798,0.49612403100775193,-0.35658914728682173,0.5658914728682171,-0.6046511627906976,0.4186046511627907,-0.7829457364341085,0.3023255813953488,-0.7441860465116279,0.40310077519379844,-0.9612403100775194,0.4186046511627907,-0.7054263565891473,0.37209302325581395,-0.5581395348837209,0.12403100775193798,-0.7674418604651163,0.24806201550387597,-0.9767441860465116,0.24031007751937986,-0.6356589147286822,0.15503875968992248,-0.5271317829457365,-0.06201550387596899,-0.7751937984496124,0.06201550387596899,-1.0,0.06976744186046512,-0.6744186046511628,-0.007751937984496124,-0.5348837209302325,-0.2868217054263566,-0.751937984496124,-0.16279069767441862,-0.9612403100775194,-0.11627906976744186,-0.7596899224806202,-0.16279069767441862,-0.6356589147286822,0.0,0.0,-0.3253968253968254,-0.19047619047619047,-0.5714285714285714,-0.46825396825396826,-0.5317460317460317,-0.7301587301587301,-0.30952380952380953,-0.753968253968254,-0.29365079365079366,-0.873015873015873,-0.49206349206349204,-1.0,-0.4523809523809524,-0.7063492063492064,-0.3492063492063492,-0.6428571428571429,-0.07936507936507936,-0.8888888888888888,-0.29365079365079366,-0.9920634920634921,-0.2777777777777778,-0.6587301587301587,-0.15873015873015872,-0.6111111111111112,0.12698412698412698,-0.8571428571428571,-0.0873015873015873,-0.9603174603174603,-0.09523809523809523,-0.626984126984127,0.015873015873015872,-0.5555555555555556,0.3492063492063492,-0.7698412698412699,0.11904761904761904,-0.8571428571428571,0.06349206349206349,-0.6190476190476191,0.14285714285714285,-0.5396825396825397
3,0.0,0.0,0.2578125,-0.1328125,0.53125,-0.4140625,0.5234375,-0.7109375,0.3046875,-0.8515625,0.5078125,-0.78125,0.5390625,-0.9765625,0.4765625,-0.7265625,0.4453125,-0.625,0.2578125,-0.828125,0.2890625,-1.0,0.2578125,-0.6484375,0.2578125,-0.6015625,0.0234375,-0.828125,0.0078125,-0.984375,0.0234375,-0.6328125,0.046875,-0.5625,-0.2421875,-0.796875,-0.25,-0.90625,-0.203125,-0.6796875,-0.1640625,-0.609375,0.0,0.0,-0.3458646616541353,-0.19548872180451127,-0.5789473684210527,-0.49624060150375937,-0.46616541353383456,-0.7368421052631579,-0.21052631578947367,-0.7744360902255639,-0.41353383458646614,-0.7669172932330827,-0.5112781954887218,-0.9849624060150376,-0.47368421052631576,-0.7518796992481203,-0.40601503759398494,-0.6616541353383458,-0.20300751879699247,-0.7969924812030075,-0.2932330827067669,-1.0,-0.2556390977443609,-0.7443609022556391,-0.18045112781954886,-0.6917293233082706,0.022556390977443608,-0.7894736842105263,-0.07518796992481203,-0.9924812030075187,-0.06015037593984962,-0.7368421052631579,0.015037593984962405,-0.6842105263157895,0.2631578947368421,-0.7443609022556391,0.14285714285714285,-0.924812030075188,0.12781954887218044,-0.7368421052631579,0.19548872180451127,-0.6691729323308271
3,0.0,0.0,0.23931623931623933,-0.1452991452991453,0.47863247863247865,-0.4188034188034188,0.49572649572649574,-0.7264957264957265,0.3247863247863248,-0.9316239316239316,0.49572649572649574,-0.8888888888888888,0.5470085470085471,-1.0,0.5470085470085471,-0.9658119658119658,0.5128205128205128,-0.9658119658119658,0.2222222222222222,-0.9743589743589743,0.24786324786324787,-1.0,0.23076923076923078,-0.6410256410256411,0.23931623931623933,-0.6581196581196581,-0.03418803418803419,-0.9743589743589743,-0.03418803418803419,-0.9230769230769231,0.008547008547008548,-0.6068376068376068,0.017094017094017096,-0.6068376068376068,-0.3076923076923077,-0.9230769230769231,-0.2905982905982906,-0.7948717948717948,-0.20512820512820512,-0.5811965811965812,-0.1623931623931624,-0.5811965811965812,0.0,0.0,-0.35384615384615387,-0.11538461538461539,-0.6076923076923076,-0.4307692307692308,-0.47692307692307695,-0.6846153846153846,-0.2076923076923077,-0.7153846153846154,-0.4076923076923077,-0.7461538461538462,-0.5230769230769231,-0.9769230769230769,-0.4846153846153846,-0.6923076923076923,-0.4153846153846154,-0.5846153846153846,-0.17692307692307693,-0.7846153846153846,-0.2923076923076923,-1.0,-0.2692307692307692,-0.6846153846153846,-0.18461538461538463,-0.5923076923076923,0.046153846153846156,-0.7692307692307693,-0.06923076923076923,-0.9923076923076923,-0.05384615384615385,-0.6615384615384615,0.023076923076923078,-0.5615384615384615,0.2923076923076923,-0.7153846153846154,0.15384615384615385,-0.8846153846153846,0.11538461538461539,-0.6538461538461539,0.16923076923076924,-0.5538461538461539
3,0.0,0.0,0.24107142857142858,-0.11607142857142858,0.4732142857142857,-0.375,0.45535714285714285,-0.6785714285714286,0.29464285714285715,-0.9017857142857143,0.5357142857142857,-0.875,0.6071428571428571,-0.9821428571428571,0.5892857142857143,-0.9910714285714286,0.5357142857142857,-1.0,0.25,-0.9732142857142857,0.26785714285714285,-0.9910714285714286,0.25892857142857145,-0.6517857142857143,0.26785714285714285,-0.6428571428571429,-0.026785714285714284,-0.9821428571428571,-0.008928571428571428,-0.8571428571428571,0.026785714285714284,-0.5535714285714286,0.044642857142857144,-0.5446428571428571,-0.30357142857142855,-0.9196428571428571,-0.26785714285714285,-0.7142857142857143,-0.16964285714285715,-0.48214285714285715,-0.11607142857142858,-0.48214285714285715,0.0,0.0,-0.34375,-0.109375,-0.5859375,-0.4140625,-0.46875,-0.6875,-0.21875,-0.7265625,-0.3984375,-0.7421875,-0.5078125,-0.984375,-0.46875,-0.703125,-0.390625,-0.5859375,-0.171875,-0.7734375,-0.28125,-1.0,-0.25,-0.6796875,-0.1640625,-0.6015625,0.046875,-0.7578125,-0.0546875,-0.9765625,-0.046875,-0.65625,0.0234375,-0.5703125,0.2890625,-0.703125,0.15625,-0.8671875,0.1171875,-0.6328125,0.171875,-0.546875
3,0.0,0.0,0.23214285714285715,-0.11607142857142858,0.45535714285714285,-0.36607142857142855,0.44642857142857145,-0.6785714285714286,0.30357142857142855,-0.9107142857142857,0.5267857142857143,-0.8839285714285714,0.5892857142857143,-0.9732142857142857,0.5714285714285714,-0.9732142857142857,0.5178571428571429,-0.9732142857142857,0.25,-0.9910714285714286,0.25,-0.9910714285714286,0.24107142857142858,-0.6339285714285714,0.25,-0.6428571428571429,-0.026785714285714284,-1.0,-0.03571428571428571,-0.8660714285714286,0.008928571428571428,-0.5446428571428571,0.026785714285714284,-0.5446428571428571,-0.3125,-0.9375,-0.29464285714285715,-0.7321428571428571,-0.19642857142857142,-0.5,-0.13392857142857142,-0.5089285714285714,0.0,0.0,-0.35384615384615387,-0.11538461538461539,-0.6153846153846154,-0.4076923076923077,-0.5230769230769231,-0.6692307692307692,-0.27692307692307694,-0.7461538461538462,-0.4076923076923077,-0.7461538461538462,-0.5307692307692308,-0.9769230769230769,-0.4846153846153846,-0.6923076923076923,-0.4076923076923077,-0.5846153846153846,-0.17692307692307693,-0.7769230769230769,-0.2923076923076923,-1.0,-0.26153846153846155,-0.676923076923077,-0.18461538461538463,-0.6,0.038461538461538464,-0.7615384615384615,-0.07692307692307693,-0.9692307692307692,-0.06153846153846154,-0.6538461538461539,0.015384615384615385,-0.5769230769230769,0.2846153846153846,-0.7076923076923077,0.13076923076923078,-0.8538461538461538,0.1076923076923077,-0.6307692307692307,0.16923076923076924,-0.5538461538461539
3,0.0,0.0,0.22807017543859648,-0.12280701754385964,0.4298245614035088,-0.3684210526315789,0.42105263157894735,-0.6666666666666666,0.2807017543859649,-0.8947368421052632,0.5175438596491229,-0.8508771929824561,0.5789473684210527,-0.956140350877193,0.5526315789473685,-0.9736842105263158,0.49122807017543857,-1.0,0.23684210526315788,-0.956140350877193,0.23684210526315788,-0.9824561403508771,0.21929824561403508,-0.6491228070175439,0.24561403508771928,-0.6403508771929824,-0.03508771929824561,-0.9736842105263158,-0.05263157894736842,-0.8421052631578947,-0.017543859649122806,-0.543859649122807,0.017543859649122806,-0.543859649122807,-0.30701754385964913,-0.9210526315789473,-0.30701754385964913,-0.7280701754385965,-0.22807017543859648,-0.5087719298245614,-0.15789473684210525,-0.5087719298245614,0.0,0.0,-0.3543307086614173,-0.10236220472440945,-0.6220472440944882,-0.3937007874015748,-0.5354330708661418,-0.6614173228346457,-0.29133858267716534,-0.7322834645669292,-0.41732283464566927,-0.7480314960629921,-0.5433070866141733,-0.9763779527559056,-0.4881889763779528,-0.6929133858267716,-0.4094488188976378,-0.5826771653543307,-0.18110236220472442,-0.7795275590551181,-0.30708661417322836,-1.0,-0.2677165354330709,-0.6692913385826772,-0.1889763779527559,-0.5984251968503937,0.03937007874015748,-0.7637795275590551,-0.07086614173228346,-0.9763779527559056,-0.05511811023622047,-0.6456692913385826,0.023622047244094488,-0.5748031496062992,0.28346456692913385,-0.7165354330708661,0.14960629921259844,-0.8661417322834646,0.12598425196850394,-0.6299212598425197,0.1732283464566929,-0.5511811023622047
3,0.0,0.0,0.22321428571428573,-0.09821428571428571,0.44642857142857145,-0.3482142857142857,0.44642857142857145,-0.6607142857142857,0.32142857142857145,-0.8928571428571429,0.5357142857142857,-0.875,0.5892857142857143,-0.9642857142857143,0.5625,-0.9821428571428571,0.5,-1.0,0.25,-0.9910714285714286,0.24107142857142858,-0.9821428571428571,0.22321428571428573,-0.6160714285714286,0.24107142857142858,-0.6339285714285714,-0.026785714285714284,-1.0,-0.0625,-0.8660714285714286,-0.008928571428571428,-0.5535714285714286,0.026785714285714284,-0.5625,-0.3125,-0.9375,-0.32142857142857145,-0.7321428571428571,-0.21428571428571427,-0.5,-0.13392857142857142,-0.5089285714285714,0.0,0.0,-0.34375,-0.1015625,-0.609375,-0.3984375,-0.5,-0.65625,-0.25,-0.71875,-0.40625,-0.7421875,-0.53125,-0.984375,-0.4765625,-0.6953125,-0.3984375,-0.5859375,-0.1796875,-0.765625,-0.2890625,-1.0,-0.2578125,-0.6796875,-0.1796875,-0.6015625,0.046875,-0.75,-0.0625,-0.984375,-0.0546875,-0.65625,0.0234375,-0.578125,0.2890625,-0.703125,0.15625,-0.875,0.125,-0.640625,0.171875,-0.546875
3,0.0,0.0,0.21929824561403508,-0.10526315789473684,0.4298245614035088,-0.34210526315789475,0.45614035087719296,-0.6403508771929824,0.3333333333333333,-0.868421052631579,0.5350877192982456,-0.8508771929824561,0.5964912280701754,-0.9473684210526315,0.5614035087719298,-0.9736842105263158,0.49122807017543857,-1.0,0.2543859649122807,-0.9649122807017544,0.23684210526315788,-0.9649122807017544,0.21929824561403508,-0.6140350877192983,0.24561403508771928,-0.6228070175438597,-0.017543859649122806,-0.9736842105263158,-0.05263157894736842,-0.8508771929824561,-0.008771929824561403,-0.5350877192982456,0.02631578947368421,-0.5350877192982456,-0.2982456140350877,-0.9210526315789473,-0.30701754385964913,-0.7192982456140351,-0.21052631578947367,-0.5,-0.13157894736842105,-0.49122807017543857,0.0,0.0,-0.3384615384615385,-0.1076923076923077,-0.6,-0.4,-0.49230769230769234,-0.6538461538461539,-0.24615384615384617,-0.7076923076923077,-0.4,-0.7384615384615385,-0.5153846153846153,-0.9769230769230769,-0.46923076923076923,-0.6923076923076923,-0.3923076923076923,-0.5846153846153846,-0.16923076923076924,-0.7615384615384615,-0.2846153846153846,-1.0,-0.25384615384615383,-0.676923076923077,-0.17692307692307693,-0.6,0.046153846153846156,-0.7461538461538462,-0.05384615384615385,-0.9769230769230769,-0.05384615384615385,-0.6538461538461539,0.023076923076923078,-0.5692307692307692,0.2846153846153846,-0.7,0.15384615384615385,-0.8692307692307693,0.12307692307692308,-0.6384615384615384,0.16923076923076924,-0.5461538461538461
3,0.0,0.0,0.23214285714285715,-0.0625,0.5089285714285714,-0.32142857142857145,0.5357142857142857,-0.6428571428571429,0.36607142857142855,-0.875,0.5892857142857143,-0.8303571428571429,0.6517857142857143,-0.9464285714285714,0.625,-0.9553571428571429,0.5714285714285714,-0.9553571428571429,0.3125,-0.9375,0.30357142857142855,-1.0,0.26785714285714285,-0.6339285714285714,0.2857142857142857,-0.6071428571428571,0.044642857142857144,-0.9553571428571429,0.0,-0.9285714285714286,0.017857142857142856,-0.5803571428571429,0.05357142857142857,-0.5357142857142857,-0.23214285714285715,-0.9196428571428571,-0.25,-0.8303571428571429,-0.19642857142857142,-0.5982142857142857,-0.14285714285714285,-0.5714285714285714,0.0,0.0,-0.35384615384615387,-0.1,-0.6230769230769231,-0.4,-0.5307692307692308,-0.676923076923077,-0.2692307692307692,-0.7076923076923077,-0.4230769230769231,-0.7384615384615385,-0.5461538461538461,-0.9846153846153847,-0.5,-0.6923076923076923,-0.4230769230769231,-0.5846153846153846,-0.19230769230769232,-0.7769230769230769,-0.3153846153846154,-1.0,-0.2846153846153846,-0.676923076923077,-0.2,-0.6076923076923076,0.03076923076923077,-0.7615384615384615,-0.09230769230769231,-0.9846153846153847,-0.08461538461538462,-0.6615384615384615,0.0,-0.5846153846153846,0.2692307692307692,-0.7153846153846154,0.13076923076923078,-0.8846153846153846,0.09230769230769231,-0.6615384615384615,0.15384615384615385,-0.5692307692307692
3,0.0,0.0,0.23478260869565218,-0.08695652173913043,0.4782608695652174,-0.34782608695652173,0.48695652173913045,-0.6608695652173913,0.33043478260869563,-0.8869565217391304,0.5565217391304348,-0.8260869565217391,0.591304347826087,-0.9478260869565217,0.5565217391304348,-0.9217391304347826,0.5043478260869565,-0.9217391304347826,0.28695652173913044,-0.9217391304347826,0.28695652173913044,-1.0,0.24347826086956523,-0.6347826086956522,0.2782608695652174,-0.6521739130434783,0.017391304347826087,-0.9478260869565217,-0.017391304347826087,-0.9391304347826087,0.0,-0.6,0.034782608695652174,-0.5826086956521739,-0.2608695652173913,-0.9043478260869565,-0.28695652173913044,-0.8434782608695652,-0.22608695652173913,-0.6086956521739131,-0.16521739130434782,-0.6,0.0,0.0,-0.34615384615384615,-0.09230769230769231,-0.6153846153846154,-0.3923076923076923,-0.5230769230769231,-0.6615384615384615,-0.2692307692307692,-0.7076923076923077,-0.4076923076923077,-0.7461538461538462,-0.5461538461538461,-0.9692307692307692,-0.4846153846153846,-0.676923076923077,-0.4076923076923077,-0.5769230769230769,-0.18461538461538463,-0.7846153846153846,-0.3153846153846154,-1.0,-0.2846153846153846,-0.6692307692307692,-0.2,-0.6,0.038461538461538464,-0.7769230769230769,-0.08461538461538462,-0.9846153846153847,-0.07692307692307693,-0.6615384615384615,0.007692307692307693,-0.5846153846153846,0.27692307692307694,-0.7307692307692307,0.13076923076923078,-0.8846153846153846,0.1,-0.6538461538461539,0.16153846153846155,-0.5692307692307692
3,0.0,0.0,0.22608695652173913,-0.08695652173913043,0.48695652173913045,-0.3391304347826087,0.5043478260869565,-0.6347826086956522,0.3391304347826087,-0.8521739130434782,0.5478260869565217,-0.8260869565217391,0.5652173913043478,-0.9391304347826087,0.5478260869565217,-0.9043478260869565,0.5391304347826087,-0.8956521739130435,0.26956521739130435,-0.9130434782608695,0.28695652173913044,-1.0,0.24347826086956523,-0.6347826086956522,0.26956521739130435,-0.6260869565217392,0.008695652173913044,-0.9304347826086956,-0.017391304347826087,-0.9565217391304348,-0.008695652173913044,-0.6086956521739131,0.017391304347826087,-0.5565217391304348,-0.2782608695652174,-0.8869565217391304,-0.28695652173913044,-0.8956521739130435,-0.23478260869565218,-0.6608695652173913,-0.1826086956521739,-0.6173913043478261,0.0,0.0,-0.3488372093023256,-0.08527131782945736,-0.627906976744186,-0.3875968992248062,-0.5426356589147286,-0.6511627906976745,-0.27906976744186046,-0.7054263565891473,-0.4263565891472868,-0.7596899224806202,-0.5503875968992248,-0.9767441860465116,-0.5038759689922481,-0.6821705426356589,-0.4263565891472868,-0.5813953488372093,-0.1937984496124031,-0.7906976744186046,-0.3178294573643411,-1.0,-0.2868217054263566,-0.6744186046511628,-0.20155038759689922,-0.6124031007751938,0.031007751937984496,-0.7829457364341085,-0.08527131782945736,-0.9922480620155039,-0.07751937984496124,-0.6666666666666666,0.0,-0.5968992248062015,0.2713178294573643,-0.7364341085271318,0.13178294573643412,-0.8914728682170543,0.09302325581395349,-0.6589147286821705,0.15503875968992248,-0.5736434108527132
3,0.0,0.0,0.22935779816513763,-0.07339449541284404,0.5137614678899083,-0.3302752293577982,0.5412844036697247,-0.6513761467889908,0.3577981651376147,-0.8715596330275229,0.5963302752293578,-0.8807339449541285,0.6238532110091743,-0.963302752293578,0.5963302752293578,-0.8990825688073395,0.5688073394495413,-0.908256880733945,0.30275229357798167,-0.9908256880733946,0.3119266055045872,-0.9908256880733946,0.25688073394495414,-0.6055045871559633,0.27522935779816515,-0.6422018348623854,0.027522935779816515,-1.0,0.0,-0.9724770642201835,0.0,-0.6146788990825688,0.009174311926605505,-0.6146788990825688,-0.26605504587155965,-0.963302752293578,-0.27522935779816515,-0.926605504587156,-0.23853211009174313,-0.6788990825688074,-0.2018348623853211,-0.6605504587155964,0.0,0.0,-0.34108527131782945,-0.08527131782945736,-0.6201550387596899,-0.3798449612403101,-0.5426356589147286,-0.6434108527131783,-0.2868217054263566,-0.7054263565891473,-0.4186046511627907,-0.7596899224806202,-0.5581395348837209,-0.9767441860465116,-0.5038759689922481,-0.6821705426356589,-0.4186046511627907,-0.5813953488372093,-0.18604651162790697,-0.7906976744186046,-0.3178294573643411,-1.0,-0.2868217054263566,-0.6666666666666666,-0.1937984496124031,-0.6046511627906976,0.031007751937984496,-0.7829457364341085,-0.09302325581395349,-0.9844961240310077,-0.07751937984496124,-0.6666666666666666,0.007751937984496124,-0.5968992248062015,0.2713178294573643,-0.7364341085271318,0.13178294573643412,-0.8914728682170543,0.09302325581395349,-0.6511627906976745,0.15503875968992248,-0.5658914728682171
3,0.0,0.0,0.22522522522522523,-0.06306306306306306,0.5045045045045045,-0.3153153153153153,0.5315315315315315,-0.6396396396396397,0.35135135135135137,-0.8558558558558559,0.5855855855855856,-0.8558558558558559,0.6126126126126126,-0.954954954954955,0.5945945945945946,-0.8828828828828829,0.5945945945945946,-0.8648648648648649,0.2972972972972973,-0.9459459459459459,0.3153153153153153,-1.0,0.26126126126126126,-0.6126126126126126,0.27927927927927926,-0.6486486486486487,0.036036036036036036,-0.963963963963964,0.009009009009009009,-0.972972972972973,0.0,-0.6126126126126126,0.018018018018018018,-0.6126126126126126,-0.25225225225225223,-0.9279279279279279,-0.2702702702702703,-0.918918918918919,-0.23423423423423423,-0.6846846846846847,-0.1891891891891892,-0.6666666666666666,0.0,0.0,-0.3488372093023256,-0.08527131782945736,-0.6356589147286822,-0.3798449612403101,-0.5503875968992248,-0.6356589147286822,-0.2868217054263566,-0.6976744186046512,-0.43410852713178294,-0.7674418604651163,-0.5658914728682171,-0.9689922480620154,-0.5193798449612403,-0.6744186046511628,-0.43410852713178294,-0.5813953488372093,-0.20155038759689922,-0.7984496124031008,-0.3333333333333333,-1.0,-0.29457364341085274,-0.6666666666666666,-0.20930232558139536,-0.6046511627906976,0.015503875968992248,-0.7906976744186046,-0.10077519379844961,-0.9844961240310077,-0.08527131782945736,-0.6589147286821705,-0.007751937984496124,-0.5891472868217055,0.26356589147286824,-0.7441860465116279,0.12403100775193798,-0.8914728682170543,0.09302325581395349,-0.6511627906976745,0.14728682170542637,-0.5736434108527132
3,0.0,0.0,0.3211009174311927,-0.1651376146788991,0.5779816513761468,-0.4036697247706422,0.7247706422018348,-0.6422018348623854,0.6146788990825688,-0.8440366972477065,0.3119266055045872,-0.9724770642201835,0.6146788990825688,-0.963302752293578,0.5596330275229358,-0.6605504587155964,0.43119266055045874,-0.5871559633027523,0.13761467889908258,-1.0,0.48623853211009177,-0.9357798165137615,0.42201834862385323,-0.5963302752293578,0.28440366972477066,-0.5596330275229358,-0.03669724770642202,-0.963302752293578,0.3302752293577982,-0.8899082568807339,0.27522935779816515,-0.5596330275229358,0.13761467889908258,-0.5045871559633027,-0.21100917431192662,-0.8807339449541285,0.13761467889908258,-0.8256880733944955,0.12844036697247707,-0.5871559633027523,0.0,-0.5137614678899083,0.0,0.0,-0.4051724137931034,-0.25,-0.6379310344827587,-0.5,-0.7068965517241379,-0.7413793103448276,-0.5431034482758621,-0.7844827586206896,-0.29310344827586204,-0.9137931034482759,-0.5689655172413793,-0.9827586206896551,-0.5172413793103449,-0.7068965517241379,-0.39655172413793105,-0.6379310344827587,-0.15517241379310345,-0.9482758620689655,-0.47413793103448276,-1.0,-0.39655172413793105,-0.6896551724137931,-0.25862068965517243,-0.6551724137931034,0.0,-0.9655172413793104,-0.3448275862068966,-0.9741379310344828,-0.27586206896551724,-0.6551724137931034,-0.1206896551724138,-0.6206896551724138,0.14655172413793102,-0.9224137931034483,-0.1896551724137931,-0.9310344827586207,-0.16379310344827586,-0.6982758620689655,-0.017241379310344827,-0.6379310344827587
3,0.0,0.0,0.29245283018867924,-0.1320754716981132,0.5754716981132075,-0.36792452830188677,0.7264150943396226,-0.6226415094339622,0.6132075471698113,-0.8301886792452831,0.32075471698113206,-0.9528301886792453,0.5943396226415094,-0.9905660377358491,0.6320754716981132,-0.7547169811320755,0.5566037735849056,-0.6509433962264151,0.14150943396226415,-1.0,0.46226415094339623,-0.9622641509433962,0.42452830188679247,-0.6037735849056604,0.29245283018867924,-0.5283018867924528,-0.04716981132075472,-0.9622641509433962,0.3113207547169811,-0.8962264150943396,0.2641509433962264,-0.5471698113207547,0.11320754716981132,-0.4811320754716981,-0.2358490566037736,-0.8773584905660378,0.10377358490566038,-0.8018867924528302,0.10377358490566038,-0.5471698113207547,-0.02830188679245283,-0.4811320754716981,0.0,0.0,-0.3761467889908257,-0.22935779816513763,-0.6238532110091743,-0.46788990825688076,-0.6880733944954128,-0.7064220183486238,-0.4954128440366973,-0.7798165137614679,-0.2018348623853211,-0.944954128440367,-0.5412844036697247,-0.9724770642201835,-0.48623853211009177,-0.6880733944954128,-0.3394495412844037,-0.6146788990825688,-0.03669724770642202,-0.9908256880733946,-0.45871559633027525,-0.981651376146789,-0.3761467889908257,-0.6513761467889908,-0.21100917431192662,-0.6238532110091743,0.11009174311926606,-1.0,-0.3302752293577982,-0.9541284403669725,-0.25688073394495414,-0.6238532110091743,-0.09174311926605505,-0.5871559633027523,0.23853211009174313,-0.9541284403669725,-0.1743119266055046,-0.8990825688073395,-0.14678899082568808,-0.6605504587155964,-0.009174311926605505,-0.5871559633027523
3,0.0,0.0,0.29906542056074764,-0.14953271028037382,0.5607476635514018,-0.38317757009345793,0.7102803738317757,-0.6448598130841121,0.5887850467289719,-0.8411214953271028,0.308411214953271,-0.9626168224299065,0.5887850467289719,-1.0,0.6355140186915887,-0.822429906542056,0.5794392523364486,-0.7476635514018691,0.12149532710280374,-1.0,0.4672897196261682,-0.9532710280373832,0.411214953271028,-0.5887850467289719,0.27102803738317754,-0.5607476635514018,-0.056074766355140186,-0.9719626168224299,0.308411214953271,-0.8878504672897196,0.2616822429906542,-0.5420560747663551,0.102803738317757,-0.4953271028037383,-0.24299065420560748,-0.8785046728971962,0.09345794392523364,-0.8037383177570093,0.08411214953271028,-0.5514018691588785,-0.056074766355140186,-0.4953271028037383,0.0,0.0,-0.37735849056603776,-0.18867924528301888,-0.6415094339622641,-0.44339622641509435,-0.6698113207547169,-0.6698113207547169,-0.4528301886792453,-0.7452830188679245,-0.3018867924528302,-0.9056603773584906,-0.6509433962264151,-0.9150943396226415,-0.5660377358490566,-0.6320754716981132,-0.4056603773584906,-0.5660377358490566,-0.11320754716981132,-0.9716981132075472,-0.5094339622641509,-0.9528301886792453,-0.39622641509433965,-0.6415094339622641,-0.22641509433962265,-0.6037735849056604,0.0660377358490566,-1.0,-0.3490566037735849,-0.9433962264150944,-0.25471698113207547,-0.6320754716981132,-0.08490566037735849,-0.5943396226415094,0.2358490566037736,-0.9528301886792453,-0.16037735849056603,-0.9056603773584906,-0.12264150943396226,-0.660377358490566,0.02830188679245283,-0.5943396226415094
3,0.0,0.0,0.27522935779816515,-0.14678899082568808,0.5321100917431193,-0.3761467889908257,0.6880733944954128,-0.6330275229357798,0.5596330275229358,-0.8256880733944955,0.27522935779816515,-0.963302752293578,0.5688073394495413,-0.981651376146789,0.5779816513761468,-0.7431192660550459,0.48623853211009177,-0.6605504587155964,0.09174311926605505,-1.0,0.44036697247706424,-0.926605504587156,0.3853211009174312,-0.5688073394495413,0.24770642201834864,-0.5596330275229358,-0.07339449541284404,-0.963302752293578,0.28440366972477066,-0.8623853211009175,0.23853211009174313,-0.5229357798165137,0.08256880733944955,-0.4954128440366973,-0.25688073394495414,-0.8715596330275229,0.08256880733944955,-0.7798165137614679,0.07339449541284404,-0.5321100917431193,-0.06422018348623854,-0.47706422018348627,0.0,0.0,-0.39215686274509803,-0.18627450980392157,-0.6568627450980392,-0.46078431372549017,-0.6764705882352942,-0.6764705882352942,-0.46078431372549017,-0.7745098039215687,-0.3235294117647059,-0.9019607843137255,-0.6666666666666666,-0.9313725490196079,-0.5784313725490197,-0.6372549019607843,-0.43137254901960786,-0.5588235294117647,-0.12745098039215685,-0.9705882352941176,-0.5098039215686274,-0.9901960784313726,-0.4019607843137255,-0.6470588235294118,-0.24509803921568626,-0.6078431372549019,0.058823529411764705,-1.0,-0.3431372549019608,-0.9901960784313726,-0.24509803921568626,-0.6470588235294118,-0.0784313725490196,-0.6078431372549019,0.2549019607843137,-0.9705882352941176,-0.14705882352941177,-0.9411764705882353,-0.10784313725490197,-0.6764705882352942,0.029411764705882353,-0.6078431372549019
3,0.0,0.0,0.2909090909090909,-0.14545454545454545,0.5545454545454546,-0.37272727272727274,0.7090909090909091,-0.6272727272727273,0.5909090909090909,-0.8181818181818182,0.2909090909090909,-0.9636363636363636,0.5909090909090909,-0.9727272727272728,0.5818181818181818,-0.7181818181818181,0.4818181818181818,-0.6181818181818182,0.11818181818181818,-1.0,0.45454545454545453,-0.9454545454545454,0.4,-0.5909090909090909,0.2545454545454545,-0.5454545454545454,-0.05454545454545454,-0.9727272727272728,0.3,-0.8727272727272727,0.24545454545454545,-0.5454545454545454,0.09090909090909091,-0.4909090909090909,-0.23636363636363636,-0.8909090909090909,0.1,-0.8,0.09090909090909091,-0.5636363636363636,-0.03636363636363636,-0.5,0.0,0.0,-0.3904761904761905,-0.17142857142857143,-0.6476190476190476,-0.4380952380952381,-0.7142857142857143,-0.6761904761904762,-0.5047619047619047,-0.7428571428571429,-0.26666666666666666,-0.9428571428571428,-0.6095238095238096,-0.9523809523809523,-0.5428571428571428,-0.6571428571428571,-0.3904761904761905,-0.6190476190476191,-0.08571428571428572,-0.9904761904761905,-0.49523809523809526,-0.9523809523809523,-0.4095238095238095,-0.6190476190476191,-0.22857142857142856,-0.6095238095238096,0.06666666666666667,-1.0,-0.3523809523809524,-0.9428571428571428,-0.26666666666666666,-0.6,-0.08571428571428572,-0.5904761904761905,0.21904761904761905,-0.9428571428571428,-0.19047619047619047,-0.8857142857142857,-0.1523809523809524,-0.6285714285714286,0.009523809523809525,-0.580952380952381
3,0.0,0.0,0.30275229357798167,-0.14678899082568808,0.5688073394495413,-0.3761467889908257,0.7155963302752294,-0.6422018348623854,0.5779816513761468,-0.8440366972477065,0.29357798165137616,-0.963302752293578,0.6146788990825688,-0.963302752293578,0.5596330275229358,-0.6605504587155964,0.41284403669724773,-0.5779816513761468,0.11926605504587157,-1.0,0.47706422018348627,-0.944954128440367,0.41284403669724773,-0.5871559633027523,0.26605504587155965,-0.5596330275229358,-0.045871559633027525,-0.9724770642201835,0.3302752293577982,-0.8899082568807339,0.26605504587155965,-0.5412844036697247,0.11009174311926606,-0.4954128440366973,-0.22018348623853212,-0.8899082568807339,0.13761467889908258,-0.7889908256880734,0.11926605504587157,-0.5504587155963303,-0.01834862385321101,-0.4954128440366973,0.0,0.0,-0.4368932038834951,-0.18446601941747573,-0.6990291262135923,-0.4563106796116505,-0.7378640776699029,-0.6796116504854369,-0.5339805825242718,-0.7475728155339806,-0.30097087378640774,-0.941747572815534,-0.6699029126213593,-0.970873786407767,-0.6019417475728155,-0.6601941747572816,-0.4563106796116505,-0.5922330097087378,-0.11650485436893204,-0.9902912621359223,-0.5145631067961165,-0.9902912621359223,-0.42718446601941745,-0.6407766990291263,-0.2524271844660194,-0.6116504854368932,0.04854368932038835,-1.0,-0.3592233009708738,-0.970873786407767,-0.2815533980582524,-0.6213592233009708,-0.0970873786407767,-0.5922330097087378,0.21359223300970873,-0.9611650485436893,-0.17475728155339806,-0.9320388349514563,-0.14563106796116504,-0.6601941747572816,0.009708737864077669,-0.6019417475728155
3,0.0,0.0,0.30275229357798167,-0.14678899082568808,0.5688073394495413,-0.3761467889908257,0.7247706422018348,-0.6330275229357798,0.5871559633027523,-0.8348623853211009,0.3119266055045872,-0.9541284403669725,0.6330275229357798,-0.963302752293578,0.5779816513761468,-0.6605504587155964,0.44036697247706424,-0.5779816513761468,0.13761467889908258,-1.0,0.48623853211009177,-0.9541284403669725,0.42201834862385323,-0.5871559633027523,0.27522935779816515,-0.5596330275229358,-0.03669724770642202,-0.9724770642201835,0.3302752293577982,-0.8899082568807339,0.27522935779816515,-0.5412844036697247,0.11926605504587157,-0.4954128440366973,-0.21100917431192662,-0.8807339449541285,0.12844036697247707,-0.7889908256880734,0.11926605504587157,-0.5412844036697247,-0.01834862385321101,-0.48623853211009177,0.0,0.0,-0.40186915887850466,-0.19626168224299065,-0.6448598130841121,-0.4672897196261682,-0.7009345794392523,-0.6822429906542056,-0.5046728971962616,-0.7383177570093458,-0.21495327102803738,-0.9626168224299065,-0.5887850467289719,-0.9626168224299065,-0.5233644859813084,-0.6635514018691588,-0.37383177570093457,-0.6261682242990654,-0.056074766355140186,-1.0,-0.4672897196261682,-0.9719626168224299,-0.3925233644859813,-0.6355140186915887,-0.22429906542056074,-0.6261682242990654,0.08411214953271028,-1.0,-0.32710280373831774,-0.9532710280373832,-0.2616822429906542,-0.616822429906542,-0.08411214953271028,-0.5981308411214953,0.21495327102803738,-0.9345794392523364,-0.16822429906542055,-0.897196261682243,-0.14018691588785046,-0.6448598130841121,0.009345794392523364,-0.5981308411214953
3,0.0,0.0,0.3090909090909091,-0.13636363636363635,0.5454545454545454,-0.36363636363636365,0.7,-0.6272727272727273,0.5909090909090909,-0.8272727272727273,0.2636363636363636,-0.9636363636363636,0.5818181818181818,-0.9454545454545454,0.5363636363636364,-0.6454545454545455,0.4,-0.5727272727272728,0.10909090909090909,-1.0,0.4636363636363636,-0.9272727272727272,0.4,-0.5636363636363636,0.2545454545454545,-0.5454545454545454,-0.05454545454545454,-0.9636363636363636,0.32727272727272727,-0.8636363636363636,0.2727272727272727,-0.5181818181818182,0.10909090909090909,-0.4909090909090909,-0.2,-0.8636363636363636,0.14545454545454545,-0.7545454545454545,0.11818181818181818,-0.5181818181818182,-0.02727272727272727,-0.4727272727272727,0.0,0.0,-0.4056603773584906,-0.1792452830188679,-0.660377358490566,-0.4528301886792453,-0.7075471698113207,-0.6698113207547169,-0.5094339622641509,-0.7264150943396226,-0.25471698113207547,-0.9622641509433962,-0.6037735849056604,-0.9716981132075472,-0.5377358490566038,-0.6698113207547169,-0.3867924528301887,-0.6320754716981132,-0.08490566037735849,-0.9905660377358491,-0.46226415094339623,-0.9622641509433962,-0.39622641509433965,-0.6415094339622641,-0.2169811320754717,-0.6320754716981132,0.0660377358490566,-1.0,-0.32075471698113206,-0.9528301886792453,-0.2641509433962264,-0.6226415094339622,-0.08490566037735849,-0.6037735849056604,0.2169811320754717,-0.9433962264150944,-0.1509433962264151,-0.9056603773584906,-0.12264150943396226,-0.660377358490566,0.02830188679245283,-0.6132075471698113
3,0.0,0.0,0.29906542056074764,-0.1308411214953271,0.5607476635514018,-0.3644859813084112,0.7102803738317757,-0.6261682242990654,0.5700934579439252,-0.822429906542056,0.2897196261682243,-0.9532710280373832,0.5794392523364486,-0.9719626168224299,0.5607476635514018,-0.6915887850467289,0.4485981308411215,-0.5794392523364486,0.12149532710280374,-1.0,0.4672897196261682,-0.9439252336448598,0.411214953271028,-0.5887850467289719,0.2523364485981308,-0.5420560747663551,-0.037383177570093455,-0.9719626168224299,0.32710280373831774,-0.8691588785046729,0.27102803738317754,-0.5233644859813084,0.11214953271028037,-0.4672897196261682,-0.205607476635514,-0.8691588785046729,0.14018691588785046,-0.7383177570093458,0.12149532710280374,-0.4953271028037383,-0.018691588785046728,-0.4485981308411215,0.0,0.0,-0.38317757009345793,-0.18691588785046728,-0.6261682242990654,-0.45794392523364486,-0.7009345794392523,-0.6728971962616822,-0.5046728971962616,-0.7289719626168224,-0.2336448598130841,-0.9626168224299065,-0.5887850467289719,-0.9626168224299065,-0.514018691588785,-0.6728971962616822,-0.3644859813084112,-0.6355140186915887,-0.06542056074766354,-1.0,-0.4672897196261682,-0.9626168224299065,-0.3925233644859813,-0.6355140186915887,-0.22429906542056074,-0.6261682242990654,0.07476635514018691,-1.0,-0.3364485981308411,-0.9532710280373832,-0.27102803738317754,-0.616822429906542,-0.102803738317757,-0.6074766355140186,0.205607476635514,-0.9439252336448598,-0.16822429906542055,-0.897196261682243,-0.14953271028037382,-0.6542056074766355,-0.009345794392523364,-0.5981308411214953
3,0.0,0.0,0.2962962962962963,-0.1388888888888889,0.5462962962962963,-0.3888888888888889,0.7037037037037037,-0.6481481481481481,0.5740740740740741,-0.8333333333333334,0.25925925925925924,-0.9629629629629629,0.5555555555555556,-0.9814814814814815,0.5648148148148148,-0.7222222222222222,0.46296296296296297,-0.6296296296296297,0.09259259259259259,-1.0,0.4537037037037037,-0.9444444444444444,0.4074074074074074,-0.5925925925925926,0.25,-0.5555555555555556,-0.06481481481481481,-0.9722222222222222,0.3148148148148148,-0.8611111111111112,0.25925925925925924,-0.5277777777777778,0.09259259259259259,-0.49074074074074076,-0.2222222222222222,-0.8703703703703703,0.12962962962962962,-0.7592592592592593,0.1111111111111111,-0.5185185185185185,-0.037037037037037035,-0.4722222222222222,0.0,0.0,-0.39622641509433965,-0.1792452830188679,-0.6320754716981132,-0.44339622641509435,-0.7075471698113207,-0.660377358490566,-0.5283018867924528,-0.7075471698113207,-0.20754716981132076,-0.9622641509433962,-0.5849056603773585,-0.9433962264150944,-0.5188679245283019,-0.6509433962264151,-0.36792452830188677,-0.6132075471698113,-0.05660377358490566,-1.0,-0.46226415094339623,-0.9433962264150944,-0.37735849056603776,-0.6226415094339622,-0.2169811320754717,-0.6132075471698113,0.07547169811320754,-1.0,-0.330188679245283,-0.9150943396226415,-0.2641509433962264,-0.5943396226415094,-0.09433962264150944,-0.5849056603773585,0.19811320754716982,-0.9339622641509434,-0.16037735849056603,-0.8867924528301887,-0.1320754716981132,-0.6509433962264151,0.009433962264150943,-0.6132075471698113
3,0.0,0.0,0.28703703703703703,-0.14814814814814814,0.5370370370370371,-0.37962962962962965,0.6851851851851852,-0.6388888888888888,0.5648148148148148,-0.8333333333333334,0.25,-0.9629629629629629,0.5462962962962963,-1.0,0.5648148148148148,-0.7870370370370371,0.49074074074074076,-0.6666666666666666,0.08333333333333333,-1.0,0.4351851851851852,-0.9629629629629629,0.3888888888888889,-0.6018518518518519,0.24074074074074073,-0.5462962962962963,-0.08333333333333333,-0.9722222222222222,0.3055555555555556,-0.8703703703703703,0.25,-0.5370370370370371,0.09259259259259259,-0.48148148148148145,-0.24074074074074073,-0.8796296296296297,0.1111111111111111,-0.7592592592592593,0.09259259259259259,-0.5277777777777778,-0.037037037037037035,-0.4722222222222222,0.0,0.0,-0.4230769230769231,-0.17307692307692307,-0.6730769230769231,-0.4423076923076923,-0.75,-0.6634615384615384,-0.5576923076923077,-0.7019230769230769,-0.25,-0.9519230769230769,-0.625,-0.9423076923076923,-0.5673076923076923,-0.6442307692307693,-0.41346153846153844,-0.6057692307692307,-0.08653846153846154,-1.0,-0.5192307692307693,-0.9423076923076923,-0.4326923076923077,-0.6153846153846154,-0.2692307692307692,-0.6057692307692307,0.04807692307692308,-1.0,-0.38461538461538464,-0.9134615384615384,-0.3173076923076923,-0.5769230769230769,-0.14423076923076922,-0.5673076923076923,0.16346153846153846,-0.9519230769230769,-0.23076923076923078,-0.8653846153846154,-0.20192307692307693,-0.6153846153846154,-0.04807692307692308,-0.5865384615384616
3,0.0,0.0,0.4434782608695652,-0.2,0.6434782608695652,-0.43478260869565216,0.7739130434782608,-0.6260869565217392,0.7304347826086957,-0.7913043478260869,0.21739130434782608,-0.9391304347826087,0.6173913043478261,-0.9217391304347826,0.6086956521739131,-0.6782608695652174,0.4782608695652174,-0.5565217391304348,0.11304347826086956,-1.0,0.5826086956521739,-0.9130434782608695,0.5826086956521739,-0.6608695652173913,0.45217391304347826,-0.5826086956521739,0.05217391304347826,-0.991304347826087,0.5304347826086957,-0.8695652173913043,0.5043478260869565,-0.6347826086956522,0.3565217391304348,-0.5739130434782609,0.02608695652173913,-0.9304347826086956,0.43478260869565216,-0.8173913043478261,0.4260869565217391,-0.6260869565217392,0.2956521739130435,-0.5739130434782609,0.0,0.0,-0.40540540540540543,-0.21621621621621623,-0.4954954954954955,-0.4774774774774775,-0.5315315315315315,-0.6576576576576577,-0.5495495495495496,-0.8108108108108109,-0.018018018018018018,-0.9369369369369369,-0.4144144144144144,-0.963963963963964,-0.42342342342342343,-0.7297297297297297,-0.2882882882882883,-0.5585585585585585,0.05405405405405406,-0.9819819819819819,-0.42342342342342343,-1.0,-0.45045045045045046,-0.7207207207207207,-0.3063063063063063,-0.5585585585585585,0.0990990990990991,-0.990990990990991,-0.40540540540540543,-1.0,-0.42342342342342343,-0.7027027027027027,-0.2702702702702703,-0.5765765765765766,0.13513513513513514,-0.954954954954955,-0.2972972972972973,-0.9279279279279279,-0.3333333333333333,-0.6846846846846847,-0.2072072072072072,-0.5765765765765766
3,0.0,0.0,0.4107142857142857,-0.19642857142857142,0.5982142857142857,-0.44642857142857145,0.6964285714285714,-0.6428571428571429,0.6607142857142857,-0.8214285714285714,0.16071428571428573,-0.9375,0.5357142857142857,-0.9464285714285714,0.6428571428571429,-0.7410714285714286,0.6071428571428571,-0.625,0.0625,-1.0,0.5178571428571429,-0.9196428571428571,0.5446428571428571,-0.6607142857142857,0.41964285714285715,-0.5803571428571429,0.0,-0.9910714285714286,0.4732142857142857,-0.8839285714285714,0.45535714285714285,-0.625,0.29464285714285715,-0.5625,-0.026785714285714284,-0.9375,0.38392857142857145,-0.8214285714285714,0.38392857142857145,-0.625,0.25,-0.5714285714285714,0.0,0.0,-0.3898305084745763,-0.2288135593220339,-0.5254237288135594,-0.5084745762711864,-0.6186440677966102,-0.6864406779661016,-0.7033898305084746,-0.8728813559322034,-0.05084745762711865,-0.9661016949152542,-0.4661016949152542,-0.9576271186440678,-0.4322033898305085,-0.6949152542372882,-0.2796610169491525,-0.576271186440678,0.01694915254237288,-1.0,-0.4745762711864407,-0.9661016949152542,-0.4406779661016949,-0.6610169491525424,-0.2796610169491525,-0.5423728813559322,0.059322033898305086,-0.9915254237288136,-0.4491525423728814,-0.9576271186440678,-0.4067796610169492,-0.6440677966101694,-0.2457627118644068,-0.5508474576271186,0.07627118644067797,-0.940677966101695,-0.3644067796610169,-0.8728813559322034,-0.3389830508474576,-0.635593220338983,-0.19491525423728814,-0.559322033898305
3,0.0,0.0,0.4090909090909091,-0.20909090909090908,0.6181818181818182,-0.44545454545454544,0.7181818181818181,-0.6363636363636364,0.6727272727272727,-0.8181818181818182,0.21818181818181817,-0.9272727272727272,0.6,-0.9545454545454546,0.7363636363636363,-0.7545454545454545,0.7454545454545455,-0.6181818181818182,0.10909090909090909,-0.990909090909091,0.5818181818181818,-0.9545454545454546,0.6727272727272727,-0.7181818181818181,0.6454545454545455,-0.6181818181818182,0.03636363636363636,-1.0,0.5363636363636364,-0.8818181818181818,0.5,-0.6090909090909091,0.33636363636363636,-0.5181818181818182,-0.01818181818181818,-0.9545454545454546,0.4090909090909091,-0.8272727272727273,0.4,-0.6181818181818182,0.2636363636363636,-0.5545454545454546,0.0,0.0,-0.4049586776859504,-0.2727272727272727,-0.512396694214876,-0.5206611570247934,-0.5950413223140496,-0.6776859504132231,-0.6528925619834711,-0.8677685950413223,-0.008264462809917356,-0.9752066115702479,-0.45454545454545453,-0.9586776859504132,-0.4380165289256198,-0.6859504132231405,-0.2892561983471074,-0.5537190082644629,0.05785123966942149,-1.0,-0.4793388429752066,-0.9421487603305785,-0.4628099173553719,-0.6363636363636364,-0.2892561983471074,-0.512396694214876,0.09090909090909091,-1.0,-0.4462809917355372,-0.9421487603305785,-0.4214876033057851,-0.628099173553719,-0.24793388429752067,-0.5289256198347108,0.10743801652892562,-0.9586776859504132,-0.34710743801652894,-0.8760330578512396,-0.34710743801652894,-0.628099173553719,-0.19834710743801653,-0.5454545454545454
3,0.0,0.0,0.41284403669724773,-0.1926605504587156,0.6330275229357798,-0.44036697247706424,0.7339449541284404,-0.6330275229357798,0.7247706422018348,-0.8256880733944955,0.29357798165137616,-0.9174311926605505,0.6146788990825688,-0.9541284403669725,0.7889908256880734,-0.7889908256880734,0.8440366972477065,-0.6422018348623854,0.1926605504587156,-0.9908256880733946,0.6055045871559633,-0.9541284403669725,0.7431192660550459,-0.7431192660550459,0.7431192660550459,-0.6330275229357798,0.09174311926605505,-1.0,0.5504587155963303,-0.8899082568807339,0.5321100917431193,-0.6238532110091743,0.3761467889908257,-0.5229357798165137,0.0,-0.9541284403669725,0.41284403669724773,-0.8532110091743119,0.41284403669724773,-0.6513761467889908,0.28440366972477066,-0.5688073394495413,0.0,0.0,-0.39669421487603307,-0.2727272727272727,-0.512396694214876,-0.5371900826446281,-0.6033057851239669,-0.71900826446281,-0.6694214876033058,-0.9256198347107438,-0.024793388429752067,-0.9752066115702479,-0.4628099173553719,-0.9752066115702479,-0.4462809917355372,-0.7107438016528925,-0.2975206611570248,-0.5785123966942148,0.049586776859504134,-0.9917355371900827,-0.4793388429752066,-0.9669421487603306,-0.45454545454545453,-0.6611570247933884,-0.2809917355371901,-0.5371900826446281,0.09090909090909091,-1.0,-0.4462809917355372,-0.9586776859504132,-0.4132231404958678,-0.6528925619834711,-0.2396694214876033,-0.5537190082644629,0.10743801652892562,-0.9834710743801653,-0.34710743801652894,-0.9008264462809917,-0.34710743801652894,-0.6528925619834711,-0.19834710743801653,-0.5702479338842975
3,0.0,0.0,0.41818181818181815,-0.18181818181818182,0.6181818181818182,-0.45454545454545453,0.7181818181818181,-0.6454545454545455,0.7272727272727273,-0.8454545454545455,0.2545454545454545,-0.9363636363636364,0.5818181818181818,-0.9454545454545454,0.6818181818181818,-0.7363636363636363,0.6454545454545455,-0.6,0.14545454545454545,-0.990909090909091,0.5727272727272728,-0.9363636363636364,0.6363636363636364,-0.6727272727272727,0.5545454545454546,-0.5727272727272728,0.05454545454545454,-1.0,0.5272727272727272,-0.8909090909090909,0.509090909090909,-0.6090909090909091,0.33636363636363636,-0.5363636363636364,-0.01818181818181818,-0.9545454545454546,0.4090909090909091,-0.8454545454545455,0.4090909090909091,-0.6363636363636364,0.2727272727272727,-0.5727272727272728,0.0,0.0,-0.3902439024390244,-0.2682926829268293,-0.5040650406504065,-0.5203252032520326,-0.5934959349593496,-0.6829268292682927,-0.6341463414634146,-0.8699186991869918,-0.008130081300813009,-0.967479674796748,-0.4715447154471545,-0.967479674796748,-0.44715447154471544,-0.7073170731707317,-0.3089430894308943,-0.5853658536585366,0.04878048780487805,-0.991869918699187,-0.5040650406504065,-0.9512195121951219,-0.4634146341463415,-0.6585365853658537,-0.2926829268292683,-0.5447154471544715,0.07317073170731707,-1.0,-0.4796747967479675,-0.9512195121951219,-0.43902439024390244,-0.6504065040650406,-0.2682926829268293,-0.5609756097560976,0.056910569105691054,-0.983739837398374,-0.3983739837398374,-0.8780487804878049,-0.3821138211382114,-0.6422764227642277,-0.23577235772357724,-0.5691056910569106
3,0.0,0.0,0.42592592592592593,-0.18518518518518517,0.6388888888888888,-0.4537037037037037,0.7407407407407407,-0.6388888888888888,0.7685185185185185,-0.8333333333333334,0.26851851851851855,-0.9351851851851852,0.6111111111111112,-0.9629629629629629,0.7222222222222222,-0.7592592592592593,0.6851851851851852,-0.6111111111111112,0.16666666666666666,-0.9907407407407407,0.5925925925925926,-0.9537037037037037,0.6759259259259259,-0.7037037037037037,0.6018518518518519,-0.6018518518518519,0.07407407407407407,-1.0,0.5462962962962963,-0.9074074074074074,0.5277777777777778,-0.6296296296296297,0.3611111111111111,-0.5370370370370371,0.0,-0.9537037037037037,0.4166666666666667,-0.8518518518518519,0.42592592592592593,-0.6388888888888888,0.28703703703703703,-0.5648148148148148,0.0,0.0,-0.39669421487603307,-0.2727272727272727,-0.5041322314049587,-0.5371900826446281,-0.5950413223140496,-0.6942148760330579,-0.6611570247933884,-0.8925619834710744,-0.01652892561983471,-0.9752066115702479,-0.47107438016528924,-0.9917355371900827,-0.45454545454545453,-0.71900826446281,-0.3140495867768595,-0.5867768595041323,0.049586776859504134,-0.9917355371900827,-0.512396694214876,-0.9752066115702479,-0.4793388429752066,-0.6694214876033058,-0.30578512396694213,-0.5454545454545454,0.06611570247933884,-1.0,-0.49586776859504134,-0.9669421487603306,-0.4628099173553719,-0.6446280991735537,-0.2809917355371901,-0.5619834710743802,0.049586776859504134,-0.9917355371900827,-0.4297520661157025,-0.9090909090909091,-0.4049586776859504,-0.6528925619834711,-0.24793388429752067,-0.5867768595041323
3,0.0,0.0,0.41818181818181815,-0.2,0.6272727272727273,-0.4636363636363636,0.7272727272727273,-0.6545454545454545,0.7363636363636363,-0.8454545454545455,0.2727272727272727,-0.9181818181818182,0.6,-0.9454545454545454,0.7727272727272727,-0.7727272727272727,0.8181818181818182,-0.6363636363636364,0.16363636363636364,-0.9818181818181818,0.6090909090909091,-0.9454545454545454,0.7454545454545455,-0.7181818181818181,0.7272727272727273,-0.6181818181818182,0.08181818181818182,-1.0,0.5545454545454546,-0.8909090909090909,0.5272727272727272,-0.6090909090909091,0.36363636363636365,-0.5272727272727272,0.0,-0.9636363636363636,0.41818181818181815,-0.8545454545454545,0.4090909090909091,-0.6454545454545455,0.2636363636363636,-0.5727272727272728,0.0,0.0,-0.35537190082644626,-0.2727272727272727,-0.4380165289256198,-0.5289256198347108,-0.48760330578512395,-0.6859504132231405,-0.5289256198347108,-0.8760330578512396,0.049586776859504134,-0.9834710743801653,-0.45454545454545453,-0.9834710743801653,-0.4380165289256198,-0.71900826446281,-0.2892561983471074,-0.5867768595041323,0.10743801652892562,-1.0,-0.5041322314049587,-0.9752066115702479,-0.4628099173553719,-0.6694214876033058,-0.2975206611570248,-0.5454545454545454,0.10743801652892562,-0.9917355371900827,-0.48760330578512395,-0.9669421487603306,-0.45454545454545453,-0.6528925619834711,-0.2727272727272727,-0.5537190082644629,0.06611570247933884,-0.9669421487603306,-0.4049586776859504,-0.8760330578512396,-0.3884297520661157,-0.628099173553719,-0.23140495867768596,-0.5537190082644629
3,0.0,0.0,0.4166666666666667,-0.18518518518518517,0.6388888888888888,-0.46296296296296297,0.7314814814814815,-0.6481481481481481,0.7592592592592593,-0.8425925925925926,0.2962962962962963,-0.9074074074074074,0.6296296296296297,-0.9629629629629629,0.8333333333333334,-0.7962962962962963,0.9166666666666666,-0.6574074074074074,0.18518518518518517,-0.9814814814814815,0.6481481481481481,-0.9537037037037037,0.8240740740740741,-0.75,0.8518518518518519,-0.6481481481481481,0.08333333333333333,-1.0,0.5648148148148148,-0.8796296296296297,0.5277777777777778,-0.5925925925925926,0.3611111111111111,-0.5,-0.009259259259259259,-0.9629629629629629,0.39814814814814814,-0.8425925925925926,0.3888888888888889,-0.6296296296296297,0.25,-0.5648148148148148,0.0,0.0,-0.35833333333333334,-0.25,-0.45,-0.5,-0.48333333333333334,-0.6583333333333333,-0.5166666666666667,-0.8333333333333334,0.025,-0.9666666666666667,-0.44166666666666665,-0.9666666666666667,-0.44166666666666665,-0.7166666666666667,-0.3,-0.5833333333333334,0.08333333333333333,-1.0,-0.475,-0.9583333333333334,-0.4583333333333333,-0.675,-0.2916666666666667,-0.55,0.10833333333333334,-1.0,-0.45,-0.95,-0.4166666666666667,-0.65,-0.25833333333333336,-0.5583333333333333,0.09166666666666666,-0.9666666666666667,-0.35833333333333334,-0.875,-0.3416666666666667,-0.6416666666666667,-0.19166666666666668,-0.5583333333333333
3,0.0,0.0,0.415929203539823,-0.20353982300884957,0.6017699115044248,-0.4690265486725664,0.6814159292035398,-0.672566371681416,0.6902654867256637,-0.8672566371681416,0.20353982300884957,-0.9292035398230089,0.5663716814159292,-0.9026548672566371,0.6460176991150443,-0.672566371681416,0.6017699115044248,-0.5663716814159292,0.09734513274336283,-0.9911504424778761,0.5486725663716814,-0.911504424778761,0.5663716814159292,-0.6194690265486725,0.45132743362831856,-0.5398230088495575,0.035398230088495575,-1.0,0.504424778761062,-0.8849557522123894,0.4690265486725664,-0.6017699115044248,0.3008849557522124,-0.5398230088495575,-0.017699115044247787,-0.9646017699115044,0.39823008849557523,-0.831858407079646,0.3893805309734513,-0.6194690265486725,0.24778761061946902,-0.5663716814159292,0.0,0.0,-0.36666666666666664,-0.25833333333333336,-0.44166666666666665,-0.5166666666666667,-0.4666666666666667,-0.6833333333333333,-0.5,-0.8666666666666667,0.05,-0.9666666666666667,-0.43333333333333335,-0.9666666666666667,-0.45,-0.7083333333333334,-0.325,-0.55,0.1,-1.0,-0.49166666666666664,-0.9583333333333334,-0.475,-0.6583333333333333,-0.31666666666666665,-0.5166666666666667,0.1,-1.0,-0.475,-0.9416666666666667,-0.45,-0.6416666666666667,-0.2833333333333333,-0.5333333333333333,0.06666666666666667,-0.9666666666666667,-0.4,-0.8583333333333333,-0.38333333333333336,-0.6083333333333333,-0.24166666666666667,-0.5333333333333333
3,0.0,0.0,0.43636363636363634,-0.20909090909090908,0.6272727272727273,-0.4636363636363636,0.7,-0.6636363636363637,0.6545454545454545,-0.8545454545454545,0.15454545454545454,-0.9454545454545454,0.5636363636363636,-0.9,0.5545454545454546,-0.6363636363636364,0.41818181818181815,-0.5454545454545454,0.05454545454545454,-1.0,0.5454545454545454,-0.9,0.5363636363636364,-0.5909090909090909,0.38181818181818183,-0.5272727272727272,0.0,-1.0,0.509090909090909,-0.8909090909090909,0.4727272727272727,-0.5909090909090909,0.2909090909090909,-0.5272727272727272,-0.01818181818181818,-0.9636363636363636,0.41818181818181815,-0.8363636363636363,0.4,-0.6090909090909091,0.24545454545454545,-0.5545454545454546,0.0,0.0,-0.2892561983471074,-0.24793388429752067,-0.33884297520661155,-0.512396694214876,-0.3305785123966942,-0.7024793388429752,-0.33884297520661155,-0.8677685950413223,0.10743801652892562,-0.9504132231404959,-0.4132231404958678,-0.9504132231404959,-0.4214876033057851,-0.7107438016528925,-0.2892561983471074,-0.5785123966942148,0.14049586776859505,-1.0,-0.49586776859504134,-0.9586776859504132,-0.4628099173553719,-0.6694214876033058,-0.2975206611570248,-0.5371900826446281,0.09090909090909091,-1.0,-0.5041322314049587,-0.9504132231404959,-0.47107438016528924,-0.6528925619834711,-0.3140495867768595,-0.5537190082644629,0.008264462809917356,-0.9586776859504132,-0.45454545454545453,-0.8264462809917356,-0.4297520661157025,-0.5950413223140496,-0.2727272727272727,-0.5289256198347108
3,0.0,0.0,0.4090909090909091,-0.19090909090909092,0.6272727272727273,-0.45454545454545453,0.7090909090909091,-0.6545454545454545,0.6727272727272727,-0.8545454545454545,0.2727272727272727,-0.9,0.6181818181818182,-0.9454545454545454,0.8454545454545455,-0.7909090909090909,0.9818181818181818,-0.6636363636363637,0.16363636363636364,-0.9818181818181818,0.6272727272727273,-0.9272727272727272,0.8,-0.7363636363636363,0.8454545454545455,-0.6272727272727273,0.07272727272727272,-1.0,0.5727272727272728,-0.8727272727272727,0.5181818181818182,-0.5909090909090909,0.35454545454545455,-0.4818181818181818,-0.00909090909090909,-0.9636363636363636,0.41818181818181815,-0.8363636363636363,0.4,-0.6272727272727273,0.2636363636363636,-0.5454545454545454,0.0,0.0,-0.27350427350427353,-0.2564102564102564,-0.3076923076923077,-0.5299145299145299,-0.2905982905982906,-0.7264957264957265,-0.29914529914529914,-0.8974358974358975,0.1282051282051282,-0.9487179487179487,-0.39316239316239315,-0.9658119658119658,-0.4188034188034188,-0.7264957264957265,-0.29914529914529914,-0.5811965811965812,0.17094017094017094,-1.0,-0.46153846153846156,-0.9829059829059829,-0.452991452991453,-0.6837606837606838,-0.3076923076923077,-0.5299145299145299,0.1452991452991453,-1.0,-0.47863247863247865,-0.9658119658119658,-0.46153846153846156,-0.6581196581196581,-0.3162393162393162,-0.5384615384615384,0.06837606837606838,-0.9743589743589743,-0.4188034188034188,-0.8547008547008547,-0.41025641025641024,-0.6068376068376068,-0.26495726495726496,-0.5299145299145299
3,0.0,0.0,0.3963963963963964,-0.1981981981981982,0.5945945945945946,-0.45045045045045046,0.6936936936936937,-0.6486486486486487,0.7027027027027027,-0.8468468468468469,0.2072072072072072,-0.9369369369369369,0.5855855855855856,-0.9009009009009009,0.6306306306306306,-0.6756756756756757,0.5405405405405406,-0.5765765765765766,0.0990990990990991,-0.990990990990991,0.5495495495495496,-0.8918918918918919,0.5495495495495496,-0.6216216216216216,0.3963963963963964,-0.5495495495495496,0.02702702702702703,-1.0,0.4954954954954955,-0.8828828828828829,0.45045045045045046,-0.6126126126126126,0.2702702702702703,-0.5585585585585585,-0.036036036036036036,-0.963963963963964,0.3783783783783784,-0.8468468468468469,0.36036036036036034,-0.6396396396396397,0.21621621621621623,-0.5855855855855856,0.0,0.0,-0.2184873949579832,-0.25210084033613445,-0.2689075630252101,-0.5378151260504201,-0.2689075630252101,-0.7394957983193278,-0.3025210084033613,-0.8991596638655462,0.12605042016806722,-0.957983193277311,-0.3949579831932773,-0.9663865546218487,-0.40336134453781514,-0.7142857142857143,-0.2773109243697479,-0.5798319327731093,0.15126050420168066,-1.0,-0.47058823529411764,-0.9747899159663865,-0.453781512605042,-0.680672268907563,-0.3025210084033613,-0.5378151260504201,0.10084033613445378,-1.0,-0.48739495798319327,-0.957983193277311,-0.46218487394957986,-0.6470588235294118,-0.31092436974789917,-0.5378151260504201,0.025210084033613446,-0.9663865546218487,-0.4369747899159664,-0.8403361344537815,-0.42016806722689076,-0.5882352941176471,-0.2689075630252101,-0.5210084033613446
3,0.0,0.0,0.0,0.0,0.0,0.0,0.0,0.0,0.0,0.0,0.0,0.0,0.0,0.0,0.0,0.0,0.0,0.0,0.0,0.0,0.0,0.0,0.0,0.0,0.0,0.0,0.0,0.0,0.0,0.0,0.0,0.0,0.0,0.0,0.0,0.0,0.0,0.0,0.0,0.0,0.0,0.0,0.0,0.0,0.28448275862068967,-0.3017241379310345,0.29310344827586204,-0.5862068965517241,0.15517241379310345,-0.7586206896551724,-0.034482758620689655,-0.8362068965517241,0.3793103448275862,-0.9051724137931034,0.15517241379310345,-0.896551724137931,0.09482758620689655,-0.7155172413793104,0.1206896551724138,-0.5517241379310345,0.13793103448275862,-1.0,-0.06896551724137931,-0.896551724137931,-0.12931034482758622,-0.7155172413793104,-0.07758620689655173,-0.5775862068965517,-0.13793103448275862,-0.9655172413793104,-0.3706896551724138,-0.8103448275862069,-0.3793103448275862,-0.6206896551724138,-0.28448275862068967,-0.5086206896551724,-0.43103448275862066,-0.8793103448275862,-0.6637931034482759,-0.646551724137931,-0.6379310344827587,-0.46551724137931033,-0.5431034482758621,-0.3879310344827586
3,0.0,0.0,-0.21904761904761905,-0.3142857142857143,-0.23809523809523808,-0.6476190476190476,-0.08571428571428572,-0.8285714285714286,0.09523809523809523,-0.8571428571428571,-0.3904761904761905,-0.9428571428571428,-0.01904761904761905,-0.9714285714285714,0.09523809523809523,-0.7714285714285715,0.08571428571428572,-0.6,-0.1523809523809524,-1.0,0.2,-0.9523809523809523,0.26666666666666666,-0.7428571428571429,0.23809523809523808,-0.5714285714285714,0.13333333333333333,-0.9809523809523809,0.45714285714285713,-0.8952380952380953,0.5142857142857142,-0.6761904761904762,0.4857142857142857,-0.5238095238095238,0.42857142857142855,-0.9142857142857143,0.7047619047619048,-0.7714285714285715,0.7142857142857143,-0.5714285714285714,0.6571428571428571,-0.4380952380952381,0.0,0.0,0.24545454545454545,-0.2818181818181818,0.2818181818181818,-0.5909090909090909,0.14545454545454545,-0.7727272727272727,-0.045454545454545456,-0.8454545454545455,0.44545454545454544,-0.8909090909090909,0.17272727272727273,-0.8727272727272727,0.09090909090909091,-0.7,0.11818181818181818,-0.5545454545454546,0.2545454545454545,-1.0,-0.06363636363636363,-0.9363636363636364,-0.11818181818181818,-0.7545454545454545,-0.06363636363636363,-0.6181818181818182,0.00909090909090909,-0.990909090909091,-0.35454545454545455,-0.9,-0.38181818181818183,-0.6818181818181818,-0.2909090909090909,-0.5636363636363636,-0.2545454545454545,-0.9363636363636364,-0.6090909090909091,-0.7909090909090909,-0.6090909090909091,-0.5909090909090909,-0.5,-0.5
3,0.0,0.0,-0.11504424778761062,-0.3185840707964602,-0.11504424778761062,-0.6548672566371682,0.04424778761061947,-0.8230088495575221,0.25663716814159293,-0.8672566371681416,-0.3274336283185841,-0.9469026548672567,0.017699115044247787,-0.9469026548672567,0.11504424778761062,-0.7522123893805309,0.061946902654867256,-0.6017699115044248,-0.13274336283185842,-1.0,0.21238938053097345,-0.9469026548672567,0.2831858407079646,-0.7522123893805309,0.24778761061946902,-0.5929203539823009,0.12389380530973451,-0.9823008849557522,0.46017699115044247,-0.9026548672566371,0.5221238938053098,-0.6902654867256637,0.48672566371681414,-0.5486725663716814,0.415929203539823,-0.9203539823008849,0.6991150442477876,-0.8053097345132744,0.7168141592920354,-0.6106194690265486,0.672566371681416,-0.49557522123893805,0.0,0.0,0.24778761061946902,-0.26548672566371684,0.2831858407079646,-0.5575221238938053,0.1592920353982301,-0.7256637168141593,0.0,-0.8141592920353983,0.4336283185840708,-0.8672566371681416,0.168141592920354,-0.8495575221238938,0.08849557522123894,-0.672566371681416,0.11504424778761062,-0.5221238938053098,0.24778761061946902,-0.9911504424778761,-0.061946902654867256,-0.9292035398230089,-0.13274336283185842,-0.7433628318584071,-0.08849557522123894,-0.584070796460177,0.008849557522123894,-1.0,-0.35398230088495575,-0.9026548672566371,-0.415929203539823,-0.672566371681416,-0.336283185840708,-0.5398230088495575,-0.25663716814159293,-0.9380530973451328,-0.6017699115044248,-0.7964601769911505,-0.6194690265486725,-0.5929203539823009,-0.5221238938053098,-0.48672566371681414
3,0.0,0.0,-0.11864406779661017,-0.3389830508474576,-0.11016949152542373,-0.652542372881356,0.0423728813559322,-0.8050847457627118,0.2288135593220339,-0.8389830508474576,-0.3305084745762712,-0.923728813559322,0.0423728813559322,-0.940677966101695,0.09322033898305085,-0.7457627118644068,0.01694915254237288,-0.6186440677966102,-0.1440677966101695,-1.0,0.22033898305084745,-0.9576271186440678,0.2542372881355932,-0.7627118644067796,0.1864406779661017,-0.6271186440677966,0.1016949152542373,-1.0,0.4661016949152542,-0.9152542372881356,0.4915254237288136,-0.6949152542372882,0.4152542372881356,-0.5847457627118644,0.3898305084745763,-0.9322033898305084,0.6949152542372882,-0.788135593220339,0.6694915254237288,-0.6016949152542372,0.576271186440678,-0.5084745762711864,0.0,0.0,0.2543859649122807,-0.2982456140350877,0.2807017543859649,-0.5701754385964912,0.15789473684210525,-0.7280701754385965,0.008771929824561403,-0.8157894736842105,0.4473684210526316,-0.8596491228070176,0.19298245614035087,-0.8508771929824561,0.09649122807017543,-0.6754385964912281,0.12280701754385964,-0.5263157894736842,0.2631578947368421,-0.9912280701754386,-0.03508771929824561,-0.9210526315789473,-0.10526315789473684,-0.7368421052631579,-0.06140350877192982,-0.5877192982456141,0.02631578947368421,-1.0,-0.3333333333333333,-0.8859649122807017,-0.39473684210526316,-0.6666666666666666,-0.3333333333333333,-0.5350877192982456,-0.23684210526315788,-0.956140350877193,-0.5789473684210527,-0.8070175438596491,-0.6052631578947368,-0.6052631578947368,-0.5175438596491229,-0.49122807017543857
3,0.0,0.0,-0.11016949152542373,-0.3305084745762712,-0.11016949152542373,-0.652542372881356,0.025423728813559324,-0.788135593220339,0.19491525423728814,-0.8135593220338984,-0.3050847457627119,-0.940677966101695,0.00847457627118644,-0.9067796610169492,0.059322033898305086,-0.7372881355932204,-0.00847457627118644,-0.635593220338983,-0.11016949152542373,-1.0,0.19491525423728814,-0.9322033898305084,0.2288135593220339,-0.7542372881355932,0.16101694915254236,-0.635593220338983,0.1271186440677966,-0.9830508474576272,0.423728813559322,-0.8898305084745762,0.4491525423728814,-0.6779661016949152,0.3813559322033898,-0.576271186440678,0.3983050847457627,-0.9067796610169492,0.652542372881356,-0.7627118644067796,0.6271186440677966,-0.5677966101694916,0.5338983050847458,-0.4830508474576271,0.0,0.0,0.2543859649122807,-0.30701754385964913,0.2894736842105263,-0.5789473684210527,0.17543859649122806,-0.7368421052631579,0.02631578947368421,-0.8333333333333334,0.4473684210526316,-0.868421052631579,0.21052631578947367,-0.8508771929824561,0.13157894736842105,-0.6929824561403509,0.14912280701754385,-0.5526315789473685,0.2631578947368421,-0.9912280701754386,0.0,-0.9210526315789473,-0.07017543859649122,-0.7368421052631579,-0.02631578947368421,-0.5964912280701754,0.03508771929824561,-1.0,-0.2982456140350877,-0.9035087719298246,-0.3508771929824561,-0.6842105263157895,-0.2719298245614035,-0.5614035087719298,-0.23684210526315788,-0.956140350877193,-0.5526315789473685,-0.8157894736842105,-0.5789473684210527,-0.6140350877192983,-0.49122807017543857,-0.5087719298245614
3,0.0,0.0,-0.11764705882352941,-0.33613445378151263,-0.11764705882352941,-0.6554621848739496,0.025210084033613446,-0.7983193277310925,0.20168067226890757,-0.8319327731092437,-0.3277310924369748,-0.9327731092436975,0.0,-0.9243697478991597,0.04201680672268908,-0.7478991596638656,-0.04201680672268908,-0.6470588235294118,-0.13445378151260504,-1.0,0.18487394957983194,-0.957983193277311,0.2184873949579832,-0.7815126050420168,0.14285714285714285,-0.6554621848739496,0.11764705882352941,-0.9915966386554622,0.42016806722689076,-0.9327731092436975,0.44537815126050423,-0.7142857142857143,0.37815126050420167,-0.6050420168067226,0.3949579831932773,-0.9243697478991597,0.6554621848739496,-0.8067226890756303,0.6386554621848739,-0.6134453781512605,0.5462184873949579,-0.5126050420168067,0.0,0.0,0.2543859649122807,-0.30701754385964913,0.2894736842105263,-0.5789473684210527,0.18421052631578946,-0.7368421052631579,0.02631578947368421,-0.8245614035087719,0.45614035087719296,-0.868421052631579,0.21052631578947367,-0.8596491228070176,0.12280701754385964,-0.7017543859649122,0.14035087719298245,-0.5526315789473685,0.2719298245614035,-0.9912280701754386,-0.008771929824561403,-0.9298245614035088,-0.07894736842105263,-0.7456140350877193,-0.043859649122807015,-0.5964912280701754,0.03508771929824561,-1.0,-0.3157894736842105,-0.9035087719298246,-0.3684210526315789,-0.6754385964912281,-0.2982456140350877,-0.543859649122807,-0.22807017543859648,-0.956140350877193,-0.5701754385964912,-0.8245614035087719,-0.5877192982456141,-0.6228070175438597,-0.5,-0.5087719298245614
3,0.0,0.0,-0.11666666666666667,-0.325,-0.10833333333333334,-0.6333333333333333,0.025,-0.7833333333333333,0.18333333333333332,-0.8416666666666667,-0.325,-0.9166666666666666,-0.008333333333333333,-0.9166666666666666,0.05,-0.7333333333333333,-0.008333333333333333,-0.6083333333333333,-0.14166666666666666,-1.0,0.175,-0.9416666666666667,0.2,-0.7583333333333333,0.14166666666666666,-0.6166666666666667,0.09166666666666666,-1.0,0.4166666666666667,-0.9,0.44166666666666665,-0.675,0.375,-0.5583333333333333,0.36666666666666664,-0.95,0.6583333333333333,-0.775,0.6333333333333333,-0.575,0.5333333333333333,-0.475,0.0,0.0,0.22413793103448276,-0.3017241379310345,0.2413793103448276,-0.5603448275862069,0.12931034482758622,-0.7155172413793104,-0.017241379310344827,-0.8103448275862069,0.4051724137931034,-0.8620689655172413,0.1724137931034483,-0.8362068965517241,0.06896551724137931,-0.6810344827586207,0.08620689655172414,-0.5344827586206896,0.23275862068965517,-0.9827586206896551,-0.05172413793103448,-0.9137931034482759,-0.12931034482758622,-0.7327586206896551,-0.09482758620689655,-0.5775862068965517,0.0,-1.0,-0.35344827586206895,-0.8793103448275862,-0.41379310344827586,-0.6551724137931034,-0.3448275862068966,-0.5172413793103449,-0.25862068965517243,-0.9482758620689655,-0.5948275862068966,-0.7844827586206896,-0.6120689655172413,-0.5862068965517241,-0.5258620689655172,-0.47413793103448276
3,0.0,0.0,-0.10743801652892562,-0.3305785123966942,-0.09917355371900827,-0.6446280991735537,0.03305785123966942,-0.7933884297520661,0.18181818181818182,-0.8429752066115702,-0.32231404958677684,-0.9256198347107438,-0.008264462809917356,-0.9008264462809917,0.04132231404958678,-0.71900826446281,-0.03305785123966942,-0.6198347107438017,-0.14049586776859505,-1.0,0.18181818181818182,-0.9256198347107438,0.19008264462809918,-0.7520661157024794,0.12396694214876033,-0.6363636363636364,0.09917355371900827,-1.0,0.4214876033057851,-0.8760330578512396,0.4297520661157025,-0.6694214876033058,0.35537190082644626,-0.5785123966942148,0.38016528925619836,-0.9338842975206612,0.6694214876033058,-0.7520661157024794,0.628099173553719,-0.5619834710743802,0.512396694214876,-0.4793388429752066,0.0,0.0,0.23478260869565218,-0.30434782608695654,0.25217391304347825,-0.5739130434782609,0.1391304347826087,-0.7217391304347827,-0.017391304347826087,-0.808695652173913,0.4260869565217391,-0.8608695652173913,0.17391304347826086,-0.8347826086956521,0.10434782608695652,-0.6782608695652174,0.12173913043478261,-0.5304347826086957,0.24347826086956523,-0.9826086956521739,-0.05217391304347826,-0.9130434782608695,-0.11304347826086956,-0.7304347826086957,-0.06086956521739131,-0.5826086956521739,0.008695652173913044,-1.0,-0.3391304347826087,-0.8869565217391304,-0.391304347826087,-0.6608695652173913,-0.3130434782608696,-0.5304347826086957,-0.2608695652173913,-0.9478260869565217,-0.591304347826087,-0.7913043478260869,-0.6,-0.591304347826087,-0.5043478260869565,-0.4956521739130435
3,0.0,0.0,-0.09917355371900827,-0.3305785123966942,-0.09090909090909091,-0.6446280991735537,0.03305785123966942,-0.7933884297520661,0.18181818181818182,-0.8512396694214877,-0.3140495867768595,-0.9256198347107438,-0.008264462809917356,-0.9173553719008265,0.04132231404958678,-0.7355371900826446,-0.01652892561983471,-0.628099173553719,-0.1322314049586777,-1.0,0.17355371900826447,-0.9421487603305785,0.19834710743801653,-0.7603305785123967,0.14049586776859505,-0.6446280991735537,0.09917355371900827,-1.0,0.4132231404958678,-0.8925619834710744,0.4297520661157025,-0.6776859504132231,0.36363636363636365,-0.5867768595041323,0.38016528925619836,-0.9338842975206612,0.6611570247933884,-0.768595041322314,0.6198347107438017,-0.5785123966942148,0.5206611570247934,-0.49586776859504134,0.0,0.0,0.22608695652173913,-0.2956521739130435,0.24347826086956523,-0.5565217391304348,0.13043478260869565,-0.7043478260869566,-0.008695652173913044,-0.808695652173913,0.40869565217391307,-0.8608695652173913,0.17391304347826086,-0.8434782608695652,0.0782608695652174,-0.6869565217391305,0.09565217391304348,-0.5478260869565217,0.22608695652173913,-0.9826086956521739,-0.05217391304347826,-0.9130434782608695,-0.12173913043478261,-0.7304347826086957,-0.08695652173913043,-0.5826086956521739,-0.008695652173913044,-1.0,-0.34782608695652173,-0.8782608695652174,-0.40869565217391307,-0.6521739130434783,-0.3391304347826087,-0.5217391304347826,-0.26956521739130435,-0.9478260869565217,-0.6,-0.7913043478260869,-0.6173913043478261,-0.591304347826087,-0.5304347826086957,-0.4782608695652174
3,0.0,0.0,-0.09917355371900827,-0.34710743801652894,-0.09090909090909091,-0.6611570247933884,0.04132231404958678,-0.8016528925619835,0.19834710743801653,-0.859504132231405,-0.30578512396694213,-0.9090909090909091,0.008264462809917356,-0.9173553719008265,0.05785123966942149,-0.7355371900826446,-0.008264462809917356,-0.6115702479338843,-0.14049586776859505,-0.9834710743801653,0.18181818181818182,-0.9421487603305785,0.2066115702479339,-0.7603305785123967,0.14049586776859505,-0.6363636363636364,0.08264462809917356,-1.0,0.4214876033057851,-0.8925619834710744,0.4380165289256198,-0.6776859504132231,0.36363636363636365,-0.5785123966942148,0.35537190082644626,-0.9504132231404959,0.6611570247933884,-0.7768595041322314,0.6198347107438017,-0.5867768595041323,0.5041322314049587,-0.5041322314049587,0.0,0.0,0.24561403508771928,-0.2807017543859649,0.2719298245614035,-0.5526315789473685,0.16666666666666666,-0.7105263157894737,0.017543859649122806,-0.8070175438596491,0.41228070175438597,-0.8771929824561403,0.19298245614035087,-0.8333333333333334,0.11403508771929824,-0.6842105263157895,0.13157894736842105,-0.543859649122807,0.22807017543859648,-0.9912280701754386,-0.043859649122807015,-0.9035087719298246,-0.10526315789473684,-0.7280701754385965,-0.06140350877192982,-0.5789473684210527,-0.017543859649122806,-1.0,-0.34210526315789475,-0.8771929824561403,-0.37719298245614036,-0.6578947368421053,-0.30701754385964913,-0.5263157894736842,-0.2807017543859649,-0.9385964912280702,-0.6052631578947368,-0.7719298245614035,-0.6052631578947368,-0.5877192982456141,-0.5087719298245614,-0.4824561403508772
3,0.0,0.0,-0.3923076923076923,-0.15384615384615385,-0.5461538461538461,-0.49230769230769234,-0.5307692307692308,-0.7692307692307693,-0.45384615384615384,-0.8846153846153846,-0.24615384615384617,-0.8384615384615385,-0.2846153846153846,-1.0,-0.33076923076923076,-0.8769230769230769,-0.3230769230769231,-0.7461538461538462,0.007692307692307693,-0.8153846153846154,-0.07692307692307693,-0.9153846153846154,-0.13076923076923078,-0.8153846153846154,-0.12307692307692308,-0.6923076923076923,0.2076923076923077,-0.7230769230769231,0.1076923076923077,-0.8,0.046153846153846156,-0.7230769230769231,0.038461538461538464,-0.6076923076923076,0.34615384615384615,-0.6153846153846154,0.24615384615384617,-0.6538461538461539,0.2,-0.5846153846153846,0.2076923076923077,-0.5,0.0,0.0,0.5416666666666666,-0.17708333333333334,0.6979166666666666,-0.46875,0.625,-0.65625,0.4479166666666667,-0.6979166666666666,0.23958333333333334,-0.9375,0.40625,-0.9270833333333334,0.4583333333333333,-0.7291666666666666,0.4375,-0.5729166666666666,-0.020833333333333332,-1.0,0.19791666666666666,-0.9270833333333334,0.25,-0.7291666666666666,0.2604166666666667,-0.5833333333333334,-0.21875,-0.9479166666666666,0.041666666666666664,-0.9166666666666666,0.15625,-0.7291666666666666,0.17708333333333334,-0.5833333333333334,-0.34375,-0.84375,-0.09375,-0.875,-0.010416666666666666,-0.7291666666666666,-0.010416666666666666,-0.59375
3,0.0,0.0,0.4594594594594595,-0.25225225225225223,0.6216216216216216,-0.6036036036036037,0.5315315315315315,-0.7477477477477478,0.34234234234234234,-0.6756756756756757,0.09009009009009009,-1.0,0.3783783783783784,-0.9369369369369369,0.38738738738738737,-0.7747747747747747,0.3153153153153153,-0.6756756756756757,-0.08108108108108109,-0.918918918918919,0.24324324324324326,-0.8828828828828829,0.2972972972972973,-0.7297297297297297,0.25225225225225223,-0.5765765765765766,-0.17117117117117117,-0.7747747747747747,0.14414414414414414,-0.7477477477477478,0.21621621621621623,-0.6216216216216216,0.1891891891891892,-0.5135135135135135,-0.2072072072072072,-0.6036036036036037,0.04504504504504504,-0.6036036036036037,0.10810810810810811,-0.5135135135135135,0.0990990990990991,-0.44144144144144143,0.0,0.0,0.0,0.0,0.0,0.0,0.0,0.0,0.0,0.0,0.0,0.0,0.0,0.0,0.0,0.0,0.0,0.0,0.0,0.0,0.0,0.0,0.0,0.0,0.0,0.0,0.0,0.0,0.0,0.0,0.0,0.0,0.0,0.0,0.0,0.0,0.0,0.0,0.0,0.0,0.0,0.0
3,0.0,0.0,0.5,-0.1810344827586207,0.6724137931034483,-0.5258620689655172,0.5517241379310345,-0.7327586206896551,0.35344827586206895,-0.6896551724137931,0.2413793103448276,-1.0,0.47413793103448276,-0.9396551724137931,0.5,-0.7758620689655172,0.4396551724137931,-0.6982758620689655,-0.008620689655172414,-0.9482758620689655,0.25862068965517243,-0.896551724137931,0.31896551724137934,-0.7586206896551724,0.27586206896551724,-0.646551724137931,-0.15517241379310345,-0.8189655172413793,0.09482758620689655,-0.8017241379310345,0.1810344827586207,-0.6896551724137931,0.15517241379310345,-0.5862068965517241,-0.23275862068965517,-0.6551724137931034,-0.02586206896551724,-0.6810344827586207,0.05172413793103448,-0.5948275862068966,0.034482758620689655,-0.5,0.0,0.0,0.0,0.0,0.0,0.0,0.0,0.0,0.0,0.0,0.0,0.0,0.0,0.0,0.0,0.0,0.0,0.0,0.0,0.0,0.0,0.0,0.0,0.0,0.0,0.0,0.0,0.0,0.0,0.0,0.0,0.0,0.0,0.0,0.0,0.0,0.0,0.0,0.0,0.0,0.0,0.0
3,0.0,0.0,-0.3404255319148936,-0.2198581560283688,-0.5319148936170213,-0.5035460992907801,-0.5602836879432624,-0.7588652482269503,-0.49645390070921985,-0.8936170212765957,-0.2624113475177305,-0.8439716312056738,-0.3546099290780142,-1.0,-0.40425531914893614,-0.8723404255319149,-0.3900709219858156,-0.7446808510638298,-0.03546099290780142,-0.8368794326241135,-0.18439716312056736,-0.9290780141843972,-0.22695035460992907,-0.8156028368794326,-0.2127659574468085,-0.7021276595744681,0.1276595744680851,-0.75177304964539,-0.028368794326241134,-0.8226950354609929,-0.07801418439716312,-0.7375886524822695,-0.07092198581560284,-0.624113475177305,0.24822695035460993,-0.6524822695035462,0.09219858156028368,-0.723404255319149,0.04964539007092199,-0.6524822695035462,0.06382978723404255,-0.5602836879432624,0.0,0.0,0.48717948717948717,-0.1794871794871795,0.6581196581196581,-0.5042735042735043,0.5384615384615384,-0.717948717948718,0.3418803418803419,-0.717948717948718,0.26495726495726496,-1.0,0.4700854700854701,-0.9230769230769231,0.48717948717948717,-0.7435897435897436,0.4358974358974359,-0.6581196581196581,-0.017094017094017096,-0.9658119658119658,0.23076923076923078,-0.8888888888888888,0.28205128205128205,-0.7350427350427351,0.23931623931623933,-0.6324786324786325,-0.19658119658119658,-0.8290598290598291,0.02564102564102564,-0.8034188034188035,0.10256410256410256,-0.6752136752136753,0.06837606837606838,-0.5641025641025641,-0.3247863247863248,-0.6752136752136753,-0.13675213675213677,-0.7094017094017094,-0.06837606837606838,-0.6068376068376068,-0.08547008547008547,-0.5213675213675214
3,0.0,0.0,-0.3357142857142857,-0.20714285714285716,-0.5214285714285715,-0.4928571428571429,-0.5714285714285714,-0.75,-0.5142857142857142,-0.8857142857142857,-0.2571428571428571,-0.8428571428571429,-0.34285714285714286,-1.0,-0.38571428571428573,-0.8642857142857143,-0.36428571428571427,-0.7428571428571429,-0.03571428571428571,-0.8357142857142857,-0.17142857142857143,-0.9214285714285714,-0.22142857142857142,-0.8,-0.2,-0.6928571428571428,0.1357142857142857,-0.75,-0.02142857142857143,-0.8214285714285714,-0.07142857142857142,-0.7285714285714285,-0.05714285714285714,-0.6142857142857143,0.25,-0.6571428571428571,0.1,-0.7214285714285714,0.06428571428571428,-0.65,0.07857142857142857,-0.55,0.0,0.0,0.5,-0.19491525423728814,0.6610169491525424,-0.5084745762711864,0.5254237288135594,-0.7203389830508474,0.3220338983050847,-0.7203389830508474,0.2627118644067797,-1.0,0.4661016949152542,-0.923728813559322,0.4830508474576271,-0.7542372881355932,0.423728813559322,-0.6694915254237288,-0.01694915254237288,-0.9576271186440678,0.2288135593220339,-0.8813559322033898,0.2796610169491525,-0.7288135593220338,0.2288135593220339,-0.6186440677966102,-0.19491525423728814,-0.8389830508474576,0.025423728813559324,-0.7966101694915254,0.1016949152542373,-0.6694915254237288,0.059322033898305086,-0.559322033898305,-0.3305084745762712,-0.6864406779661016,-0.13559322033898305,-0.6949152542372882,-0.059322033898305086,-0.5932203389830508,-0.07627118644067797,-0.4915254237288136
3,0.0,0.0,-0.34057971014492755,-0.2028985507246377,-0.5289855072463768,-0.4855072463768116,-0.5797101449275363,-0.7391304347826086,-0.5217391304347826,-0.8695652173913043,-0.2536231884057971,-0.855072463768116,-0.34782608695652173,-1.0,-0.39855072463768115,-0.8623188405797102,-0.37681159420289856,-0.7391304347826086,-0.021739130434782608,-0.8478260869565217,-0.18115942028985507,-0.9202898550724637,-0.2318840579710145,-0.7971014492753623,-0.2028985507246377,-0.6811594202898551,0.14492753623188406,-0.7608695652173914,-0.021739130434782608,-0.8188405797101449,-0.07246376811594203,-0.7246376811594203,-0.057971014492753624,-0.6086956521739131,0.2608695652173913,-0.6594202898550725,0.10144927536231885,-0.717391304347826,0.057971014492753624,-0.6376811594202898,0.07971014492753623,-0.5434782608695652,0.0,0.0,0.4915254237288136,-0.2033898305084746,0.652542372881356,-0.5254237288135594,0.5084745762711864,-0.7288135593220338,0.288135593220339,-0.7203389830508474,0.2457627118644068,-1.0,0.4576271186440678,-0.9152542372881356,0.4661016949152542,-0.7372881355932204,0.4067796610169492,-0.6610169491525424,-0.03389830508474576,-0.9576271186440678,0.211864406779661,-0.8813559322033898,0.2711864406779661,-0.7288135593220338,0.211864406779661,-0.6186440677966102,-0.211864406779661,-0.8389830508474576,0.01694915254237288,-0.8050847457627118,0.09322033898305085,-0.6779661016949152,0.05084745762711865,-0.559322033898305,-0.3389830508474576,-0.6864406779661016,-0.1440677966101695,-0.7033898305084746,-0.06779661016949153,-0.6016949152542372,-0.0847457627118644,-0.5084745762711864
3,0.0,0.0,-0.34558823529411764,-0.20588235294117646,-0.5294117647058824,-0.49264705882352944,-0.5735294117647058,-0.75,-0.5073529411764706,-0.875,-0.25735294117647056,-0.875,-0.35294117647058826,-1.0,-0.39705882352941174,-0.8676470588235294,-0.375,-0.75,-0.022058823529411766,-0.8602941176470589,-0.17647058823529413,-0.9191176470588235,-0.22794117647058823,-0.7941176470588235,-0.20588235294117646,-0.6838235294117647,0.14705882352941177,-0.7647058823529411,-0.014705882352941176,-0.8088235294117647,-0.0661764705882353,-0.7132352941176471,-0.058823529411764705,-0.6029411764705882,0.2647058823529412,-0.6544117647058824,0.11029411764705882,-0.6985294117647058,0.0661764705882353,-0.625,0.08088235294117647,-0.5294117647058824,0.0,0.0,0.5042735042735043,-0.19658119658119658,0.6666666666666666,-0.5213675213675214,0.5299145299145299,-0.7350427350427351,0.3162393162393162,-0.7264957264957265,0.2564102564102564,-1.0,0.4700854700854701,-0.9230769230769231,0.48717948717948717,-0.7435897435897436,0.42735042735042733,-0.6666666666666666,-0.017094017094017096,-0.9658119658119658,0.23076923076923078,-0.8888888888888888,0.28205128205128205,-0.7350427350427351,0.23076923076923078,-0.6239316239316239,-0.20512820512820512,-0.8376068376068376,0.02564102564102564,-0.8034188034188035,0.10256410256410256,-0.6752136752136753,0.06837606837606838,-0.5555555555555556,-0.3333333333333333,-0.6923076923076923,-0.1452991452991453,-0.7008547008547008,-0.06837606837606838,-0.5982905982905983,-0.07692307692307693,-0.5042735042735043
3,0.0,0.0,-0.362962962962963,-0.1925925925925926,-0.562962962962963,-0.4962962962962963,-0.6074074074074074,-0.7703703703703704,-0.5333333333333333,-0.9037037037037037,-0.25925925925925924,-0.8888888888888888,-0.37777777777777777,-1.0,-0.4222222222222222,-0.8518518518518519,-0.3925925925925926,-0.7185185185185186,-0.022222222222222223,-0.8666666666666667,-0.2,-0.9185185185185185,-0.25925925925925924,-0.7925925925925926,-0.22962962962962963,-0.674074074074074,0.14814814814814814,-0.7703703703703704,-0.02962962962962963,-0.8222222222222222,-0.08888888888888889,-0.725925925925926,-0.07407407407407407,-0.6,0.25925925925925924,-0.6592592592592592,0.08888888888888889,-0.7037037037037037,0.037037037037037035,-0.6222222222222222,0.05925925925925926,-0.5185185185185185,0.0,0.0,0.4745762711864407,-0.1864406779661017,0.6694915254237288,-0.5084745762711864,0.559322033898305,-0.7542372881355932,0.3559322033898305,-0.7542372881355932,0.23728813559322035,-1.0,0.4576271186440678,-0.9322033898305084,0.4830508474576271,-0.7627118644067796,0.4322033898305085,-0.6779661016949152,-0.025423728813559324,-0.9576271186440678,0.23728813559322035,-0.8898305084745762,0.2966101694915254,-0.7372881355932204,0.2457627118644068,-0.6186440677966102,-0.2033898305084746,-0.8305084745762712,0.05084745762711865,-0.7966101694915254,0.11864406779661017,-0.6779661016949152,0.0847457627118644,-0.5677966101694916,-0.3220338983050847,-0.6694915254237288,-0.11016949152542373,-0.6864406779661016,-0.03389830508474576,-0.5932203389830508,-0.059322033898305086,-0.4915254237288136
3,0.0,0.0,-0.375,-0.19852941176470587,-0.5661764705882353,-0.5147058823529411,-0.5955882352941176,-0.7867647058823529,-0.5147058823529411,-0.8970588235294118,-0.2426470588235294,-0.875,-0.375,-1.0,-0.4485294117647059,-0.8529411764705882,-0.4264705882352941,-0.7426470588235294,-0.014705882352941176,-0.8602941176470589,-0.21323529411764705,-0.9338235294117647,-0.27941176470588236,-0.8088235294117647,-0.25735294117647056,-0.6985294117647058,0.15441176470588236,-0.7647058823529411,-0.04411764705882353,-0.8382352941176471,-0.11764705882352941,-0.7426470588235294,-0.10294117647058823,-0.6176470588235294,0.2647058823529412,-0.6617647058823529,0.07352941176470588,-0.7205882352941176,0.022058823529411766,-0.6323529411764706,0.04411764705882353,-0.5294117647058824,0.0,0.0,0.4915254237288136,-0.19491525423728814,0.6694915254237288,-0.5169491525423728,0.559322033898305,-0.7457627118644068,0.3559322033898305,-0.7457627118644068,0.2542372881355932,-1.0,0.4830508474576271,-0.9576271186440678,0.5,-0.7796610169491526,0.4406779661016949,-0.6949152542372882,-0.00847457627118644,-0.9745762711864406,0.2542372881355932,-0.9152542372881356,0.3135593220338983,-0.7542372881355932,0.2627118644067797,-0.635593220338983,-0.17796610169491525,-0.847457627118644,0.06779661016949153,-0.8220338983050848,0.13559322033898305,-0.6949152542372882,0.11016949152542373,-0.5677966101694916,-0.2966101694915254,-0.6949152542372882,-0.0847457627118644,-0.711864406779661,-0.00847457627118644,-0.6101694915254238,-0.025423728813559324,-0.5
3,0.0,0.0,-0.38235294117647056,-0.18382352941176472,-0.5882352941176471,-0.5073529411764706,-0.6102941176470589,-0.7867647058823529,-0.5220588235294118,-0.875,-0.25,-0.8602941176470589,-0.3897058823529412,-1.0,-0.4632352941176471,-0.8529411764705882,-0.4411764705882353,-0.7352941176470589,-0.029411764705882353,-0.8455882352941176,-0.22794117647058823,-0.9338235294117647,-0.3014705882352941,-0.8088235294117647,-0.27205882352941174,-0.6985294117647058,0.13970588235294118,-0.7573529411764706,-0.0661764705882353,-0.8455882352941176,-0.1323529411764706,-0.7426470588235294,-0.11764705882352941,-0.625,0.25,-0.6544117647058824,0.058823529411764705,-0.7205882352941176,0.0,-0.6397058823529411,0.029411764705882353,-0.5367647058823529,0.0,0.0,0.4789915966386555,-0.18487394957983194,0.680672268907563,-0.5042016806722689,0.5966386554621849,-0.7478991596638656,0.4117647058823529,-0.773109243697479,0.24369747899159663,-1.0,0.4957983193277311,-0.9411764705882353,0.5210084033613446,-0.773109243697479,0.47058823529411764,-0.680672268907563,-0.01680672268907563,-0.957983193277311,0.2773109243697479,-0.8991596638655462,0.33613445378151263,-0.7394957983193278,0.29411764705882354,-0.6218487394957983,-0.16806722689075632,-0.8235294117647058,0.10084033613445378,-0.8067226890756303,0.16806722689075632,-0.680672268907563,0.13445378151260504,-0.5546218487394958,-0.2773109243697479,-0.6722689075630253,-0.05042016806722689,-0.6890756302521008,0.025210084033613446,-0.5882352941176471,0.008403361344537815,-0.48739495798319327
3,0.0,0.0,-0.375,-0.19117647058823528,-0.5808823529411765,-0.5073529411764706,-0.6102941176470589,-0.7867647058823529,-0.5073529411764706,-0.875,-0.25,-0.8676470588235294,-0.40441176470588236,-1.0,-0.45588235294117646,-0.8455882352941176,-0.41911764705882354,-0.7352941176470589,-0.022058823529411766,-0.8529411764705882,-0.23529411764705882,-0.9411764705882353,-0.3014705882352941,-0.8161764705882353,-0.2647058823529412,-0.7058823529411765,0.13970588235294118,-0.7573529411764706,-0.0661764705882353,-0.8455882352941176,-0.1323529411764706,-0.75,-0.11029411764705882,-0.625,0.25,-0.6544117647058824,0.0661764705882353,-0.7279411764705882,0.014705882352941176,-0.6397058823529411,0.04411764705882353,-0.5441176470588235,0.0,0.0,0.49166666666666664,-0.19166666666666668,0.675,-0.525,0.575,-0.7666666666666667,0.375,-0.75,0.25833333333333336,-1.0,0.49166666666666664,-0.9583333333333334,0.5166666666666667,-0.7916666666666666,0.4666666666666667,-0.7083333333333334,-0.008333333333333333,-0.9583333333333334,0.2833333333333333,-0.9,0.3416666666666667,-0.7416666666666667,0.3,-0.625,-0.15833333333333333,-0.8333333333333334,0.11666666666666667,-0.8083333333333333,0.18333333333333332,-0.6833333333333333,0.15833333333333333,-0.5583333333333333,-0.25833333333333336,-0.6916666666666667,-0.025,-0.7083333333333334,0.041666666666666664,-0.6083333333333333,0.025,-0.5
